scenario,site,year,crop,g,y,e,y_static,e_static,g_static,y_open,e_pv
baseline,0,2015,2,0.3481497,13.087668,797.542,13.141835,475.93326,0.15,13.972484,1213.9353
baseline,0,2016,2,0.4051466,13.9393015,925.2705,14.016453,482.22372,0.15,16.842848,1228.6174
baseline,0,2017,2,0.38419154,14.273548,831.83405,14.157667,478.9352,0.15,14.614227,1221.5259
baseline,0,2018,2,0.33650672,14.440072,740.1099,14.059306,459.61676,0.15,16.351284,1175.7528
baseline,0,2019,2,0.41303432,10.958837,923.3432,11.196266,463.7322,0.15,11.516261,1186.1285
baseline,1,2015,2,0.5815671,6.454402,1679.4327,7.4957485,497.4256,0.15,8.89736,1300.5472
baseline,1,2016,2,0.4972028,7.108337,1470.1969,7.7132716,509.31586,0.15,8.809871,1329.8086
baseline,1,2017,2,0.46945986,6.842865,1380.8887,7.3869824,503.05386,0.15,8.15228,1314.1212
baseline,1,2018,2,0.43409616,7.273633,1298.7881,7.6465425,516.73364,0.15,9.297543,1347.0463
baseline,1,2019,2,0.26380062,7.1981525,800.0648,6.945086,512.90204,0.15,8.4167185,1336.8444
baseline,2,2015,2,0.58809346,0.2976296,2313.4795,0.25470302,723.88513,0.15,0.23433016,1829.8751
baseline,2,2016,2,0.5312064,6.8863792,1863.6545,6.238572,695.3119,0.15,5.5983715,1760.2601
baseline,2,2017,2,0.56015944,2.5599718,2075.0042,2.1581006,723.31335,0.15,1.6181293,1828.9554
baseline,2,2018,2,0.5872066,1.0212246,2348.2935,1.0191329,748.9274,0.15,1.0144656,1888.411
baseline,2,2019,2,0.563498,4.7876787,2055.1807,4.4781113,717.4343,0.15,4.2113633,1813.662
baseline,3,2015,2,0.24299017,13.4303,554.28064,13.16601,478.64597,0.15,14.083578,1226.2273
baseline,3,2016,2,0.31012416,15.214318,742.27045,14.407137,514.2559,0.15,15.319078,1313.0863
baseline,3,2017,2,0.41531324,4.9246993,1073.4911,4.0369825,519.835,0.15,3.307815,1327.3038
baseline,3,2018,2,0.39410025,11.914824,1004.9364,10.9297085,518.7757,0.15,10.758437,1325.1433
baseline,3,2019,2,0.47284073,6.7049074,1242.8141,6.465603,545.227,0.15,6.0734425,1386.3297
baseline,4,2015,2,0.47891584,8.106648,1192.6179,7.7425594,502.3767,0.15,7.4325247,1269.9507
baseline,4,2016,2,0.5032633,3.9953399,1307.5511,3.2574592,513.74615,0.15,2.9229686,1296.889
baseline,4,2017,2,0.49734554,2.9722967,1320.5978,2.3348517,514.98004,0.15,2.0472567,1302.0837
baseline,4,2018,2,0.41874602,7.8035946,1011.9183,7.784872,486.16617,0.15,8.151864,1232.6096
baseline,4,2019,2,0.3764215,0.008217559,868.6044,0.007950012,490.53104,0.15,0.008334364,1245.5227
baseline,5,2015,2,0.5782616,3.1345663,1404.4229,2.7993364,464.9408,0.15,2.747941,1178.46
baseline,5,2016,2,0.5412087,5.032006,1256.1005,4.97739,459.54596,0.15,4.3416185,1166.3995
baseline,5,2017,2,0.57792354,4.329224,1350.4059,2.981381,462.4705,0.15,2.3104005,1172.2365
baseline,5,2018,2,0.58541197,0.5944415,1484.3955,0.33988065,476.31778,0.15,0.24983643,1205.0658
baseline,5,2019,2,0.56587744,3.2685013,1422.9917,2.1722834,497.5104,0.15,1.7878026,1255.0082
baseline,6,2015,2,0.46473485,10.577091,1436.8956,10.330508,590.3207,0.15,11.617777,1484.0985
baseline,6,2016,2,0.4868225,9.875091,1523.3148,9.509069,591.5647,0.15,10.804502,1489.1796
baseline,6,2017,2,0.5060749,8.267298,1630.047,8.154449,594.26575,0.15,9.224961,1498.812
baseline,6,2018,2,0.4021053,12.740189,1215.6016,12.1342,580.4065,0.15,13.69499,1464.4294
baseline,6,2019,2,0.39565164,11.329131,1237.4003,10.611733,593.033,0.15,12.300187,1493.863
baseline,7,2015,2,0.37231416,10.814421,1028.8772,10.210542,528.17365,0.15,12.173141,1332.6395
baseline,7,2016,2,0.37885138,11.401496,1077.1691,10.701826,541.4928,0.15,12.934883,1365.4048
baseline,7,2017,2,0.3575627,9.703632,1098.4031,9.155925,548.07635,0.15,10.882111,1383.116
baseline,7,2018,2,0.26502642,8.525692,684.93994,7.7553167,514.22797,0.15,9.303425,1302.1063
baseline,7,2019,2,0.23302105,0.04776748,598.6949,0.04239269,539.3084,0.15,0.05250976,1362.104
baseline,8,2015,2,0.38144293,9.887189,1266.3373,9.516362,600.84564,0.15,11.212389,1516.1956
baseline,8,2016,2,0.431169,11.280541,1394.9092,10.945158,608.3078,0.15,13.169195,1539.947
baseline,8,2017,2,0.49309623,10.19596,1627.2484,10.22613,619.74646,0.15,12.064228,1565.0443
baseline,8,2018,2,0.3715285,10.702016,1197.1727,10.41678,587.5601,0.15,12.484713,1488.039
baseline,8,2019,2,0.3917407,9.708843,1229.7207,9.406419,567.91,0.15,11.146145,1442.5736
baseline,9,2015,2,0.50636595,6.2099094,1053.2023,5.3603716,421.52072,0.15,4.7653713,1074.5521
baseline,9,2016,2,0.4271449,8.581776,889.9428,8.607061,430.6075,0.15,8.848047,1095.5739
baseline,9,2017,2,0.49654287,6.2832747,1047.7274,6.1010423,426.58844,0.15,5.245909,1090.3369
baseline,9,2018,2,0.45941308,8.7485695,991.2103,9.20397,440.03387,0.15,9.563196,1118.8107
baseline,9,2019,2,0.4706053,6.8828135,1049.5206,6.810991,452.50204,0.15,6.685768,1146.5123
baseline,10,2015,2,0.437459,9.048324,1041.4419,8.207212,493.00024,0.15,7.629084,1250.2493
baseline,10,2016,2,0.4430987,6.504366,1125.4729,5.90046,510.24207,0.15,5.383045,1288.8005
baseline,10,2017,2,0.43875882,3.541888,1139.2195,2.7862387,510.24008,0.15,2.3921604,1292.3749
baseline,10,2018,2,0.32339677,1.3322302,744.55835,1.26343,485.10016,0.15,1.5548434,1229.9646
baseline,10,2019,2,0.32708818,0.0025184583,750.2117,0.0023911183,485.1052,0.15,0.0029623825,1233.0944
baseline,11,2015,2,0.40359157,13.633574,1028.5914,12.474377,549.9689,0.15,12.31043,1393.0908
baseline,11,2016,2,0.4286947,7.4097686,1285.656,6.66161,593.0573,0.15,6.123037,1494.46
baseline,11,2017,2,0.5708424,2.381608,1767.2402,1.8589215,593.40546,0.15,1.5496055,1496.245
baseline,11,2018,2,0.49641672,10.954661,1404.6359,10.773968,589.0222,0.15,11.182251,1485.7115
baseline,11,2019,2,0.4909009,6.889793,1513.9081,6.213453,604.1244,0.15,5.8380713,1522.393
baseline,12,2015,2,0.45750794,8.499463,1043.2834,7.5772038,471.10605,0.15,7.035296,1194.3834
baseline,12,2016,2,0.4189187,9.790839,986.7315,8.782723,501.25797,0.15,8.717249,1264.2856
baseline,12,2017,2,0.41363686,1.0223,1028.4688,0.8867164,498.51047,0.15,0.8261986,1261.4799
baseline,12,2018,2,0.3596283,6.0123167,852.303,5.874922,477.65326,0.15,7.2161508,1210.8379
baseline,12,2019,2,0.35351798,0.0028245668,789.5235,0.0027173432,472.22998,0.15,0.0033404985,1198.4965
baseline,13,2015,2,0.57898414,0.47650608,2244.9304,0.4020918,705.19775,0.15,0.3749557,1782.7479
baseline,13,2016,2,0.522886,8.337902,1761.7136,6.998152,684.1678,0.15,6.0480285,1730.7928
baseline,13,2017,2,0.53678524,2.7364352,1922.6521,2.396014,690.0822,0.15,2.1817665,1747.4443
baseline,13,2018,2,0.5668642,1.8607335,2203.8142,1.782749,727.2374,0.15,1.7399129,1833.274
baseline,13,2019,2,0.5392323,6.7774696,1909.3344,6.6745796,690.5053,0.15,6.7666883,1745.8192
baseline,14,2015,2,0.27597228,12.020352,957.96326,11.153669,627.5443,0.15,12.392493,1609.7573
baseline,14,2016,2,0.28997132,14.189784,982.8552,13.857312,625.30725,0.15,14.986358,1603.6538
baseline,14,2017,2,0.22980824,14.470338,768.63,13.2583885,607.0452,0.15,15.481162,1558.7811
baseline,14,2018,2,0.23765568,11.796753,807.69684,10.913634,605.65186,0.15,12.424413,1556.3982
baseline,14,2019,2,0.31390285,9.260985,1055.8597,8.508231,604.78613,0.15,8.519341,1552.9829
baseline,15,2015,2,0.3582691,6.2739935,773.2478,6.1094127,451.5651,0.15,7.537051,1149.7179
baseline,15,2016,2,0.30737814,8.881241,723.6833,8.431607,478.7873,0.15,10.422002,1212.3688
baseline,15,2017,2,0.3496483,0.16002128,807.7362,0.15470593,482.32925,0.15,0.19168746,1221.6355
baseline,15,2018,2,0.33625454,7.813635,766.4338,7.890136,438.7034,0.15,8.087778,1116.8044
baseline,15,2019,2,0.2878016,0.13706234,658.2665,0.13073128,456.3438,0.15,0.16080666,1160.7571
baseline,16,2015,2,0.40609345,14.891473,1017.2146,14.861519,517.5045,0.15,16.991375,1315.2627
baseline,16,2016,2,0.56084824,12.5823345,1543.6024,10.621582,552.5302,0.15,8.939658,1399.8715
baseline,16,2017,2,0.4169409,13.703874,1081.1199,13.90561,521.823,0.15,16.576353,1324.411
baseline,16,2018,2,0.48634908,13.422946,1209.1619,13.79925,501.7331,0.15,13.159082,1279.9127
baseline,16,2019,2,0.5091039,13.927597,1262.1432,14.749973,513.1088,0.15,15.290736,1306.0569
baseline,17,2015,2,0.5632049,2.2535768,1819.1366,1.7363381,522.371,0.15,1.5338024,1363.61
baseline,17,2016,2,0.41437238,5.5187535,1364.2095,5.67592,538.6662,0.15,5.9520187,1405.124
baseline,17,2017,2,0.33935708,7.3561883,1088.7687,7.36216,534.1824,0.15,8.607423,1393.1713
baseline,17,2018,2,0.35304978,7.3957887,1138.3082,7.637571,533.7602,0.15,8.427091,1390.8512
baseline,17,2019,2,0.47037122,6.2587013,1491.001,6.7670913,529.29895,0.15,7.706864,1378.6959
baseline,18,2015,2,0.45612052,6.63339,1370.4215,7.764297,500.36703,0.15,9.097422,1301.9755
baseline,18,2016,2,0.19113164,8.765016,599.6292,8.400794,515.77527,0.15,10.037799,1339.0052
baseline,18,2017,2,0.124297634,8.30084,373.03217,7.6270404,488.90756,0.15,9.098329,1273.6288
baseline,18,2018,2,0.14511438,7.9674516,457.0246,7.4434147,513.0624,0.15,8.872801,1331.3157
baseline,18,2019,2,0.33779645,7.771007,1117.4197,8.358628,546.37134,0.15,9.931679,1415.675
baseline,19,2015,2,0.21687265,18.10272,520.8844,16.60296,504.09845,0.15,19.995613,1290.7678
baseline,19,2016,2,0.21649417,19.693678,560.36334,17.814465,559.5695,0.15,21.780157,1427.7269
baseline,19,2017,2,0.2716303,19.282852,666.0538,17.946396,546.0767,0.15,21.613562,1397.4235
baseline,19,2018,2,0.34870887,17.42478,872.1193,17.414553,532.0568,0.15,17.415718,1363.5872
baseline,19,2019,2,0.5315592,12.882427,1475.0508,12.975788,577.7539,0.15,12.185378,1471.5934
baseline,20,2015,2,0.5715073,5.6174755,2030.9052,4.6690974,653.6115,0.15,4.23469,1681.092
baseline,20,2016,2,0.5321011,12.652865,1715.5027,11.852934,643.80963,0.15,11.551438,1656.7443
baseline,20,2017,2,0.3988046,17.48195,1202.0736,17.914644,635.82043,0.15,20.575485,1637.9083
baseline,20,2018,2,0.575803,10.48271,1972.6284,10.035993,674.55457,0.15,10.041934,1731.5695
baseline,20,2019,2,0.24753946,17.206215,800.4894,16.05758,654.8732,0.15,17.7861,1684.2753
baseline,21,2015,2,0.44292346,10.832838,1005.2925,11.20072,464.21185,0.15,12.499424,1183.7631
baseline,21,2016,2,0.4591406,10.9633875,1055.7076,11.429001,463.73462,0.15,12.863496,1183.5895
baseline,21,2017,2,0.39724883,10.478005,873.416,10.530028,461.30057,0.15,12.952298,1177.5573
baseline,21,2018,2,0.26301953,11.007483,566.6629,10.385235,428.578,0.15,12.70462,1099.2131
baseline,21,2019,2,0.44651368,11.278064,987.3513,11.608045,457.00412,0.15,13.559019,1169.0393
baseline,22,2015,2,0.30247518,7.4666653,813.31085,7.164749,484.44556,0.15,7.820461,1235.7258
baseline,22,2016,2,0.42605704,9.221666,1106.8568,9.805305,479.3579,0.15,11.175459,1223.6677
baseline,22,2017,2,0.3967286,6.1048775,1075.5399,6.115507,474.46384,0.15,6.775406,1210.4684
baseline,22,2018,2,0.35431454,9.549843,956.5115,9.6694975,506.7289,0.15,10.190016,1287.2988
baseline,22,2019,2,0.49747857,4.4403877,1367.3385,3.454956,498.2531,0.15,3.0629425,1267.2526
baseline,23,2015,2,0.5402414,1.7786407,1614.5946,1.7762178,523.2244,0.15,1.9982859,1333.1895
baseline,23,2016,2,0.45684692,6.542,1284.181,6.2148724,515.5331,0.15,6.6877527,1312.7467
baseline,23,2017,2,0.49937528,3.8278115,1475.7869,3.3885212,534.00977,0.15,3.3483062,1354.7675
baseline,23,2018,2,0.4842666,7.0375977,1379.3229,6.4368887,521.77423,0.15,6.603734,1329.0072
baseline,23,2019,2,0.5102655,4.029873,1497.2823,3.567687,527.9029,0.15,3.4931898,1343.5928
baseline,24,2015,2,0.19973598,13.686908,577.718,13.351237,546.5696,0.15,13.160263,1412.2003
baseline,24,2016,2,0.24845146,17.61622,780.0432,16.272284,600.4023,0.15,19.579592,1545.0015
baseline,24,2017,2,0.16505627,17.28414,499.23242,15.437214,571.75275,0.15,18.820904,1473.9664
baseline,24,2018,2,0.3991879,14.165818,1269.7323,14.025592,600.148,0.15,14.687182,1544.8815
baseline,24,2019,2,0.2292197,18.041162,713.6109,16.576424,594.7795,0.15,19.735159,1530.8198
baseline,25,2015,2,0.49072665,4.92305,986.4084,4.257248,400.5016,0.15,4.1329746,1015.6287
baseline,25,2016,2,0.39256838,7.3738637,752.7884,7.155848,405.7025,0.15,7.6080713,1029.5651
baseline,25,2017,2,0.45382765,3.7394447,942.0409,3.0355604,405.1104,0.15,2.642759,1029.9348
baseline,25,2018,2,0.47096765,5.446269,1032.7505,4.8437905,435.56967,0.15,4.7447615,1098.3914
baseline,25,2019,2,0.46605596,4.32973,961.52704,3.7572773,409.5399,0.15,3.389167,1035.9586
baseline,26,2015,2,0.5437899,3.9707384,1218.4374,2.9606345,444.3935,0.15,2.6721694,1122.2996
baseline,26,2016,2,0.5240415,4.1133556,1121.6249,3.4088304,414.4524,0.15,3.1009314,1053.4231
baseline,26,2017,2,0.5665653,1.4296678,1284.9081,0.91102767,433.10095,0.15,0.7897018,1095.9053
baseline,26,2018,2,0.5540834,1.5913416,1362.5538,1.0671684,464.8317,0.15,0.88467443,1172.0564
baseline,26,2019,2,0.53172266,2.472582,1263.4901,1.6533941,460.88547,0.15,1.3898888,1161.3718
baseline,27,2015,2,0.46695969,9.374524,1336.5911,9.130144,553.45734,0.15,10.495747,1394.7014
baseline,27,2016,2,0.48503295,8.603386,1438.4354,8.247372,559.2682,0.15,9.469292,1408.7988
baseline,27,2017,2,0.48827454,6.909356,1520.3491,6.7237167,566.35394,0.15,7.640154,1428.0967
baseline,27,2018,2,0.41546714,10.541325,1143.9078,10.090136,540.0738,0.15,11.575993,1365.6188
baseline,27,2019,2,0.3782169,4.57814,1115.0813,4.326538,576.3175,0.15,4.999093,1449.5955
baseline,28,2015,2,0.56084645,6.2780733,1652.5421,5.8542824,570.4491,0.15,6.0322046,1437.386
baseline,28,2016,2,0.56036115,4.4739943,1698.9198,4.024813,570.3039,0.15,4.263052,1436.6432
baseline,28,2017,2,0.54305774,5.5393867,1670.4775,5.167142,583.4375,0.15,5.439796,1470.4132
baseline,28,2018,2,0.523917,8.844433,1461.4642,8.0845175,554.1446,0.15,8.325537,1401.7448
baseline,28,2019,2,0.50593394,7.5197287,1505.3606,7.487878,584.19086,0.15,7.3993893,1470.4292
baseline,29,2015,2,0.36929238,11.501404,1030.3948,10.885825,536.0918,0.15,12.984324,1353.344
baseline,29,2016,2,0.4368957,9.737398,1271.2848,9.409595,533.3675,0.15,11.0581045,1347.7241
baseline,29,2017,2,0.40342525,10.274481,1183.7632,9.786362,548.16986,0.15,11.458847,1382.6925
baseline,29,2018,2,0.31806356,12.317257,856.76373,11.535512,516.24774,0.15,13.469791,1306.8411
baseline,29,2019,2,0.23940375,0.5870612,649.04834,0.5244561,548.9957,0.15,0.6418515,1384.0531
baseline,30,2015,2,0.48631603,3.9180188,1501.4064,4.0307093,532.67126,0.15,4.891377,1381.6495
baseline,30,2016,2,0.3685336,3.4201012,1121.607,3.502095,509.78217,0.15,4.2502484,1323.9572
baseline,30,2017,2,0.45363474,3.3328834,1421.4125,3.5388293,530.00464,0.15,4.304666,1372.1633
baseline,30,2018,2,0.55903935,3.9390612,1706.3,4.1352577,534.5628,0.15,4.7331095,1383.438
baseline,30,2019,2,0.49344915,3.5996637,1549.1729,3.8739903,540.09784,0.15,4.6444125,1398.1062
baseline,31,2015,2,0.46024716,13.813721,1554.7219,13.6712265,637.5852,0.15,15.482021,1641.988
baseline,31,2016,2,0.48858503,10.236837,1696.8345,9.986808,630.38916,0.15,10.709148,1624.0176
baseline,31,2017,2,0.38706183,17.721989,1182.631,17.602879,624.863,0.15,20.690666,1611.315
baseline,31,2018,2,0.54163647,12.805931,1834.8553,12.126984,656.95264,0.15,13.021156,1689.0981
baseline,31,2019,2,0.38915485,15.928462,1279.2606,15.8305025,626.0357,0.15,18.331688,1615.5459
baseline,32,2015,2,0.45855233,9.222823,1514.6364,9.429615,563.90265,0.15,11.332669,1430.6658
baseline,32,2016,2,0.33387056,10.385403,1090.834,9.964757,578.0611,0.15,12.08154,1461.6395
baseline,32,2017,2,0.4793291,8.55896,1630.517,8.8052225,596.02625,0.15,10.2442665,1503.8168
baseline,32,2018,2,0.35071954,9.814714,1191.2819,9.564628,582.53186,0.15,11.483124,1470.774
baseline,32,2019,2,0.36592817,9.991137,1254.1411,9.725004,591.5362,0.15,11.85172,1494.4395
baseline,33,2015,2,0.50082093,7.5510864,1061.1515,8.4836645,378.4666,0.15,9.552983,982.75916
baseline,33,2016,2,0.52832997,7.2103233,1192.7952,8.203495,401.891,0.15,9.557802,1039.4019
baseline,33,2017,2,0.43980363,6.333603,1001.17395,6.7450476,396.16986,0.15,7.6508203,1024.1418
baseline,33,2018,2,0.5024282,7.805845,1097.4391,8.5858,396.068,0.15,10.024048,1026.3601
baseline,33,2019,2,0.5911824,5.400831,1377.0406,5.973009,407.24048,0.15,6.2260456,1054.693
baseline,34,2015,2,0.3701091,17.591095,1136.0497,17.80415,582.0672,0.15,21.283741,1511.7126
baseline,34,2016,2,0.44913375,16.564985,1356.076,17.470488,575.77484,0.15,20.738012,1494.0024
baseline,34,2017,2,0.5564794,15.515512,1661.1881,17.282341,574.39594,0.15,20.532434,1489.7505
baseline,34,2018,2,0.36529693,16.981964,1141.1185,17.198313,586.51404,0.15,20.475037,1519.8127
baseline,34,2019,2,0.27165648,18.183092,853.3139,17.514526,590.88776,0.15,21.116142,1531.6084
baseline,35,2015,2,0.27827558,10.157344,503.4264,10.194482,327.4824,0.15,12.246934,858.7581
baseline,35,2016,2,0.26114383,11.377754,463.4745,11.078876,333.235,0.15,13.380384,870.9529
baseline,35,2017,2,0.28842422,11.190082,545.1364,11.092844,352.2533,0.15,13.116974,920.1666
baseline,35,2018,2,0.34705314,11.570416,622.4024,11.908761,339.8571,0.15,14.372396,888.7792
baseline,35,2019,2,0.2926335,10.566919,560.2416,10.624193,354.3927,0.15,11.988849,921.773
baseline,36,2015,2,0.5039385,5.4271317,1275.6163,4.541843,503.43997,0.15,4.025167,1270.0287
baseline,36,2016,2,0.51902044,4.64439,1373.2372,4.049057,528.24725,0.15,3.6777353,1329.7527
baseline,36,2017,2,0.5301811,1.7323275,1448.106,1.5460322,512.03687,0.15,1.4114238,1293.6337
baseline,36,2018,2,0.51501626,4.516664,1361.8654,3.9025965,499.78735,0.15,3.9138877,1266.0764
baseline,36,2019,2,0.40957716,0.026370583,974.0271,0.02338137,492.69913,0.15,0.022625547,1247.9336
baseline,37,2015,2,0.56629676,2.7112877,1220.9661,1.8982266,414.68896,0.15,1.6500677,1057.1671
baseline,37,2016,2,0.4446528,9.527765,913.74554,9.653865,435.78195,0.15,10.450287,1106.4568
baseline,37,2017,2,0.55624187,2.6412542,1256.3962,1.9370073,443.01346,0.15,1.7041258,1126.4718
baseline,37,2018,2,0.5053903,9.214652,1119.1571,8.049573,451.46405,0.15,7.56265,1143.5138
baseline,37,2019,2,0.5401994,6.7907033,1230.3248,6.6215224,460.75946,0.15,6.685194,1164.6294
baseline,38,2015,2,0.44793883,4.021894,1618.8278,3.666088,611.54126,0.15,3.571922,1578.0941
baseline,38,2016,2,0.49345052,5.6335583,1743.2422,5.443012,600.8411,0.15,5.5419464,1552.5248
baseline,38,2017,2,0.4339431,3.3937032,1516.8818,3.1468906,574.2032,0.15,3.1234326,1491.1073
baseline,38,2018,2,0.5439946,3.3929381,1923.4845,3.5708852,592.7801,0.15,3.6330154,1533.2155
baseline,38,2019,2,0.4109509,4.1130314,1432.9302,3.725851,573.3825,0.15,3.5591314,1486.949
baseline,39,2015,2,0.4832162,6.2467647,1133.3427,6.7363,406.85287,0.15,7.3920465,1052.6978
baseline,39,2016,2,0.37408993,7.7596993,910.4639,8.022783,423.0853,0.15,9.111604,1092.483
baseline,39,2017,2,0.49298882,6.240012,1206.1641,6.7052693,426.96188,0.15,7.404019,1098.4413
baseline,39,2018,2,0.53773516,3.262486,1407.4393,3.3989317,439.1498,0.15,3.6387324,1132.3408
baseline,39,2019,2,0.5247526,3.4804966,1393.8955,3.6362727,444.22433,0.15,3.9368734,1144.5494
baseline,40,2015,2,0.31858972,10.997783,1056.9414,10.396894,583.8201,0.15,11.309046,1502.1017
baseline,40,2016,2,0.20752439,15.07413,600.7036,14.115463,520.59094,0.15,16.84531,1350.6621
baseline,40,2017,2,0.16041316,15.6146555,472.3434,14.143712,533.2041,0.15,17.13172,1380.8112
baseline,40,2018,2,0.26882568,14.190511,860.6983,13.906539,567.56934,0.15,16.780167,1463.3568
baseline,40,2019,2,0.14169538,15.838349,451.69,14.171704,568.36676,0.15,17.175173,1465.5371
baseline,41,2015,2,0.5194366,4.5491533,1338.9512,4.592839,440.45486,0.15,4.8540735,1132.3534
baseline,41,2016,2,0.46405777,7.1011786,1180.6107,7.6173143,451.1875,0.15,8.488483,1159.0844
baseline,41,2017,2,0.43283975,6.088351,1152.0895,6.524021,456.02853,0.15,7.3070736,1167.3204
baseline,41,2018,2,0.42654657,7.096753,1153.7615,7.3491287,475.66238,0.15,8.337546,1217.4912
baseline,41,2019,2,0.51058257,4.135932,1387.0532,4.188677,459.83725,0.15,4.3678885,1179.2615
baseline,42,2015,2,0.3195341,11.064074,1102.6106,10.903385,602.92773,0.15,13.20728,1564.5398
baseline,42,2016,2,0.39851737,11.453649,1374.022,11.630214,616.56964,0.15,14.169935,1597.8972
baseline,42,2017,2,0.55406225,10.8466015,1878.4592,11.955869,618.03784,0.15,14.5348425,1600.6044
baseline,42,2018,2,0.3234839,11.430572,1151.3926,11.228408,625.5072,0.15,13.6190195,1618.944
baseline,42,2019,2,0.35676232,11.396996,1257.5817,11.414262,621.47284,0.15,13.822831,1610.1333
baseline,43,2015,2,0.34698233,12.614187,1165.7413,12.168836,641.09705,0.15,14.873185,1649.4435
baseline,43,2016,2,0.26865992,12.783657,980.24615,12.006661,679.84265,0.15,14.663405,1744.3582
baseline,43,2017,2,0.2613528,12.056022,947.87805,11.367884,665.53394,0.15,13.854483,1710.4054
baseline,43,2018,2,0.28250605,13.034926,1011.121,12.240086,675.4186,0.15,14.711366,1734.0602
baseline,43,2019,2,0.28257534,12.986095,1019.3664,12.249924,672.68933,0.15,14.955404,1727.3795
baseline,44,2015,2,0.50281584,5.970017,1268.3394,4.9480515,502.81802,0.15,4.4352837,1268.4441
baseline,44,2016,2,0.5205205,5.2222013,1370.0247,4.58385,527.5577,0.15,4.284337,1327.993
baseline,44,2017,2,0.5352421,1.7961013,1452.7621,1.5935363,511.43256,0.15,1.4992223,1292.0927
baseline,44,2018,2,0.515082,5.185507,1356.9896,4.652115,499.21576,0.15,4.77281,1264.6101
baseline,44,2019,2,0.39379445,0.008097339,909.7385,0.007712232,492.4376,0.15,0.007966678,1247.2714
baseline,45,2015,2,0.3939434,5.7245955,1208.8353,6.0117054,535.0321,0.15,7.277117,1387.4171
baseline,45,2016,2,0.4041405,5.9034276,1293.3842,6.146594,559.0194,0.15,7.197131,1445.3734
baseline,45,2017,2,0.40883824,5.9591193,1232.1475,6.2790227,530.90326,0.15,7.5627856,1379.2383
baseline,45,2018,2,0.35944402,6.045879,1107.3472,6.1185503,548.9178,0.15,7.434391,1420.4138
baseline,45,2019,2,0.35290083,5.717366,1038.2614,5.910854,510.77856,0.15,7.144308,1329.5017
baseline,46,2015,2,0.43449566,5.971944,1129.3292,6.1773777,442.4986,0.15,6.7947845,1136.2809
baseline,46,2016,2,0.36284405,8.40037,946.36005,8.532609,461.91818,0.15,9.973345,1184.355
baseline,46,2017,2,0.5117605,3.9885077,1379.6627,4.20835,459.4789,0.15,4.4441147,1174.6866
baseline,46,2018,2,0.49202892,4.9901834,1383.1798,5.2325373,485.65848,0.15,5.777733,1239.5499
baseline,46,2019,2,0.5403862,3.3702807,1517.7487,3.5991106,475.64526,0.15,3.9792433,1215.454
baseline,47,2015,2,0.5750338,3.4412572,2179.9844,2.7488816,708.4243,0.15,2.4599922,1806.5404
baseline,47,2016,2,0.4877494,12.660261,1640.5934,13.107204,674.61273,0.15,14.810306,1722.0415
baseline,47,2017,2,0.55598384,6.2389617,2013.8307,5.4860663,697.42505,0.15,5.2360835,1779.4694
baseline,47,2018,2,0.5856354,6.135102,2263.7068,5.8278136,737.9458,0.15,5.4749465,1875.1423
baseline,47,2019,2,0.56869066,5.7463226,2093.9702,4.9577065,691.188,0.15,4.2607636,1765.1687
baseline,48,2015,2,0.41597357,4.953866,945.74207,4.8925953,442.7772,0.15,4.764639,1129.8523
baseline,48,2016,2,0.47957423,3.4981017,1174.9487,2.5968006,458.68448,0.15,2.1244862,1168.1694
baseline,48,2017,2,0.40816677,6.1356134,916.5083,6.238499,449.68277,0.15,6.6550007,1145.1346
baseline,48,2018,2,0.41790247,6.503289,877.3419,5.8207107,403.4882,0.15,5.2971826,1036.5063
baseline,48,2019,2,0.4416961,4.6031504,1023.61597,3.7999096,439.65656,0.15,3.3077435,1125.619
baseline,49,2015,2,0.37828675,9.902146,861.59515,9.67183,469.2732,0.15,11.963446,1193.3047
baseline,49,2016,2,0.3384865,10.417504,812.97906,10.020078,491.28558,0.15,12.386921,1244.5365
baseline,49,2017,2,0.4178541,8.6729965,1027.3873,8.179955,499.9654,0.15,7.895273,1268.3527
baseline,49,2018,2,0.3071694,10.573042,727.4209,10.1328125,465.9881,0.15,12.337892,1187.2522
baseline,49,2019,2,0.33219713,9.723472,772.1464,9.406697,461.976,0.15,9.935822,1178.1211
baseline,50,2015,2,0.43756205,8.725129,1480.8635,8.358791,605.7305,0.15,7.7929444,1554.3103
baseline,50,2016,2,0.21415418,8.991395,691.23303,8.451539,553.6933,0.15,10.229769,1431.8354
baseline,50,2017,2,0.26265013,8.944229,890.8655,8.631705,587.92474,0.15,10.456648,1514.1332
baseline,50,2018,2,0.3581153,8.418708,1259.6577,8.620761,613.84045,0.15,10.444217,1574.5863
baseline,50,2019,2,0.30575624,8.956306,1010.89105,8.713482,575.52216,0.15,10.612251,1482.3174
baseline,51,2015,2,0.5774688,4.4591336,1354.8679,3.866699,457.48935,0.15,3.7571168,1159.5044
baseline,51,2016,2,0.557114,5.5587997,1323.6339,5.102811,461.04315,0.15,4.895036,1170.4387
baseline,51,2017,2,0.559516,7.4689074,1302.0842,7.211865,466.9145,0.15,6.91872,1183.7743
baseline,51,2018,2,0.51094264,6.0698953,1253.283,5.357162,469.21936,0.15,5.379611,1190.4275
baseline,51,2019,2,0.56573623,6.800112,1398.4346,7.1198015,480.8006,0.15,7.526267,1219.3643
baseline,52,2015,2,0.3571071,6.4350877,989.42224,6.183182,509.10837,0.15,7.6439705,1309.271
baseline,52,2016,2,0.3170054,6.280975,969.8158,5.846427,577.37067,0.15,7.256381,1478.8956
baseline,52,2017,2,0.28731754,5.8822746,875.8698,5.5301423,556.277,0.15,6.8131566,1424.916
baseline,52,2018,2,0.36949533,6.4533815,1103.606,6.158618,552.4879,0.15,7.630167,1420.284
baseline,52,2019,2,0.34055522,5.9735947,1052.451,5.781199,554.7402,0.15,7.1078176,1424.7268
baseline,53,2015,2,0.5300171,3.3871543,1526.5793,4.0346675,477.21158,0.15,4.83774,1238.1685
baseline,53,2016,2,0.20758039,3.9917762,608.31104,3.8035467,471.5711,0.15,4.5730114,1224.0228
baseline,53,2017,2,0.15920156,4.153793,480.40732,3.85905,479.51193,0.15,4.627026,1245.2164
baseline,53,2018,2,0.3272927,4.1766624,933.0878,4.309358,463.46683,0.15,5.1762676,1204.5824
baseline,53,2019,2,0.3953015,3.9778683,1177.4445,4.2406163,489.10223,0.15,5.1097145,1268.4204
baseline,54,2015,2,0.22826293,15.273272,754.268,14.308668,644.1215,0.15,17.382156,1657.0023
baseline,54,2016,2,0.23166882,14.4883795,766.00867,13.720139,635.9953,0.15,16.625608,1638.1404
baseline,54,2017,2,0.18405227,15.822603,591.0549,14.365476,641.0689,0.15,17.42712,1649.666
baseline,54,2018,2,0.21794596,15.512691,709.34106,14.386517,639.44293,0.15,17.48096,1646.8809
baseline,54,2019,2,0.18009005,15.068661,570.6942,13.769692,618.3031,0.15,16.712242,1594.9705
baseline,55,2015,2,0.5877156,5.6892886,2028.3512,5.731525,596.63934,0.15,6.1476884,1532.0493
baseline,55,2016,2,0.274488,8.1774645,981.7976,8.036564,594.8731,0.15,9.47404,1523.789
baseline,55,2017,2,0.54191285,7.35433,1759.4447,8.510393,569.03217,0.15,10.120864,1463.4646
baseline,55,2018,2,0.50782305,6.459589,1681.5681,7.5421705,568.5584,0.15,8.898516,1459.7708
baseline,55,2019,2,0.32283422,6.6712065,1064.3531,6.9396076,538.69385,0.15,7.8051906,1390.6462
baseline,56,2015,2,0.39847273,10.015422,840.63586,9.995955,442.61957,0.15,10.40348,1130.3007
baseline,56,2016,2,0.42115545,7.414612,995.0396,5.8080215,471.9136,0.15,4.82707,1200.0369
baseline,56,2017,2,0.38104877,9.200371,841.11,8.745419,459.28912,0.15,8.105506,1169.1553
baseline,56,2018,2,0.38027832,10.333623,807.70715,9.635019,432.43216,0.15,8.229716,1106.3069
baseline,56,2019,2,0.3858402,7.5255823,817.33136,7.4563704,436.34088,0.15,6.332129,1116.4102
baseline,57,2015,2,0.30290285,4.775851,993.2069,4.857565,652.7334,0.15,4.8148403,1670.8762
baseline,57,2016,2,0.35600808,7.4975076,1128.4784,7.6600914,682.4306,0.15,7.0504584,1742.5475
baseline,57,2017,2,0.3280295,11.055055,930.2543,10.755587,650.6932,0.15,12.017522,1666.414
baseline,57,2018,2,0.24065128,10.230171,694.6802,10.367123,667.0629,0.15,9.96486,1705.9929
baseline,57,2019,2,0.20007932,11.569079,558.5236,10.53962,630.05566,0.15,12.872363,1618.0914
baseline,58,2015,2,0.58645976,4.5553823,2232.3438,4.5233397,694.8394,0.15,4.837288,1761.715
baseline,58,2016,2,0.50512534,15.362638,1625.6132,14.63394,661.89764,0.15,15.305171,1680.3586
baseline,58,2017,2,0.5528168,8.85206,1941.8687,8.907177,678.4094,0.15,9.916527,1722.5626
baseline,58,2018,2,0.57048404,9.332497,2128.5027,8.683657,708.9833,0.15,8.818773,1794.0559
baseline,58,2019,2,0.5227144,14.71345,1743.1804,13.979848,672.2851,0.15,14.469847,1706.541
baseline,59,2015,2,0.3111471,5.5788536,993.621,5.3945465,603.69586,0.15,6.5844707,1557.9307
baseline,59,2016,2,0.26802465,5.5356197,924.99774,5.286445,632.84674,0.15,6.430464,1627.6382
baseline,59,2017,2,0.2746704,5.489105,985.8074,5.2588453,646.0493,0.15,6.4034023,1661.463
baseline,59,2018,2,0.28796834,5.7793555,1003.18463,5.5446396,644.27094,0.15,6.7547126,1658.3679
baseline,59,2019,2,0.30691934,5.90792,1079.294,5.724224,646.685,0.15,6.975974,1663.3838
baseline,60,2015,2,0.110576786,10.176923,342.39273,8.965328,528.054,0.15,10.856436,1373.7687
baseline,60,2016,2,0.14313176,8.896083,444.23975,8.172817,517.64056,0.15,9.80198,1348.7858
baseline,60,2017,2,0.11755049,9.3656025,377.18512,8.385133,538.51227,0.15,10.09637,1399.1017
baseline,60,2018,2,0.128569,9.745172,436.5103,8.732168,567.55927,0.15,10.543351,1470.0696
baseline,60,2019,2,0.10042927,9.569401,315.3131,8.449306,525.62524,0.15,10.190472,1366.8195
baseline,61,2015,2,0.57564306,8.758005,1901.576,7.369466,611.39594,0.15,7.3146915,1573.5868
baseline,61,2016,2,0.3425728,22.018545,911.8686,21.379091,579.7637,0.15,24.714516,1494.535
baseline,61,2017,2,0.46823683,19.734083,1299.7512,19.85404,593.6007,0.15,22.38111,1528.6414
baseline,61,2018,2,0.54487276,17.102571,1603.6476,17.866896,598.1946,0.15,18.96502,1539.964
baseline,61,2019,2,0.581062,13.723746,1793.8794,13.806026,595.2026,0.15,14.328265,1534.498
baseline,62,2015,2,0.4503551,12.117072,1141.4429,12.504398,501.98767,0.15,13.460762,1276.6434
baseline,62,2016,2,0.39841762,13.259439,1020.29016,13.327956,510.40005,0.15,15.77924,1296.5504
baseline,62,2017,2,0.42134026,12.170922,1047.044,12.442192,504.79816,0.15,13.225937,1284.7395
baseline,62,2018,2,0.41368502,11.471942,1015.8321,11.581459,478.59174,0.15,11.370509,1222.8964
baseline,62,2019,2,0.4721731,12.73469,1161.8685,13.129464,497.46793,0.15,14.09888,1267.0017
baseline,63,2015,2,0.57521206,12.047705,1631.2596,10.109915,518.94446,0.15,9.869678,1354.8916
baseline,63,2016,2,0.54855436,13.122528,1590.5928,14.066989,537.4017,0.15,14.912527,1399.1176
baseline,63,2017,2,0.44067392,16.177996,1220.4208,17.303762,526.4064,0.15,20.164173,1371.7675
baseline,63,2018,2,0.48106617,16.737322,1355.2084,18.57143,544.0411,0.15,21.81207,1414.3372
baseline,63,2019,2,0.41539755,17.120173,1171.2603,18.57793,534.86615,0.15,22.185999,1392.7896
baseline,64,2015,2,0.5475388,10.014131,1758.0345,9.725783,590.945,0.15,11.372778,1488.813
baseline,64,2016,2,0.53870064,10.14307,1698.0082,9.699353,591.11145,0.15,11.386046,1488.3289
baseline,64,2017,2,0.566307,9.375593,1919.555,9.146437,632.01483,0.15,10.690169,1579.8855
baseline,64,2018,2,0.50462955,12.707553,1590.9208,11.971718,603.7599,0.15,14.338827,1518.2008
baseline,64,2019,2,0.5426965,12.092712,1753.3986,11.756985,601.2779,0.15,13.875898,1513.6313
baseline,65,2015,2,0.1157386,10.794964,354.61658,9.580149,519.5919,0.15,11.577205,1351.3098
baseline,65,2016,2,0.13132317,9.741042,410.10297,8.880254,518.4132,0.15,10.649832,1349.5251
baseline,65,2017,2,0.113240495,10.004118,362.96786,8.957562,532.81384,0.15,10.771093,1383.7072
baseline,65,2018,2,0.14047047,10.474749,473.24542,9.479252,562.8972,0.15,11.434126,1457.3862
baseline,65,2019,2,0.10158,10.26605,314.89478,9.095282,517.8836,0.15,10.92763,1346.9664
baseline,66,2015,2,0.48544422,5.8619823,1316.502,4.9751477,513.51666,0.15,4.578184,1288.3553
baseline,66,2016,2,0.49330124,4.848094,1385.0082,4.5027866,518.56885,0.15,4.601838,1299.8472
baseline,66,2017,2,0.52653277,1.3752508,1500.3468,1.1801035,518.87634,0.15,1.035611,1301.7399
baseline,66,2018,2,0.43909347,7.331004,1236.9976,6.990923,531.34094,0.15,7.4778214,1324.4429
baseline,66,2019,2,0.41087815,7.2844033,1110.5631,7.678263,504.3401,0.15,8.981103,1264.8687
baseline,67,2015,2,0.38824582,7.653191,1244.6849,7.9912124,537.3429,0.15,9.156015,1400.9258
baseline,67,2016,2,0.24378996,7.42255,785.3664,7.3139095,526.8373,0.15,8.653757,1373.561
baseline,67,2017,2,0.13564669,8.877961,415.67886,8.1127,509.0798,0.15,9.726414,1329.1528
baseline,67,2018,2,0.1766,8.115622,561.1162,7.6756544,519.967,0.15,9.186353,1355.0925
baseline,67,2019,2,0.18617201,9.090804,587.78217,8.556268,522.0823,0.15,10.249145,1362.1995
baseline,68,2015,2,0.5322795,15.790459,1669.1893,15.385706,620.2246,0.15,15.563594,1599.0249
baseline,68,2016,2,0.44667011,17.731256,1271.4576,18.445633,590.08826,0.15,21.534216,1523.9031
baseline,68,2017,2,0.4238011,16.498396,1250.364,16.579775,608.38513,0.15,18.138002,1568.3954
baseline,68,2018,2,0.45998576,14.96038,1383.1196,15.55046,604.13403,0.15,17.876654,1557.2515
baseline,68,2019,2,0.54269874,13.546253,1624.2417,14.055127,596.16394,0.15,15.550982,1539.7693
baseline,69,2015,2,0.52986693,7.659751,1571.2896,7.4435563,562.5535,0.15,7.949926,1418.8544
baseline,69,2016,2,0.4722002,9.526118,1398.076,9.2133255,563.00714,0.15,9.961756,1419.8846
baseline,69,2017,2,0.53574336,5.4771013,1658.3271,5.4008226,567.8661,0.15,5.971216,1434.216
baseline,69,2018,2,0.47127715,8.862271,1368.1189,8.327942,551.68115,0.15,8.94937,1394.1066
baseline,69,2019,2,0.3588984,11.469376,1030.3059,10.750546,562.0832,0.15,11.683962,1417.731
baseline,70,2015,2,0.3576504,5.8180876,815.02734,5.8333306,443.41208,0.15,7.1644573,1123.2705
baseline,70,2016,2,0.35151702,6.352713,744.8343,6.212402,425.32358,0.15,7.6820846,1080.3761
baseline,70,2017,2,0.3512691,5.893602,692.86566,5.815849,403.94562,0.15,7.1730914,1030.48
baseline,70,2018,2,0.38052884,6.3664384,858.72766,6.3883076,440.17664,0.15,6.228043,1117.1195
baseline,70,2019,2,0.34053558,6.317828,729.14703,6.1536884,429.82556,0.15,7.599655,1093.4481
baseline,71,2015,2,0.5837928,6.377138,1971.7412,6.7598367,586.6104,0.15,7.3553586,1507.2454
baseline,71,2016,2,0.30604252,7.5773416,1089.9349,7.680606,590.1334,0.15,9.123757,1512.4303
baseline,71,2017,2,0.41997573,7.36035,1392.1517,7.9872494,562.4091,0.15,9.468521,1447.3387
baseline,71,2018,2,0.50402886,6.0961614,1689.6069,7.191585,573.5878,0.15,8.568818,1472.1034
baseline,71,2019,2,0.24435331,7.0357213,814.1021,7.0258226,537.81793,0.15,8.285908,1388.0848
baseline,72,2015,2,0.5343992,2.56825,1136.2252,2.2068212,401.24545,0.15,1.9669871,1023.9884
baseline,72,2016,2,0.46467534,6.7671885,967.3615,5.986031,425.81335,0.15,5.664265,1080.0729
baseline,72,2017,2,0.5269283,2.2644758,1156.891,1.8207068,418.48654,0.15,1.6880629,1065.6769
baseline,72,2018,2,0.49110207,6.9096327,1065.5073,6.22199,432.3057,0.15,5.7299113,1097.4454
baseline,72,2019,2,0.500265,4.1592607,1126.1798,3.7714734,433.86447,0.15,3.5832334,1097.9248
baseline,73,2015,2,0.5976661,10.993728,2160.325,11.341619,647.0194,0.15,13.129052,1646.6698
baseline,73,2016,2,0.598228,6.964329,2242.7466,7.135807,656.48206,0.15,8.297103,1668.8138
baseline,73,2017,2,0.5967269,8.7188015,2156.221,8.726122,652.8172,0.15,10.110643,1660.7872
baseline,73,2018,2,0.5980983,8.561535,2172.204,8.780264,638.9124,0.15,9.896669,1627.0223
baseline,73,2019,2,0.59826285,6.883533,2227.3738,7.02983,648.4447,0.15,7.9723463,1648.3782
baseline,74,2015,2,0.5312807,10.185649,1435.3428,9.716973,514.2525,0.15,8.163511,1332.8378
baseline,74,2016,2,0.3118781,16.74331,879.1699,15.968057,553.7244,0.15,18.868784,1427.6362
baseline,74,2017,2,0.35994306,13.474998,1052.5435,12.734362,541.0902,0.15,14.584372,1395.9752
baseline,74,2018,2,0.51495814,10.593119,1448.9695,9.360903,530.68396,0.15,7.9868298,1373.3085
baseline,74,2019,2,0.58368737,5.249018,1785.6248,4.8490376,544.28687,0.15,4.379533,1406.3895
baseline,75,2015,2,0.518642,4.9922624,1323.7211,5.4206643,430.35013,0.15,5.910645,1107.1072
baseline,75,2016,2,0.39601594,7.74049,996.28674,8.028056,439.87097,0.15,9.088508,1129.943
baseline,75,2017,2,0.5267705,3.8274417,1364.7938,4.072772,441.60526,0.15,4.40956,1131.8851
baseline,75,2018,2,0.5362737,4.415374,1459.3934,4.621343,466.9945,0.15,5.044879,1196.2406
baseline,75,2019,2,0.551264,3.2069638,1508.207,3.444382,462.27847,0.15,3.7766547,1183.7634
baseline,76,2015,2,0.35442114,4.6409817,644.52167,4.155623,353.28766,0.15,4.1788664,903.05035
baseline,76,2016,2,0.34719574,6.099365,610.56226,6.0713573,356.19354,0.15,7.156615,907.12787
baseline,76,2017,2,0.3505331,5.6481056,629.99414,5.3982725,345.96387,0.15,5.4663086,885.23157
baseline,76,2018,2,0.41626137,4.3591976,860.509,4.084272,400.19913,0.15,4.4177337,1011.028
baseline,76,2019,2,0.393585,3.8863473,820.6458,3.5608559,382.52255,0.15,3.7114084,971.5607
baseline,77,2015,2,0.4331555,7.2311487,1076.2661,7.672791,478.47665,0.15,8.489728,1204.9243
baseline,77,2016,2,0.39127326,7.3039627,968.0959,7.4686975,464.66583,0.15,8.92729,1174.4146
baseline,77,2017,2,0.42618477,7.4265323,1109.0989,7.67268,500.84473,0.15,9.387612,1260.8064
baseline,77,2018,2,0.36936983,6.579241,934.39716,6.8487706,469.94193,0.15,8.129055,1189.4739
baseline,77,2019,2,0.28113276,2.5264459,689.4727,2.4770286,465.9302,0.15,3.0235348,1173.7965
baseline,78,2015,2,0.58590347,6.2782903,2021.8085,6.6618977,606.51556,0.15,7.422125,1551.5691
baseline,78,2016,2,0.3549793,8.553313,1256.336,8.540029,603.9439,0.15,9.939245,1543.9117
baseline,78,2017,2,0.5948986,6.619086,1975.5657,7.523895,579.593,0.15,8.522542,1487.6873
baseline,78,2018,2,0.4564549,6.213463,1552.8833,6.9499507,570.5907,0.15,7.997267,1463.2993
baseline,78,2019,2,0.28710106,7.1155524,957.2837,7.140479,543.0591,0.15,8.091105,1399.6971
baseline,79,2015,2,0.34120685,8.763852,714.5046,8.598446,433.17792,0.15,9.971315,1106.8073
baseline,79,2016,2,0.38484943,7.8977365,895.3709,6.9362955,450.00742,0.15,6.6957493,1147.6095
baseline,79,2017,2,0.3414811,9.381534,802.5967,8.879794,468.58652,0.15,8.869496,1194.3484
baseline,79,2018,2,0.3501797,10.547976,738.91943,10.216438,434.00214,0.15,11.812965,1107.6221
baseline,79,2019,2,0.34247056,9.56314,744.93555,9.473991,438.39355,0.15,9.983781,1120.4055
baseline,80,2015,0,0.36147034,5.4986315,1117.1892,6.0134635,204.27667,0.05,6.4230366,1531.2896
baseline,80,2016,0,0.3520831,5.4824367,1085.3009,6.047303,203.7566,0.05,6.441359,1531.2963
baseline,80,2017,0,0.3866802,4.605097,1244.3518,5.314039,197.7618,0.05,5.664289,1492.2777
baseline,80,2018,0,0.3050073,5.454505,939.1404,6.009869,196.63503,0.05,6.3908963,1480.526
baseline,80,2019,0,0.31628662,5.567854,963.35406,6.091634,199.67067,0.05,6.488907,1501.7671
baseline,81,2015,0,0.1700915,6.9196644,376.71213,7.106756,162.82338,0.05,7.5304413,1239.2543
baseline,81,2016,0,0.18653372,7.4195766,418.34305,7.6038938,173.70473,0.05,8.049929,1317.1934
baseline,81,2017,0,0.22612952,6.3179154,533.88324,6.7071033,163.75261,0.05,7.092876,1251.7921
baseline,81,2018,0,0.18482499,7.078021,413.98248,7.292527,164.74426,0.05,7.741519,1254.9446
baseline,81,2019,0,0.19586456,7.424365,431.89233,7.662115,166.17749,0.05,8.136501,1263.7822
baseline,82,2015,0,0.24038908,7.3663774,323.68246,8.000297,116.56876,0.05,8.462151,887.7269
baseline,82,2016,0,0.23414558,8.016385,294.01144,8.505862,115.74288,0.05,8.904912,882.0668
baseline,82,2017,0,0.26233238,7.087792,370.4879,7.471189,126.17013,0.05,7.817215,954.9214
baseline,82,2018,0,0.26488388,7.1310773,361.78357,7.5254884,126.43343,0.05,7.883914,952.7565
baseline,82,2019,0,0.24629158,7.2622523,327.99103,7.6044464,127.54518,0.05,7.9242926,961.3851
baseline,83,2015,0,0.26337767,6.8942003,803.86597,7.190386,222.28711,0.05,7.6515207,1658.8438
baseline,83,2016,0,0.28387895,6.774116,895.3454,7.1788087,225.17255,0.05,7.632006,1683.9602
baseline,83,2017,0,0.28577897,6.1856565,946.633,6.662343,216.92459,0.05,7.097329,1626.6038
baseline,83,2018,0,0.25349936,7.8460536,714.5932,8.17244,213.03143,0.05,8.672539,1598.1761
baseline,83,2019,0,0.24161547,8.341269,658.9857,8.5891905,218.70926,0.05,9.106539,1633.0835
baseline,84,2015,0,0.2979239,5.74043,529.84796,6.2092757,143.79054,0.05,6.5587854,1082.9185
baseline,84,2016,0,0.31341144,7.312411,502.49084,7.664522,155.1664,0.05,8.04572,1163.4807
baseline,84,2017,0,0.30355477,6.522373,496.2449,6.7864547,146.2107,0.05,7.1385326,1099.0686
baseline,84,2018,0,0.29449436,6.8425217,503.1657,7.134294,147.70116,0.05,7.4622064,1110.0557
baseline,84,2019,0,0.31809792,5.40033,562.74744,5.679697,152.41858,0.05,5.9168487,1139.6915
baseline,85,2015,0,0.29093972,6.476298,541.7437,6.7301164,168.72704,0.05,7.0923715,1253.6582
baseline,85,2016,0,0.36205947,4.832849,737.0395,5.253252,169.33566,0.05,5.583004,1264.2837
baseline,85,2017,0,0.34012172,4.6833334,748.75214,4.9797306,164.61609,0.05,5.2667613,1228.1034
baseline,85,2018,0,0.29454535,6.074441,639.6741,6.369515,167.10735,0.05,6.698451,1245.16
baseline,85,2019,0,0.32179874,5.696377,748.0561,5.9797215,169.85077,0.05,6.290427,1268.4641
baseline,86,2015,0,0.30497804,1.4838405,565.1383,1.5416924,142.4248,0.05,1.6157548,1062.7198
baseline,86,2016,0,0.29218492,3.311794,599.01117,3.450616,153.78076,0.05,3.6143951,1139.6348
baseline,86,2017,0,0.35229346,4.481227,734.4163,4.9042106,147.38371,0.05,5.1691933,1103.7383
baseline,86,2018,0,0.2754679,1.7672887e-06,511.79944,1.839007e-06,139.20644,0.05,1.9289441e-06,1044.1666
baseline,86,2019,0,0.31392413,0.0025097323,605.6625,0.0026255732,140.03221,0.05,0.002754398,1055.5858
baseline,87,2015,0,0.31693807,10.617987,1037.6321,11.243177,218.11337,0.05,12.020304,1672.8776
baseline,87,2016,0,0.36889106,11.044691,1263.2036,11.627407,231.66608,0.05,12.4613285,1769.6543
baseline,87,2017,0,0.2725754,10.921398,941.7289,11.219587,225.44904,0.05,12.019125,1725.1729
baseline,87,2018,0,0.33236593,11.178329,1133.9552,11.62781,231.7451,0.05,12.45647,1771.9216
baseline,87,2019,0,0.3550666,10.145526,1260.3756,10.689593,232.93718,0.05,11.42291,1778.4238
baseline,88,2015,0,0.220612,4.4651847,392.27036,4.754307,132.98808,0.05,5.074137,1008.6207
baseline,88,2016,0,0.24438292,5.1938477,408.87897,5.465158,136.24971,0.05,5.7868624,1029.8994
baseline,88,2017,0,0.22647339,4.815345,405.42224,5.097691,132.39648,0.05,5.4469986,1004.01434
baseline,88,2018,0,0.24392991,4.104199,428.82626,4.4068937,133.63408,0.05,4.7105646,1009.50037
baseline,88,2019,0,0.22280863,4.362183,392.41714,4.589336,141.50719,0.05,4.9057574,1062.4844
baseline,89,2015,0,0.28809923,0.025266355,524.9681,0.026949726,137.97983,0.05,0.028262947,1036.7672
baseline,89,2016,0,0.28240556,1.2761009,581.6663,1.3266181,151.53369,0.05,1.3880496,1128.5239
baseline,89,2017,0,0.29802263,0.03037584,604.2835,0.031895734,148.98566,0.05,0.033481255,1113.6152
baseline,89,2018,0,0.26334113,4.1734083e-07,472.47006,4.3424828e-07,139.53484,0.05,4.552985e-07,1050.1377
baseline,89,2019,0,0.3087555,0.002605102,601.1273,0.0027707063,136.17174,0.05,0.0029081465,1030.3323
baseline,90,2015,0,0.17582618,6.178994,239.1311,6.344634,118.95672,0.05,6.7925735,891.92993
baseline,90,2016,0,0.17830287,6.8748565,218.30684,7.1069884,113.62093,0.05,7.59783,857.084
baseline,90,2017,0,0.19125529,6.845993,261.34628,6.907443,128.84851,0.05,7.3328857,959.8764
baseline,90,2018,0,0.18019058,6.4733524,232.13431,6.6409698,120.97844,0.05,7.114189,903.5232
baseline,90,2019,0,0.16211401,6.415951,215.95912,6.473338,127.82137,0.05,6.9454746,952.3982
baseline,91,2015,0,0.44434676,4.7345886,1301.9242,5.1956887,203.2695,0.05,5.4872575,1522.5199
baseline,91,2016,0,0.33124658,6.923665,921.0519,7.4165273,202.61946,0.05,7.8529224,1515.1228
baseline,91,2017,0,0.39268318,5.8384786,1133.0798,6.3396416,206.77519,0.05,6.690241,1543.1902
baseline,91,2018,0,0.43089235,5.4259434,1241.3099,5.9183283,207.95422,0.05,6.238176,1552.4967
baseline,91,2019,0,0.4105717,5.502506,1183.7472,6.0182385,205.73131,0.05,6.341679,1540.8542
baseline,92,2015,0,0.24045117,6.603463,334.9695,7.1355724,115.251915,0.05,7.5763264,875.4945
baseline,92,2016,0,0.23303813,6.979765,304.3601,7.4221935,108.79472,0.05,7.752729,831.7968
baseline,92,2017,0,0.26286447,6.1159515,390.88647,6.430703,126.509186,0.05,6.74472,951.54456
baseline,92,2018,0,0.26359263,6.1232343,373.64316,6.4609056,119.1047,0.05,6.778809,899.99054
baseline,92,2019,0,0.25204378,5.8732514,367.78378,6.153569,124.62792,0.05,6.4211316,939.5837
baseline,93,2015,0,0.26895404,4.9517074,533.0215,5.1478014,135.50616,0.05,5.3627934,1011.0006
baseline,93,2016,0,0.30173445,4.81505,651.60406,5.114903,144.59163,0.05,5.3004017,1072.0747
baseline,93,2017,0,0.3129907,4.2870274,631.4297,4.491458,139.59308,0.05,4.6933365,1036.1982
baseline,93,2018,0,0.26382557,5.2554054,525.3844,5.470126,140.3655,0.05,5.7214136,1039.0916
baseline,93,2019,0,0.28887585,4.7268586,556.0137,5.0322456,132.44019,0.05,5.3023815,989.786
baseline,94,2015,0,0.2683905,0.06216682,478.79602,0.06437413,137.88617,0.05,0.0673216,1030.7374
baseline,94,2016,0,0.27740335,5.857547,557.7762,6.0792994,148.05977,0.05,6.351022,1099.4691
baseline,94,2017,0,0.30409172,1.3490642,606.20276,1.4316695,144.17232,0.05,1.5017514,1076.5913
baseline,94,2018,0,0.23959479,3.124474e-06,421.4399,3.2379044e-06,135.92763,0.05,3.404028e-06,1019.68134
baseline,94,2019,0,0.2849752,0.0014057325,527.481,0.0014577946,134.7944,0.05,0.0015197248,1015.4277
baseline,95,2015,0,0.16762203,5.6046214,409.09595,5.787047,146.78012,0.05,6.0191135,1145.0654
baseline,95,2016,0,0.1587684,4.0880637,414.53522,4.187477,150.0676,0.05,4.3701434,1171.7561
baseline,95,2017,0,0.07297446,7.5803976,169.36612,7.4539742,146.57536,0.05,7.897724,1142.5057
baseline,95,2018,0,0.09007092,7.3036146,217.29967,7.262363,149.74841,0.05,7.6502104,1167.7498
baseline,95,2019,0,0.099522285,5.421118,246.99274,5.388935,151.15097,0.05,5.6452723,1177.6206
baseline,96,2015,0,0.2899395,5.4729075,490.35016,5.697572,123.837364,0.05,5.9015217,931.51276
baseline,96,2016,0,0.27388936,5.627147,463.92706,5.8242927,124.47902,0.05,6.0436854,938.3155
baseline,96,2017,0,0.2310169,6.2998114,390.50446,6.639636,125.982056,0.05,7.109558,944.9711
baseline,96,2018,0,0.29695582,5.2327294,550.28864,5.388207,136.82697,0.05,5.5892944,1021.0586
baseline,96,2019,0,0.26585758,6.111522,406.8459,6.3232145,120.03767,0.05,6.5540776,907.3254
baseline,97,2015,0,0.28387737,0.17966244,525.5301,0.18789256,142.56992,0.05,0.19701119,1069.1548
baseline,97,2016,0,0.27162898,0.8813694,552.95795,0.9162239,149.43607,0.05,0.9579691,1114.2574
baseline,97,2017,0,0.30809852,1.4890369,674.17834,1.5818707,154.28905,0.05,1.6615055,1155.8253
baseline,97,2018,0,0.26074708,3.6446897e-07,486.22574,3.7826717e-07,141.85005,0.05,3.9591305e-07,1073.34
baseline,97,2019,0,0.28358665,0.0027637077,567.32086,0.0028698044,144.26656,0.05,0.0030074227,1089.275
baseline,98,2015,0,0.26363114,6.9904385,369.30603,7.4479103,116.622444,0.05,7.756743,886.75867
baseline,98,2016,0,0.25257835,7.724162,304.9777,8.174424,111.87249,0.05,8.533018,853.4494
baseline,98,2017,0,0.29532832,6.5500026,422.41348,6.993818,128.10324,0.05,7.3585687,965.6371
baseline,98,2018,0,0.29560527,6.2503047,418.21243,6.7001095,124.29041,0.05,7.045645,936.8626
baseline,98,2019,0,0.28122884,6.0364766,399.17987,6.4822016,124.11304,0.05,6.8025365,937.0193
baseline,99,2015,0,0.16670127,6.062377,363.44244,6.194266,164.78992,0.05,6.6142864,1248.0392
baseline,99,2016,0,0.20260821,5.8555493,467.22424,6.124061,168.42938,0.05,6.5360994,1274.2178
baseline,99,2017,0,0.18631141,6.407574,387.51453,6.619359,160.97528,0.05,7.061657,1223.9327
baseline,99,2018,0,0.16461918,6.245431,373.63177,6.4523277,162.06342,0.05,6.870784,1231.5667
baseline,99,2019,0,0.16872273,6.4571843,361.85342,6.6211147,158.52785,0.05,7.063259,1206.7118
baseline,100,2015,0,0.4810059,9.460415,1745.9435,9.996873,250.99542,0.05,10.666474,1865.8403
baseline,100,2016,0,0.50868964,7.67118,1856.4045,8.296615,244.9852,0.05,8.835584,1822.6149
baseline,100,2017,0,0.5274325,7.730554,1880.8107,8.525862,238.64084,0.05,9.088416,1780.413
baseline,100,2018,0,0.40132055,8.800472,1414.958,9.396045,236.9698,0.05,10.032148,1769.6313
baseline,100,2019,0,0.37694797,9.056896,1267.1918,9.605943,237.98334,0.05,10.285528,1774.3317
baseline,101,2015,0,0.38057387,1.2916037,766.5457,1.3468956,155.59746,0.05,1.4211715,1162.7896
baseline,101,2016,0,0.32028443,0.026164494,631.87146,0.027399201,153.9656,0.05,0.028965037,1152.4939
baseline,101,2017,0,0.35042295,0.008597809,767.19354,0.009227881,160.96065,0.05,0.009732331,1206.6766
baseline,101,2018,0,0.37827793,0.1179987,829.35333,0.1279576,160.12675,0.05,0.13540147,1198.8595
baseline,101,2019,0,0.39410815,1.7128121,846.79974,1.8807377,154.81677,0.05,1.989852,1163.3962
baseline,102,2015,0,0.29429266,0.014038383,531.4489,0.015013549,137.1016,0.05,0.015836589,1030.8184
baseline,102,2016,0,0.28306833,0.22888376,576.6562,0.23731,150.95071,0.05,0.24861458,1124.1436
baseline,102,2017,0,0.29488504,0.0009073323,597.5035,0.0009493935,151.65506,0.05,0.0009955912,1131.8224
baseline,102,2018,0,0.2730105,2.6645594e-07,503.43665,2.7970646e-07,144.41107,0.05,2.9328302e-07,1081.6924
baseline,102,2019,0,0.31917804,0.0066041946,637.48596,0.0070493077,140.6874,0.05,0.007421543,1061.5038
baseline,103,2015,0,0.5654484,5.583559,1598.4872,6.713217,184.85243,0.05,7.1482034,1411.6047
baseline,103,2016,0,0.56375366,5.1265907,1615.6084,6.2476034,185.51329,0.05,6.655387,1418.5863
baseline,103,2017,0,0.56854016,5.2836466,1553.9535,6.414497,178.26443,0.05,6.8321786,1365.4554
baseline,103,2018,0,0.54047984,5.1696935,1514.3956,6.2620206,182.87944,0.05,6.662717,1397.1885
baseline,103,2019,0,0.43196622,6.530287,1170.8562,7.5037136,180.20789,0.05,7.968441,1377.604
baseline,104,2015,0,0.36408523,5.030039,899.83276,5.2782397,199.8983,0.05,5.5442314,1491.6401
baseline,104,2016,0,0.33818424,3.030281,939.9357,3.1991987,193.89453,0.05,3.3889303,1455.6166
baseline,104,2017,0,0.37751877,2.623611,1003.19476,2.8166225,198.0492,0.05,2.9801567,1483.12
baseline,104,2018,0,0.30698207,6.035305,703.22473,6.2508297,193.25288,0.05,6.5330644,1448.831
baseline,104,2019,0,0.3904354,3.129045,1068.3816,3.339643,200.56839,0.05,3.5176625,1502.1321
baseline,105,2015,0,0.30028915,5.700986,882.6329,6.206938,192.69888,0.05,6.6167297,1456.1531
baseline,105,2016,0,0.32090724,5.6540694,971.5738,6.1028132,200.69164,0.05,6.4532337,1509.8264
baseline,105,2017,0,0.27460867,6.002145,755.38544,6.415456,183.64958,0.05,6.7957435,1390.5603
baseline,105,2018,0,0.26738223,6.6036763,746.98944,6.977539,195.2433,0.05,7.4496655,1469.7224
baseline,105,2019,0,0.29898456,5.897073,887.1865,6.429073,196.77904,0.05,6.864314,1479.9307
baseline,106,2015,0,0.29046154,0.5789558,528.7807,0.6026238,139.63144,0.05,0.63024664,1045.3945
baseline,106,2016,0,0.2728341,1.996308,553.0069,2.0714817,150.99457,0.05,2.1637146,1120.6421
baseline,106,2017,0,0.33719403,4.470857,709.16907,4.857091,148.66028,0.05,5.1089115,1111.0066
baseline,106,2018,0,0.26327035,3.0491003e-06,486.89612,3.1702846e-06,140.13551,0.05,3.3314004e-06,1051.5905
baseline,106,2019,0,0.29923603,0.0017825334,568.46063,0.0018520806,138.3449,0.05,0.0019350173,1043.5533
baseline,107,2015,0,0.29580784,4.38415,925.8488,4.6272993,200.98914,0.05,4.9176455,1509.7833
baseline,107,2016,0,0.24677357,5.2453413,800.91034,5.458243,218.92136,0.05,5.8370805,1630.9167
baseline,107,2017,0,0.26665977,4.4639654,857.7916,4.6591673,205.32578,0.05,4.927226,1538.5758
baseline,107,2018,0,0.28185144,4.028974,937.49915,4.1511054,213.70558,0.05,4.3807716,1593.8983
baseline,107,2019,0,0.31081364,4.1629744,1042.3044,4.3358693,216.91998,0.05,4.590424,1618.4218
baseline,108,2015,0,0.28421703,7.453144,461.2653,8.074362,140.97552,0.05,8.482157,1064.8727
baseline,108,2016,0,0.2994254,7.1734962,472.23203,7.610004,146.87248,0.05,7.9785705,1107.2848
baseline,108,2017,0,0.2663797,6.775371,434.75583,7.1213613,144.90901,0.05,7.482125,1093.9222
baseline,108,2018,0,0.28450775,7.3477917,442.1521,7.7938876,140.90376,0.05,8.195948,1063.2837
baseline,108,2019,0,0.30613315,5.731204,530.4318,5.986501,148.33542,0.05,6.1993484,1111.794
baseline,109,2015,0,0.28656998,7.203097,556.0481,7.801716,156.54439,0.05,8.286947,1184.7552
baseline,109,2016,0,0.3099565,7.2037053,612.1748,7.6968665,162.19446,0.05,8.081337,1224.6237
baseline,109,2017,0,0.25594795,6.533522,515.64246,6.830823,160.2507,0.05,7.1890454,1209.5872
baseline,109,2018,0,0.3042852,6.7981114,621.0207,7.2804375,159.16316,0.05,7.6161213,1205.891
baseline,109,2019,0,0.33198553,5.5045147,726.6059,5.8867607,168.1985,0.05,6.1774416,1263.3223
baseline,110,2015,0,0.25284314,3.7491343,823.0181,3.8682282,200.14856,0.05,4.0709295,1503.2521
baseline,110,2016,0,0.24517998,3.8764453,807.3552,3.9723294,203.13861,0.05,4.1825304,1521.8169
baseline,110,2017,0,0.2635329,3.3292542,871.62726,3.4221878,202.42224,0.05,3.6253724,1512.2512
baseline,110,2018,0,0.2641895,3.0276196,905.58734,3.1396775,205.42088,0.05,3.3257384,1537.2325
baseline,110,2019,0,0.2635642,3.2836993,887.1736,3.3870852,205.63106,0.05,3.5867383,1537.7305
baseline,111,2015,0,0.2286237,6.203997,381.81537,6.731169,128.84866,0.05,7.1700788,978.9298
baseline,111,2016,0,0.24534102,7.11341,393.81662,7.4289646,135.40312,0.05,7.7675815,1022.6455
baseline,111,2017,0,0.22751276,7.4200587,392.86203,7.761458,140.17062,0.05,8.176713,1056.8528
baseline,111,2018,0,0.25047332,7.0035567,429.54697,7.3419623,141.08827,0.05,7.6924243,1063.7845
baseline,111,2019,0,0.23409821,6.5071816,418.6559,6.7550874,141.79575,0.05,7.0662827,1071.6882
baseline,112,2015,0,0.35743374,6.803888,992.20166,7.22902,206.19223,0.05,7.6194506,1542.5251
baseline,112,2016,0,0.27733102,7.868616,733.7323,8.276708,197.24498,0.05,8.733744,1479.0607
baseline,112,2017,0,0.3415072,6.703573,954.969,7.1629014,206.93924,0.05,7.553376,1544.5695
baseline,112,2018,0,0.40063024,6.2232265,1093.6655,6.728942,204.50168,0.05,7.0932918,1528.8198
baseline,112,2019,0,0.3873581,6.180236,1062.9089,6.67417,203.40318,0.05,7.0555944,1523.2454
baseline,113,2015,0,0.23478988,3.4614832,398.81567,3.7254226,122.90758,0.05,3.9778924,934.6626
baseline,113,2016,0,0.25246608,4.100428,412.6425,4.371563,125.688194,0.05,4.6470637,954.4143
baseline,113,2017,0,0.25278398,4.059948,443.28574,4.3013883,127.07612,0.05,4.5419154,967.9006
baseline,113,2018,0,0.24970618,3.527269,440.54477,3.788045,130.86017,0.05,4.054923,990.86914
baseline,113,2019,0,0.22490105,3.7314787,382.70682,3.8835623,135.06653,0.05,4.102085,1015.3968
baseline,114,2015,0,0.34028804,7.52491,762.49286,7.9036794,200.25089,0.05,8.358074,1494.9707
baseline,114,2016,0,0.3612044,6.23245,862.5501,6.565066,196.2613,0.05,6.9156985,1471.3052
baseline,114,2017,0,0.37214485,4.221295,954.75446,4.5383763,199.71236,0.05,4.813862,1494.9751
baseline,114,2018,0,0.32073727,8.428965,682.9623,8.845177,196.02701,0.05,9.296384,1471.1594
baseline,114,2019,0,0.40576938,4.9975734,1033.1676,5.4496007,202.4752,0.05,5.7845793,1513.1758
baseline,115,2015,0,0.2876217,0.43884376,531.2981,0.4595814,137.9838,0.05,0.48140815,1037.0118
baseline,115,2016,0,0.26854292,1.5830938,543.9756,1.6447619,149.47545,0.05,1.717245,1111.6796
baseline,115,2017,0,0.30271155,1.0443426,620.88226,1.1091346,148.39276,0.05,1.1656363,1108.9338
baseline,115,2018,0,0.2509709,1.0463475e-06,450.6015,1.0872362e-06,138.43776,0.05,1.1443454e-06,1042.091
baseline,115,2019,0,0.28807598,0.0009352738,543.5177,0.0009713031,136.02461,0.05,0.0010139798,1028.702
baseline,116,2015,0,0.30415165,4.6832213,1022.0832,4.8251467,225.74591,0.05,5.0973177,1683.1537
baseline,116,2016,0,0.25030825,5.1317606,829.7246,5.304836,219.99065,0.05,5.6939754,1646.1765
baseline,116,2017,0,0.34570625,3.3468704,1247.5244,3.4339707,235.05301,0.05,3.646705,1748.738
baseline,116,2018,0,0.34835896,3.0781534,1270.0034,3.1638925,236.47685,0.05,3.3609478,1758.351
baseline,116,2019,0,0.39509335,3.1422377,1396.3315,3.2879014,231.53522,0.05,3.50072,1722.6271
baseline,117,2015,0,0.3339553,0.08024223,649.63104,0.08440005,147.68745,0.05,0.089017764,1109.8308
baseline,117,2016,0,0.29580882,0.017177446,621.1801,0.01800955,160.581,0.05,0.01898558,1197.4421
baseline,117,2017,0,0.3383399,0.055269424,741.8562,0.059140462,162.33455,0.05,0.062469266,1212.4603
baseline,117,2018,0,0.32730207,1.958153e-05,720.9741,2.105578e-05,155.55067,0.05,2.219626e-05,1167.9999
baseline,117,2019,0,0.34666285,0.060076594,735.7735,0.06479,152.20396,0.05,0.068451904,1143.2991
baseline,118,2015,0,0.38429946,5.709439,994.4578,6.1538963,183.6991,0.05,6.48459,1386.9055
baseline,118,2016,0,0.35996625,7.3431253,939.8016,7.7113934,197.3398,0.05,8.122783,1482.4342
baseline,118,2017,0,0.48359218,5.755176,1311.5204,6.312123,195.3054,0.05,6.675427,1468.2246
baseline,118,2018,0,0.32997322,5.976103,863.67737,6.2311764,186.94713,0.05,6.5351725,1410.7882
baseline,118,2019,0,0.41567513,5.683546,1175.2609,6.091759,202.08177,0.05,6.4188814,1518.1647
baseline,119,2015,0,0.32997534,6.96642,990.1791,7.444534,228.81206,0.05,7.9121704,1712.3927
baseline,119,2016,0,0.32631204,6.8684797,1006.95746,7.3781123,228.08508,0.05,7.8364606,1707.0807
baseline,119,2017,0,0.36182135,5.4904637,1184.6066,6.1658936,220.72478,0.05,6.5736136,1659.6736
baseline,119,2018,0,0.31096345,7.5400524,817.74927,8.071722,214.56375,0.05,8.542799,1615.0808
baseline,119,2019,0,0.30075377,7.4902506,833.76605,7.935564,217.72101,0.05,8.414532,1637.5924
baseline,120,2015,0,0.21658245,4.6399584,442.34933,4.919363,148.01004,0.05,5.224948,1133.7495
baseline,120,2016,0,0.22415522,4.7341805,458.1763,5.0277047,148.10634,0.05,5.32986,1134.66
baseline,120,2017,0,0.2256968,4.4971333,505.69345,4.749336,157.23578,0.05,5.046095,1194.273
baseline,120,2018,0,0.243359,4.8096957,511.98987,5.092305,151.33429,0.05,5.3981786,1156.8489
baseline,120,2019,0,0.20615292,4.9710665,423.4981,5.1438866,147.66629,0.05,5.450228,1128.7428
baseline,121,2015,0,0.28741565,4.783086,577.4977,4.9360037,140.96512,0.05,5.14687,1048.6511
baseline,121,2016,0,0.27118254,4.7567163,562.4202,4.9511585,138.09766,0.05,5.123742,1031.0468
baseline,121,2017,0,0.2585932,4.486452,499.96182,4.631288,130.2144,0.05,4.801795,979.03735
baseline,121,2018,0,0.26705694,4.6334105,546.1578,4.7315736,141.71991,0.05,4.9069424,1057.0863
baseline,121,2019,0,0.26438263,4.888307,556.4739,5.149392,140.14455,0.05,5.3637943,1044.445
baseline,122,2015,0,0.36147162,5.6005034,819.69183,5.691474,192.68211,0.05,5.9727454,1439.2874
baseline,122,2016,0,0.35382375,4.0401998,924.5059,4.2796807,194.31107,0.05,4.522484,1455.4622
baseline,122,2017,0,0.32284048,4.449008,743.13293,4.6476765,189.70268,0.05,4.884267,1423.7863
baseline,122,2018,0,0.29717663,6.952245,601.53656,7.1327906,184.95964,0.05,7.4566965,1389.4371
baseline,122,2019,0,0.40297467,3.9598699,973.8548,4.1195416,196.19255,0.05,4.322178,1468.7517
baseline,123,2015,0,0.45805725,7.416271,1658.1005,8.193504,243.04979,0.05,8.767027,1815.9431
baseline,123,2016,0,0.4813361,6.083001,1772.7393,6.9691277,238.24916,0.05,7.4491234,1782.9772
baseline,123,2017,0,0.49277374,6.134342,1780.0651,7.029339,234.49008,0.05,7.4766936,1757.6283
baseline,123,2018,0,0.4161462,6.731472,1478.3424,7.5232167,232.00807,0.05,8.019677,1738.5902
baseline,123,2019,0,0.35940176,7.2192693,1308.3772,7.8793178,240.60606,0.05,8.415643,1797.2285
baseline,124,2015,0,0.5545583,5.878637,1545.603,7.123464,178.26239,0.05,7.5634437,1369.6094
baseline,124,2016,0,0.5571599,5.284811,1584.6188,6.5471845,180.32545,0.05,6.9659405,1385.2058
baseline,124,2017,0,0.5638243,5.4837112,1509.4275,6.74608,171.64305,0.05,7.173711,1322.0444
baseline,124,2018,0,0.5318202,5.2881303,1465.6777,6.5342746,173.95174,0.05,6.9458275,1339.0305
baseline,124,2019,0,0.44089884,6.3624372,1193.4093,7.4451275,174.53938,0.05,7.9063897,1341.3682
baseline,125,2015,0,0.30018696,0.19215254,558.8744,0.20208755,141.30856,0.05,0.21217346,1064.025
baseline,125,2016,0,0.2733257,0.19591884,569.80475,0.20262253,155.81178,0.05,0.21185464,1161.3431
baseline,125,2017,0,0.3128235,0.8728806,668.1751,0.9278001,153.98917,0.05,0.9757995,1153.6783
baseline,125,2018,0,0.2756196,3.7976542e-06,544.9962,3.9468864e-06,146.67941,0.05,4.13487e-06,1104.6926
baseline,125,2019,0,0.30509886,0.0065640723,624.53577,0.006916698,144.28162,0.05,0.00726426,1089.4897
baseline,126,2015,0,0.514768,4.0875163,1479.2312,5.0815034,167.64879,0.05,5.406513,1293.4695
baseline,126,2016,0,0.50047994,4.730244,1432.9783,5.7932177,168.56448,0.05,6.1815696,1300.6023
baseline,126,2017,0,0.5182236,4.43823,1428.7513,5.493635,162.92311,0.05,5.841194,1257.9534
baseline,126,2018,0,0.4060785,5.163728,1123.651,6.0675683,165.66692,0.05,6.4633365,1277.3906
baseline,126,2019,0,0.31694657,4.9991975,865.363,5.607916,163.03017,0.05,5.9757032,1258.2488
baseline,127,2015,0,0.5884231,4.775521,1700.5574,5.7103133,182.04086,0.05,6.050939,1404.8469
baseline,127,2016,0,0.58316016,5.5829353,1749.9346,6.429739,194.1803,0.05,6.8127766,1487.9275
baseline,127,2017,0,0.5831759,4.9975576,1634.466,5.868839,180.87393,0.05,6.2405663,1390.8855
baseline,127,2018,0,0.57662416,5.6576295,1618.5747,6.6470513,180.87329,0.05,7.0617867,1391.023
baseline,127,2019,0,0.52436125,5.8554897,1463.8038,6.8378654,180.08702,0.05,7.2621784,1391.2924
baseline,128,2015,0,0.5219987,4.3730335,1461.3026,5.3392963,171.44485,0.05,5.684165,1317.741
baseline,128,2016,0,0.54156697,3.8774495,1489.2886,4.846524,167.02708,0.05,5.1570463,1288.2261
baseline,128,2017,0,0.5436509,4.1074843,1503.9076,5.072485,169.35744,0.05,5.401884,1303.404
baseline,128,2018,0,0.49666515,3.9743273,1357.7599,4.8330197,167.9379,0.05,5.1364183,1292.5095
baseline,128,2019,0,0.3024975,5.747084,834.68195,6.2925553,172.72044,0.05,6.6902647,1325.3235
baseline,129,2015,0,0.24269752,8.6930485,525.67267,9.141534,165.7633,0.05,9.6838255,1254.8696
baseline,129,2016,0,0.29158804,7.577544,683.2656,8.055538,179.47983,0.05,8.528475,1354.15
baseline,129,2017,0,0.26572478,7.5997677,610.3259,7.9570637,170.03604,0.05,8.344049,1286.365
baseline,129,2018,0,0.2613914,7.8424754,590.22797,8.277607,170.98067,0.05,8.728616,1290.5791
baseline,129,2019,0,0.26547164,7.0114746,649.46655,7.3160324,178.77237,0.05,7.7087584,1345.4193
baseline,130,2015,0,0.24271496,5.4439797,664.4814,5.6960473,191.00404,0.05,5.929589,1450.4521
baseline,130,2016,0,0.27354932,5.1772485,852.42554,5.4040995,206.82217,0.05,5.6544046,1565.7104
baseline,130,2017,0,0.2823489,5.265284,727.96796,5.6126027,189.04842,0.05,5.838528,1432.8418
baseline,130,2018,0,0.2502609,5.0633564,717.2135,5.3136954,193.41133,0.05,5.6009035,1465.0702
baseline,130,2019,0,0.25224233,5.57253,670.86957,5.8424,196.70811,0.05,6.164795,1485.4113
baseline,131,2015,0,0.26798084,3.8756762,528.8205,4.0293236,158.50832,0.05,4.240109,1178.4794
baseline,131,2016,0,0.27414274,5.3280463,550.3032,5.557434,154.57556,0.05,5.8041687,1153.1394
baseline,131,2017,0,0.27432945,5.3308334,587.15936,5.454108,160.84676,0.05,5.68602,1200.2866
baseline,131,2018,0,0.2531795,5.3918552,506.35992,5.6149387,153.6458,0.05,5.859164,1148.1154
baseline,131,2019,0,0.24187209,6.212869,529.1567,6.514833,159.23364,0.05,6.9109516,1194.8435
baseline,132,2015,0,0.12869191,5.672451,233.94366,5.6558003,155.14201,0.05,6.0403895,1179.2389
baseline,132,2016,0,0.1476203,6.115596,287.67944,6.113403,163.04843,0.05,6.5379653,1235.6193
baseline,132,2017,0,0.14298068,5.6511693,302.04974,5.6812615,161.44835,0.05,6.066609,1222.6932
baseline,132,2018,0,0.15770347,5.8641143,336.79962,5.910348,172.21687,0.05,6.3175936,1299.8964
baseline,132,2019,0,0.13025561,5.469068,238.29878,5.460441,158.31798,0.05,5.8325877,1197.1312
baseline,133,2015,0,0.32013157,5.814299,853.8542,6.17753,213.72151,0.05,6.486813,1602.8022
baseline,133,2016,0,0.3463804,5.1558657,996.1734,5.511694,222.61462,0.05,5.7818975,1662.3977
baseline,133,2017,0,0.36119476,3.8117018,1081.7267,4.197118,209.45363,0.05,4.415808,1574.0049
baseline,133,2018,0,0.31508893,5.9806743,812.76733,6.421261,208.82591,0.05,6.7967577,1571.3052
baseline,133,2019,0,0.30146432,6.5465813,784.89026,6.8986855,212.36427,0.05,7.2520905,1596.9037
baseline,134,2015,0,0.22441983,4.9919467,346.02942,5.4291825,115.696526,0.05,5.780675,880.2914
baseline,134,2016,0,0.23920643,5.409445,363.1801,5.7346435,115.08851,0.05,6.01112,876.7709
baseline,134,2017,0,0.24198055,5.9453254,376.10706,6.2120557,126.96932,0.05,6.5339246,954.23663
baseline,134,2018,0,0.2405893,5.6693187,371.0868,6.0926857,120.570305,0.05,6.409535,913.10834
baseline,134,2019,0,0.22798103,5.880607,354.558,6.052927,130.4197,0.05,6.307157,980.1365
baseline,135,2015,0,0.26436436,8.691441,473.5067,9.235998,154.32382,0.05,9.719488,1167.8446
baseline,135,2016,0,0.33993244,7.487561,614.96643,8.016775,157.43991,0.05,8.375479,1191.4917
baseline,135,2017,0,0.24268691,8.524669,441.94043,8.896775,155.09982,0.05,9.3352585,1172.3641
baseline,135,2018,0,0.32617396,8.068743,614.51337,8.664904,157.92229,0.05,9.030826,1195.6034
baseline,135,2019,0,0.3006569,7.8423586,568.18536,8.41125,161.3093,0.05,8.836459,1214.5226
baseline,136,2015,0,0.29499394,5.004567,635.1481,5.220914,147.20601,0.05,5.455992,1092.8416
baseline,136,2016,0,0.28533465,5.032848,627.12244,5.386026,145.6744,0.05,5.6480284,1083.6555
baseline,136,2017,0,0.3532214,3.856704,757.4695,4.1921573,139.50336,0.05,4.38278,1045.3899
baseline,136,2018,0,0.27485332,4.837543,572.15094,5.04882,139.53671,0.05,5.264009,1045.6108
baseline,136,2019,0,0.31138125,4.4511986,640.44916,4.7530675,137.35942,0.05,4.9822087,1034.2882
baseline,137,2015,0,0.43754685,7.1427307,1295.792,7.991703,206.9784,0.05,8.407312,1549.7499
baseline,137,2016,0,0.42708355,6.945897,1271.0076,7.72034,211.25427,0.05,8.192944,1577.7878
baseline,137,2017,0,0.22633034,8.457266,618.0717,8.811077,195.3231,0.05,9.341331,1463.9984
baseline,137,2018,0,0.43087596,6.692541,1305.4702,7.3082695,219.22092,0.05,7.7589846,1627.1006
baseline,137,2019,0,0.43155098,6.8617215,1295.6189,7.6345778,209.01009,0.05,8.064134,1561.9231
baseline,138,2015,0,0.26266825,7.4453373,610.1505,7.824221,189.92172,0.05,8.217775,1434.3429
baseline,138,2016,0,0.2958822,6.5289335,712.56036,6.87437,197.94556,0.05,7.2151794,1493.7513
baseline,138,2017,0,0.27326488,6.767126,677.3208,7.1839213,188.8314,0.05,7.5444107,1429.1925
baseline,138,2018,0,0.2618696,6.496259,613.38446,6.867975,183.43442,0.05,7.2368155,1388.4231
baseline,138,2019,0,0.28767517,6.5699015,704.5087,6.9094353,194.57947,0.05,7.273539,1465.6633
baseline,139,2015,0,0.25313234,5.868415,800.1954,6.2503495,191.87439,0.05,6.611394,1444.5687
baseline,139,2016,0,0.23637797,6.544417,713.45483,6.8440905,190.33105,0.05,7.236849,1433.8839
baseline,139,2017,0,0.2854344,5.6544504,875.1507,6.059415,189.76184,0.05,6.4022293,1428.3816
baseline,139,2018,0,0.23686574,6.0804224,719.4557,6.3889055,189.17847,0.05,6.768957,1427.5607
baseline,139,2019,0,0.2486614,6.3773937,774.92615,6.701436,195.90056,0.05,7.0922384,1470.2761
baseline,140,2015,0,0.2998968,0.11167033,581.27313,0.11614332,149.83466,0.05,0.12199514,1122.7015
baseline,140,2016,0,0.2925909,0.38829422,618.0553,0.40904033,154.52814,0.05,0.42943162,1155.3943
baseline,140,2017,0,0.34682333,4.97769,770.84204,5.358331,159.09215,0.05,5.6441417,1193.9976
baseline,140,2018,0,0.27251706,5.5276914e-08,528.3252,5.743053e-08,144.84007,0.05,6.016032e-08,1096.7153
baseline,140,2019,0,0.31315017,0.011910005,665.63574,0.012391465,154.71832,0.05,0.013021036,1163.113
baseline,141,2015,0,0.58124113,4.0682726,1670.1736,4.8105965,181.91722,0.05,5.1109896,1398.25
baseline,141,2016,0,0.5707043,4.7315245,1652.9331,5.4349594,189.57297,0.05,5.774206,1454.1632
baseline,141,2017,0,0.5841103,4.060404,1673.772,4.7557197,183.18707,0.05,5.059401,1405.5
baseline,141,2018,0,0.5670868,4.4441004,1582.1554,5.2135215,179.07553,0.05,5.534548,1378.0771
baseline,141,2019,0,0.47024408,5.356983,1252.0818,6.096901,174.33168,0.05,6.439603,1347.3413
baseline,142,2015,0,0.37834305,3.93076,1147.4601,4.323743,205.46666,0.05,4.5464416,1543.47
baseline,142,2016,0,0.3777599,3.8319795,1119.4305,4.2116184,201.24364,0.05,4.444584,1514.3573
baseline,142,2017,0,0.33395278,5.1383467,921.3218,5.514031,194.15367,0.05,5.7485557,1462.6561
baseline,142,2018,0,0.35047153,5.617007,958.58,6.050717,204.97873,0.05,6.3990993,1536.2413
baseline,142,2019,0,0.32944813,4.925565,996.6206,5.299449,207.20306,0.05,5.572301,1553.1274
baseline,143,2015,0,0.38057834,4.2431207,694.7082,4.6799016,128.14645,0.05,4.9025,964.1381
baseline,143,2016,0,0.27346292,5.224088,481.38678,5.4999757,123.05373,0.05,5.723877,931.30493
baseline,143,2017,0,0.2508413,5.7717066,462.40823,6.1030955,128.7515,0.05,6.4054856,973.739
baseline,143,2018,0,0.24392904,5.609906,459.85532,5.9790845,134.06491,0.05,6.3938384,1001.1014
baseline,143,2019,0,0.29330027,5.0468583,528.1138,5.346363,124.22657,0.05,5.552037,935.35986
baseline,144,2015,0,0.3511278,3.7470367,1144.7788,3.9926684,208.9429,0.05,4.21319,1564.8325
baseline,144,2016,0,0.32119438,3.3537989,1082.5829,3.5378733,210.10873,0.05,3.7405102,1570.6516
baseline,144,2017,0,0.3719993,2.7123785,1272.1259,2.8761992,213.3449,0.05,3.0615063,1587.7737
baseline,144,2018,0,0.36586475,2.5449755,1274.3502,2.7138178,215.15771,0.05,2.8888702,1603.6176
baseline,144,2019,0,0.38605753,2.6421447,1365.9686,2.8489764,219.31888,0.05,3.0283542,1634.5944
baseline,145,2015,0,0.31668326,5.2240143,1004.8217,5.588691,217.69847,0.05,5.9292326,1623.2546
baseline,145,2016,0,0.32609186,5.229561,1034.1481,5.643042,218.41617,0.05,5.9758816,1632.505
baseline,145,2017,0,0.35636988,3.4838152,1201.9587,3.9264665,211.50984,0.05,4.182909,1582.2677
baseline,145,2018,0,0.25742996,6.403059,789.86664,6.7103233,215.43529,0.05,7.1033278,1608.6804
baseline,145,2019,0,0.2634574,6.4669266,783.5463,6.7327642,217.18637,0.05,7.1202755,1618.6641
baseline,146,2015,0,0.40565723,4.4898014,764.8782,4.9302797,132.84946,0.05,5.1535835,1001.1559
baseline,146,2016,0,0.2956471,5.9333167,550.7928,6.368552,130.70398,0.05,6.6489162,992.2115
baseline,146,2017,0,0.34055096,5.1130657,665.37305,5.4395714,137.14769,0.05,5.679735,1033.4957
baseline,146,2018,0,0.34605563,5.5738106,706.77966,5.8857427,147.16292,0.05,6.128836,1100.1216
baseline,146,2019,0,0.3181362,5.894305,610.2921,6.3237386,139.23972,0.05,6.61662,1044.8281
baseline,147,2015,0,0.33795723,4.67742,924.8299,5.027283,182.71974,0.05,5.286443,1382.45
baseline,147,2016,0,0.25603342,6.288698,664.2671,6.6257825,183.25443,0.05,6.971223,1383.7579
baseline,147,2017,0,0.2964063,5.9098315,808.9888,6.2704563,189.92381,0.05,6.5673103,1430.8228
baseline,147,2018,0,0.32574454,5.1129146,894.95355,5.4964542,189.75304,0.05,5.7661314,1428.5461
baseline,147,2019,0,0.3055829,5.506862,795.51385,5.85967,182.57855,0.05,6.1495066,1380.4797
baseline,148,2015,0,0.1329947,6.0126605,252.44762,6.1225367,140.05646,0.05,6.494313,1080.9817
baseline,148,2016,0,0.14083141,5.9593844,270.00662,6.0738006,138.6454,0.05,6.4456205,1070.9255
baseline,148,2017,0,0.14350927,6.440946,277.44955,6.563338,144.14282,0.05,6.9602265,1108.0253
baseline,148,2018,0,0.15560527,6.2270727,312.9682,6.402686,142.7121,0.05,6.8073897,1099.3855
baseline,148,2019,0,0.13908264,6.306504,265.60687,6.3928537,138.87256,0.05,6.7888584,1070.796
baseline,149,2015,0,0.14903565,6.7471075,363.4795,6.827219,162.37596,0.05,7.2868767,1240.3438
baseline,149,2016,0,0.17810243,8.780514,452.2221,8.880816,186.0377,0.05,9.499023,1412.9675
baseline,149,2017,0,0.1636944,7.8209176,443.49335,7.8130155,189.90366,0.05,8.369931,1439.427
baseline,149,2018,0,0.1606002,7.4718966,411.0507,7.5613017,175.45564,0.05,8.077055,1337.7444
baseline,149,2019,0,0.20502216,7.1573696,595.46466,7.3359876,195.49861,0.05,7.8471103,1479.0056
baseline,150,2015,0,0.28672165,6.7817993,563.9999,7.372613,151.71951,0.05,7.730192,1149.1969
baseline,150,2016,0,0.30554965,7.4809413,555.3693,7.9946346,155.76038,0.05,8.368339,1180.158
baseline,150,2017,0,0.36202362,5.76642,731.44696,6.33716,157.7158,0.05,6.698752,1193.8533
baseline,150,2018,0,0.32665664,6.333559,640.1824,6.8153715,159.06795,0.05,7.195991,1199.8276
baseline,150,2019,0,0.33173826,5.7751784,680.7617,6.172996,166.66083,0.05,6.4933443,1253.606
baseline,151,2015,0,0.54576427,5.21834,1636.5984,6.0653043,197.13339,0.05,6.484338,1493.005
baseline,151,2016,0,0.54671824,5.5086303,1615.2977,6.4037642,198.84091,0.05,6.8421364,1504.4028
baseline,151,2017,0,0.5505565,5.4696083,1566.8558,6.328682,191.37141,0.05,6.760575,1448.9166
baseline,151,2018,0,0.48003116,5.7773986,1363.9641,6.5955715,193.00163,0.05,7.0152354,1461.8179
baseline,151,2019,0,0.38005793,6.546465,1086.4324,7.196726,191.23032,0.05,7.652458,1451.4606
baseline,152,2015,0,0.34331945,6.0047746,605.92926,6.5672836,147.77292,0.05,6.890696,1113.2023
baseline,152,2016,0,0.35349104,6.9028587,572.47363,7.234237,154.899,0.05,7.5673275,1162.0975
baseline,152,2017,0,0.35259017,5.813868,616.23413,6.1576943,149.53606,0.05,6.471464,1126.0818
baseline,152,2018,0,0.3092318,6.4408293,542.0972,6.761181,152.52075,0.05,7.0974526,1145.5122
baseline,152,2019,0,0.32644284,5.373642,608.2639,5.5868273,158.69421,0.05,5.8315315,1189.3312
baseline,153,2015,0,0.31957617,4.5373154,552.83716,4.844955,122.72377,0.05,5.0425887,927.0362
baseline,153,2016,0,0.23876883,5.155681,413.32037,5.5157127,120.928276,0.05,5.896283,913.6623
baseline,153,2017,0,0.21870397,5.350924,392.37122,5.66907,122.34658,0.05,6.057826,927.1549
baseline,153,2018,0,0.22231844,4.9225626,433.10266,5.2504926,129.81096,0.05,5.6122704,970.98944
baseline,153,2019,0,0.23454863,5.2064013,387.17807,5.574978,116.99293,0.05,5.956591,885.3858
baseline,154,2015,0,0.5797114,4.44721,1659.653,5.252038,182.298,0.05,5.5764666,1407.0197
baseline,154,2016,0,0.57544416,5.093974,1713.3563,5.8333664,194.34377,0.05,6.2060704,1490.8606
baseline,154,2017,0,0.57660824,4.8216887,1604.9089,5.537554,182.6109,0.05,5.8911157,1404.0299
baseline,154,2018,0,0.56792367,4.8680053,1592.9125,5.701376,180.79132,0.05,6.062671,1392.8298
baseline,154,2019,0,0.48629186,5.589796,1290.6663,6.4005756,174.23651,0.05,6.7750216,1349.6261
baseline,155,2015,0,0.25863647,6.2396894,377.8652,6.6124587,116.98418,0.05,6.888935,891.04156
baseline,155,2016,0,0.23406155,7.1292295,313.64526,7.6006203,110.176,0.05,7.9778285,842.9797
baseline,155,2017,0,0.27377218,5.962234,431.3086,6.308014,131.12917,0.05,6.630935,986.1181
baseline,155,2018,0,0.27341574,5.8467717,399.8483,6.1908555,121.85806,0.05,6.4953594,920.0776
baseline,155,2019,0,0.26178706,5.5572004,399.55914,5.864109,126.894646,0.05,6.1327252,956.8547
baseline,156,2015,0,0.3379344,8.153466,850.0239,8.720858,187.19763,0.05,9.177186,1409.5052
baseline,156,2016,0,0.24521619,9.663243,611.2868,9.871947,195.32431,0.05,10.400942,1464.2754
baseline,156,2017,0,0.39483505,8.728476,1034.3422,9.490775,197.57523,0.05,10.084401,1481.9481
baseline,156,2018,0,0.22139595,8.375656,559.9691,8.456325,188.65671,0.05,8.870132,1423.2604
baseline,156,2019,0,0.30945557,7.1807766,858.4576,7.4991007,199.45544,0.05,7.87317,1496.4197
baseline,157,2015,0,0.20359775,4.7236643,683.8901,4.7716074,216.14272,0.05,5.127844,1610.6101
baseline,157,2016,0,0.25308165,4.5226903,818.8644,4.7182136,207.74333,0.05,5.0620418,1556.4108
baseline,157,2017,0,0.25232625,4.587728,820.49304,4.7812643,205.41035,0.05,5.1225443,1539.2404
baseline,157,2018,0,0.21576303,4.553143,650.6468,4.715072,193.98976,0.05,5.048836,1457.1606
baseline,157,2019,0,0.1403602,4.8795533,458.7172,4.884522,205.93666,0.05,5.225736,1536.7657
baseline,158,2015,0,0.30221224,10.314609,910.92847,10.770733,231.241,0.05,11.5427,1711.0305
baseline,158,2016,0,0.2538233,10.512134,725.9397,10.793879,220.30719,0.05,11.517828,1634.8877
baseline,158,2017,0,0.34947515,10.039044,1060.1564,10.650328,229.18181,0.05,11.422336,1700.3048
baseline,158,2018,0,0.2545051,10.18464,751.20166,10.549075,223.12674,0.05,11.291996,1655.7694
baseline,158,2019,0,0.32952142,9.771679,939.174,10.305327,220.09474,0.05,11.037,1634.2125
baseline,159,2015,0,0.46673253,7.6381407,1163.5176,8.727442,204.8074,0.05,9.24496,1535.6368
baseline,159,2016,0,0.47333816,7.52358,1152.5594,8.511978,208.6087,0.05,9.031397,1561.066
baseline,159,2017,0,0.48141629,7.4408875,1209.0287,8.500852,194.91002,0.05,8.936283,1465.2747
baseline,159,2018,0,0.4054495,7.011723,996.38763,7.8094335,193.17805,0.05,8.261866,1452.5355
baseline,159,2019,0,0.4357513,7.70824,1058.7797,8.654038,197.19557,0.05,9.150545,1480.4563
baseline,160,2015,1,0.4197911,4.479146,1285.1299,4.9051833,341.31943,0.1,5.391394,1287.0895
baseline,160,2016,1,0.3406151,4.8754334,1017.38306,5.0839114,332.75946,0.1,5.680941,1255.3767
baseline,160,2017,1,0.39441544,3.625785,1260.7507,3.889118,347.14124,0.1,4.190536,1305.2706
baseline,160,2018,1,0.4282984,2.9231458,1332.7799,3.1939585,343.6921,0.1,3.506033,1292.0988
baseline,160,2019,1,0.33414477,3.4975736,1047.574,3.7185144,338.41296,0.1,4.071861,1274.83
baseline,161,2015,1,0.11924152,2.2969823,288.07523,2.2530603,257.28995,0.1,2.4842467,1003.12164
baseline,161,2016,1,0.10498735,2.7714956,271.0498,2.6820118,276.03555,0.1,2.9353585,1070.2856
baseline,161,2017,1,0.08638202,2.4216459,215.14822,2.3062065,261.18665,0.1,2.581921,1016.23865
baseline,161,2018,1,0.10233495,2.5982106,254.28001,2.5053287,261.58362,0.1,2.809023,1016.6219
baseline,161,2019,1,0.092436984,2.9263473,214.81982,2.7660902,249.79504,0.1,3.1159286,976.2412
baseline,162,2015,1,0.50037766,2.126946,1707.3628,1.886117,374.56412,0.1,1.7956948,1453.2955
baseline,162,2016,1,0.35601717,2.0123188,1225.1439,1.7148218,366.83218,0.1,1.6026859,1426.49
baseline,162,2017,1,0.21721262,6.3212276,697.15564,6.3072424,356.49084,0.1,6.766696,1389.4167
baseline,162,2018,1,0.304282,6.009189,988.7897,6.2224007,362.82712,0.1,6.610252,1410.1628
baseline,162,2019,1,0.34886745,4.126906,1188.3782,3.9002023,376.78223,0.1,3.870432,1461.1647
baseline,163,2015,1,0.36740756,5.3814445,1256.0925,5.7572417,392.7345,0.1,6.443168,1516.2365
baseline,163,2016,1,0.44807622,4.5957212,1575.8068,5.041501,400.85953,0.1,5.6385727,1545.7365
baseline,163,2017,1,0.35079256,5.1126766,1184.7515,5.53015,379.632,0.1,6.188129,1470.7404
baseline,163,2018,1,0.5138846,4.555937,1793.3439,4.957369,403.98648,0.1,5.519169,1555.2343
baseline,163,2019,1,0.21962307,5.7544622,738.8612,5.789423,378.7017,0.1,6.535126,1465.7141
baseline,164,2015,1,0.59827834,0.5064405,2011.7095,0.3710335,370.9643,0.1,0.34908184,1415.1207
baseline,164,2016,1,0.59909344,0.34066,2027.0204,0.20048521,368.62762,0.1,0.1808148,1413.5798
baseline,164,2017,1,0.5990657,0.32955635,1992.6968,0.29693344,362.11786,0.1,0.2898779,1387.0758
baseline,164,2018,1,0.597707,0.5872996,1979.1527,0.5465492,363.8112,0.1,0.5326401,1392.2717
baseline,164,2019,1,0.59726226,0.33761078,1920.4182,0.25772205,348.53607,0.1,0.23731637,1339.3978
baseline,165,2015,1,0.19356085,6.9277954,408.2545,6.8129706,248.27827,0.1,7.72843,968.8483
baseline,165,2016,1,0.15341131,6.559283,331.67593,6.3364296,251.48924,0.1,7.039501,976.53253
baseline,165,2017,1,0.22778058,5.348144,514.74506,5.388457,260.5815,0.1,5.97306,1007.8085
baseline,165,2018,1,0.36958155,4.9238873,800.8288,5.184228,252.93854,0.1,5.601007,981.9647
baseline,165,2019,1,0.4256432,3.8278878,1028.4164,4.1117268,277.39282,0.1,4.475017,1072.6289
baseline,166,2015,1,0.45855087,2.7344828,1430.1263,2.958672,358.0291,0.1,3.185914,1385.6256
baseline,166,2016,1,0.39754453,3.1933007,1268.3177,3.4554446,366.6687,0.1,3.8424623,1413.968
baseline,166,2017,1,0.4423982,3.2087774,1372.8054,3.5210645,353.80374,0.1,3.783628,1368.8335
baseline,166,2018,1,0.4620658,2.276393,1428.0847,2.3504553,355.01782,0.1,2.5502472,1372.4286
baseline,166,2019,1,0.28639293,3.2266293,833.57056,3.3644466,324.16956,0.1,3.646563,1259.7942
baseline,167,2015,1,0.09477137,6.237767,299.35883,5.9055443,347.631,0.1,6.6190786,1350.5977
baseline,167,2016,1,0.09934063,6.2165422,306.57455,5.903689,339.51758,0.1,6.651305,1317.8816
baseline,167,2017,1,0.09008546,6.3656197,277.87933,5.992044,340.02866,0.1,6.757388,1321.4478
baseline,167,2018,1,0.06988781,6.5224733,210.62079,6.083681,336.44357,0.1,6.791644,1305.026
baseline,167,2019,1,0.08954266,6.278207,285.62375,5.938293,354.54495,0.1,6.5753717,1372.8318
baseline,168,2015,1,0.26624134,3.8726337,765.0323,3.9331515,323.65082,0.1,4.4824886,1217.1891
baseline,168,2016,1,0.22652899,3.1264825,618.24286,3.09664,308.2447,0.1,3.533574,1162.2257
baseline,168,2017,1,0.2548672,3.2530572,754.15796,3.2518482,335.0897,0.1,3.7031946,1258.2112
baseline,168,2018,1,0.21711814,2.9967823,606.4786,2.996158,306.90082,0.1,3.4042633,1160.8939
baseline,168,2019,1,0.17918877,0.111890495,528.89044,0.10955617,318.66998,0.1,0.124641664,1195.5955
baseline,169,2015,1,0.4994156,5.4982705,1560.6908,5.824765,362.33762,0.1,6.123095,1406.0953
baseline,169,2016,1,0.12726435,8.260962,398.3549,7.922643,358.62076,0.1,8.867741,1392.8947
baseline,169,2017,1,0.1017232,8.421612,309.82544,7.945672,350.28738,0.1,8.951211,1361.8516
baseline,169,2018,1,0.10320181,7.783648,319.81357,7.4029436,353.43918,0.1,8.241567,1372.5779
baseline,169,2019,1,0.13030215,7.6059847,415.30914,7.3887324,363.29773,0.1,8.131937,1408.3401
baseline,170,2015,1,0.23340477,6.445448,788.2607,6.506351,388.31378,0.1,7.3131256,1502.2659
baseline,170,2016,1,0.33192068,5.936927,1129.9132,6.2896986,391.98544,0.1,6.9376884,1516.321
baseline,170,2017,1,0.47515234,4.67105,1576.2963,5.2141905,389.08203,0.1,5.720192,1505.391
baseline,170,2018,1,0.20788544,5.4663267,720.9052,5.4681997,392.45114,0.1,6.0064983,1517.0927
baseline,170,2019,1,0.25304568,5.9959655,879.3173,6.113967,397.29016,0.1,6.7510185,1535.4664
baseline,171,2015,1,0.24341081,6.7190657,513.87726,6.7843647,248.97433,0.1,7.633508,971.07007
baseline,171,2016,1,0.18075423,6.53539,389.22098,6.385918,252.38823,0.1,7.1120872,979.70856
baseline,171,2017,1,0.24120933,5.194831,543.5149,5.2648582,260.1184,0.1,5.8151655,1006.19666
baseline,171,2018,1,0.41401738,4.35939,893.1906,4.637968,251.21024,0.1,5.0113106,975.8187
baseline,171,2019,1,0.46864855,3.2825906,1117.3007,3.5929174,273.80148,0.1,3.957626,1059.5145
baseline,172,2015,1,0.1723609,3.4262223,365.26624,3.43104,228.4928,0.1,3.84701,895.5219
baseline,172,2016,1,0.16019668,3.5845003,329.18576,3.5115674,226.26169,0.1,3.9563937,881.31055
baseline,172,2017,1,0.14729118,3.8152893,323.00937,3.7203915,238.88406,0.1,4.1977777,929.3528
baseline,172,2018,1,0.268442,3.6066265,571.4302,3.7909663,236.063,0.1,4.242696,918.97925
baseline,172,2019,1,0.20094375,3.521348,447.02014,3.568078,243.9442,0.1,4.0151052,946.3564
baseline,173,2015,1,0.51157,3.257327,1497.098,3.5623474,330.7588,0.1,3.9110138,1280.8749
baseline,173,2016,1,0.32679388,3.8845289,942.5378,4.0497465,324.59634,0.1,4.5674553,1259.4019
baseline,173,2017,1,0.4819138,3.1362805,1397.4653,3.4644825,321.504,0.1,3.8365116,1248.5247
baseline,173,2018,1,0.49568912,3.3839374,1490.8528,3.7316785,338.26566,0.1,4.127505,1309.4348
baseline,173,2019,1,0.31263438,3.253487,867.21545,3.466135,300.6602,0.1,3.8710835,1170.7307
baseline,174,2015,1,0.28992426,4.0425067,799.1604,4.2655373,302.4461,0.1,4.8118634,1159.0902
baseline,174,2016,1,0.22224748,4.6289244,633.2634,4.6671014,311.5518,0.1,5.257969,1193.5885
baseline,174,2017,1,0.17892225,4.178409,509.8076,4.1277523,309.7299,0.1,4.6656537,1181.5244
baseline,174,2018,1,0.22321023,3.6856446,670.3729,3.6321218,328.4433,0.1,3.993009,1248.6685
baseline,174,2019,1,0.21501538,4.082369,612.5311,4.138693,310.3492,0.1,4.6689568,1184.0492
baseline,175,2015,1,0.22644155,5.8376637,498.51782,5.888733,254.91914,0.1,6.6250734,989.7701
baseline,175,2016,1,0.28072327,4.9791884,641.8769,5.0877185,261.4444,0.1,5.576451,1012.0802
baseline,175,2017,1,0.23738809,3.7929502,586.3599,3.8459039,272.3618,0.1,4.162524,1050.6289
baseline,175,2018,1,0.27352425,5.4238763,623.8894,5.5542455,264.45117,0.1,6.1172285,1022.34564
baseline,175,2019,1,0.5321123,2.6946774,1314.7449,2.8820693,275.30807,0.1,3.0117598,1065.0839
baseline,176,2015,1,0.15357327,2.776094,298.35028,2.7690635,207.40536,0.1,3.1062295,816.28735
baseline,176,2016,1,0.13893601,3.2215352,275.0742,3.1461086,215.80168,0.1,3.5404618,846.7667
baseline,176,2017,1,0.12519716,2.8576014,259.6719,2.7731798,223.70628,0.1,3.1173804,877.28955
baseline,176,2018,1,0.15611781,3.271064,312.77832,3.2315512,219.0472,0.1,3.6364186,859.1244
baseline,176,2019,1,0.11554292,2.8305306,245.3151,2.7281766,228.63239,0.1,3.0670707,891.34784
baseline,177,2015,1,0.5987358,3.0520113,2012.6964,1.697943,389.5386,0.1,1.383705,1501.8436
baseline,177,2016,1,0.583724,6.317782,1744.0709,5.049041,362.13235,0.1,4.6491847,1405.873
baseline,177,2017,1,0.393452,9.311152,1159.0616,9.8248205,367.31934,0.1,10.303402,1423.2767
baseline,177,2018,1,0.29686934,8.362604,875.5899,8.679047,377.5263,0.1,9.379839,1457.0135
baseline,177,2019,1,0.31819636,7.953856,998.27686,8.349034,392.68637,0.1,8.946117,1515.2499
baseline,178,2015,1,0.2815028,4.5591917,938.08044,4.8072433,374.54797,0.1,5.4425583,1445.8965
baseline,178,2016,1,0.25647265,4.79852,859.3413,4.9581714,378.76596,0.1,5.544498,1460.552
baseline,178,2017,1,0.24425352,4.7257233,810.1645,4.813161,373.5859,0.1,5.352517,1443.0402
baseline,178,2018,1,0.28338736,4.934594,935.3548,5.17209,375.98578,0.1,5.8003416,1450.4336
baseline,178,2019,1,0.29377198,4.352532,1006.06085,4.665951,384.12073,0.1,5.2701774,1478.3514
baseline,179,2015,1,0.47960022,3.2280235,1386.358,3.5520442,328.85532,0.1,3.944678,1274.2871
baseline,179,2016,1,0.37332857,3.684567,1066.3824,3.859377,325.18982,0.1,4.3229904,1261.7737
baseline,179,2017,1,0.44129452,3.6143737,1258.7539,3.909273,322.5228,0.1,4.3108044,1253.3976
baseline,179,2018,1,0.547057,2.815844,1636.2583,3.1115875,337.9885,0.1,3.3341374,1309.241
baseline,179,2019,1,0.36129692,3.0666447,997.7301,3.3019304,302.41156,0.1,3.6363358,1177.7502
baseline,180,2015,1,0.5329774,3.1312137,1546.6273,3.5579748,327.28995,0.1,3.8675156,1268.5732
baseline,180,2016,1,0.29847547,4.258048,876.7668,4.4424458,326.70245,0.1,4.958656,1268.1532
baseline,180,2017,1,0.31883833,4.209312,914.75323,4.436052,318.8937,0.1,4.938739,1239.7247
baseline,180,2018,1,0.3247382,4.1711726,964.86346,4.389066,328.66364,0.1,4.925532,1272.8981
baseline,180,2019,1,0.23070516,3.8124533,627.0523,3.9071755,295.80176,0.1,4.3367248,1152.1921
baseline,181,2015,1,0.57757723,4.3623857,1958.8293,5.0737753,396.49933,0.1,5.3363085,1528.9211
baseline,181,2016,1,0.56857485,4.4865317,1949.915,5.203695,402.68433,0.1,5.603101,1549.4288
baseline,181,2017,1,0.5936402,4.111079,2000.7194,4.848397,393.96475,0.1,5.1259413,1518.0265
baseline,181,2018,1,0.5820772,3.8343024,1992.2308,4.4579096,402.4108,0.1,4.7222176,1546.8243
baseline,181,2019,1,0.48181424,4.861604,1674.9095,5.699146,403.15878,0.1,6.310427,1549.265
baseline,182,2015,1,0.5677841,4.91471,1850.9286,5.801776,373.3259,0.1,6.3493347,1447.1014
baseline,182,2016,1,0.22594626,6.5079317,766.7571,6.520365,377.85477,0.1,7.300897,1460.668
baseline,182,2017,1,0.2603376,6.535538,844.88214,6.768489,361.1172,0.1,7.6064205,1402.4011
baseline,182,2018,1,0.3555133,6.089088,1152.1251,6.51946,361.88843,0.1,7.2594256,1403.1688
baseline,182,2019,1,0.22340801,4.7979136,713.375,4.832021,345.2397,0.1,5.2522163,1343.6992
baseline,183,2015,1,0.16220215,6.1811132,349.21213,6.0158677,248.50688,0.1,6.8023267,967.6506
baseline,183,2016,1,0.1513433,5.979681,339.57208,5.773855,257.96075,0.1,6.389882,997.7396
baseline,183,2017,1,0.21531086,4.345244,515.37085,4.3440604,268.52362,0.1,4.7950263,1034.885
baseline,183,2018,1,0.271065,5.1416087,613.10004,5.2344074,262.2402,0.1,5.6797576,1013.5909
baseline,183,2019,1,0.44193888,4.0773134,1057.1877,4.446904,275.4425,0.1,4.838908,1063.6614
baseline,184,2015,1,0.46376818,2.5773857,1438.0858,2.76979,361.13455,0.1,2.9000702,1395.791
baseline,184,2016,1,0.36917326,2.9579873,1165.4143,3.213849,360.69064,0.1,3.5514631,1392.5304
baseline,184,2017,1,0.50016636,2.5386744,1556.8932,2.911625,355.26907,0.1,3.0678768,1374.4316
baseline,184,2018,1,0.46768776,1.6581072,1453.4956,1.7477361,357.89178,0.1,1.8191214,1382.7843
baseline,184,2019,1,0.32290235,2.9079468,947.26385,3.1347275,325.39355,0.1,3.4030256,1264.0085
baseline,185,2015,1,0.27693844,5.103016,743.2991,5.288861,303.0072,0.1,5.852572,1185.7076
baseline,185,2016,1,0.19519198,5.869202,541.61584,5.8070345,317.1795,0.1,6.495633,1236.805
baseline,185,2017,1,0.14470515,5.3819904,393.22855,5.2563105,302.12668,0.1,5.8949504,1182.0188
baseline,185,2018,1,0.3005289,4.9092617,850.80585,5.204056,316.51273,0.1,5.745604,1235.069
baseline,185,2019,1,0.18070556,5.2691436,482.19467,5.2497663,297.85843,0.1,5.865951,1165.2725
baseline,186,2015,1,0.3192913,10.545183,984.60736,10.925423,380.94772,0.1,12.04558,1470.5133
baseline,186,2016,1,0.23425674,9.5028925,685.29004,9.590361,349.54587,0.1,10.477082,1357.5204
baseline,186,2017,1,0.21485133,11.148409,617.4003,11.1989,351.14258,0.1,12.387507,1364.3502
baseline,186,2018,1,0.17660922,11.34348,514.50287,11.1320715,360.6221,0.1,12.3911495,1393.2662
baseline,186,2019,1,0.1650874,11.627419,495.21085,11.292819,371.28738,0.1,12.653505,1433.384
baseline,187,2015,1,0.20228325,5.9733896,527.18915,6.0142016,295.33572,0.1,6.595055,1158.1517
baseline,187,2016,1,0.1560321,6.9066467,428.77155,6.7265854,317.53394,0.1,7.5300255,1239.6554
baseline,187,2017,1,0.113859564,6.5599947,304.8876,6.2861805,303.19803,0.1,7.038724,1185.992
baseline,187,2018,1,0.24861829,5.9190416,699.3357,6.13854,316.4854,0.1,6.773965,1236.7598
baseline,187,2019,1,0.15143456,6.3653793,402.1981,6.240716,299.70163,0.1,6.9475255,1172.5504
baseline,188,2015,1,0.2783253,5.2291374,746.1555,5.4705796,303.49518,0.1,5.9936647,1189.7286
baseline,188,2016,1,0.23524736,6.465556,673.1947,6.569907,330.59305,0.1,7.2602606,1287.3362
baseline,188,2017,1,0.17925611,6.429041,501.13232,6.4140234,316.71997,0.1,7.152671,1235.5992
baseline,188,2018,1,0.27005482,5.6664877,777.12585,5.940028,324.8066,0.1,6.5447626,1266.1932
baseline,188,2019,1,0.28551546,5.346388,787.6938,5.5554547,307.6259,0.1,6.0715485,1201.9131
baseline,189,2015,1,0.15346563,5.8769646,472.94244,5.735895,344.07764,0.1,6.4637733,1339.1934
baseline,189,2016,1,0.1384321,5.9204645,420.66132,5.771467,335.07245,0.1,6.481399,1307.4938
baseline,189,2017,1,0.16132145,5.749804,486.22156,5.679637,334.71637,0.1,6.393055,1306.3749
baseline,189,2018,1,0.15231207,5.9258237,474.87445,5.7837224,347.0669,0.1,6.5253487,1349.6981
baseline,189,2019,1,0.12487531,5.6503563,367.66064,5.4435925,325.93585,0.1,6.1085777,1271.6423
baseline,190,2015,1,0.19373894,2.4397686,458.91663,2.4151165,259.70877,0.1,2.7162604,996.65216
baseline,190,2016,1,0.16616778,2.6755168,383.3651,2.5662942,259.86224,0.1,2.902753,998.0979
baseline,190,2017,1,0.18266088,2.6584072,409.70508,2.5814574,256.80444,0.1,2.917347,987.524
baseline,190,2018,1,0.15701209,2.4672308,383.82736,2.371273,272.55453,0.1,2.673065,1042.021
baseline,190,2019,1,0.20150697,2.6026185,472.54828,2.54522,262.9361,0.1,2.8489487,1010.0337
baseline,191,2015,1,0.31073335,5.2623596,841.0308,5.538544,308.74652,0.1,6.0641947,1206.0409
baseline,191,2016,1,0.2530255,6.074128,725.25165,6.188425,330.11536,0.1,6.843442,1284.2533
baseline,191,2017,1,0.16842206,6.342965,456.8698,6.285808,307.82214,0.1,7.0393887,1201.8909
baseline,191,2018,1,0.30698594,5.4537106,880.7969,5.8167267,325.12164,0.1,6.414315,1266.072
baseline,191,2019,1,0.34212422,5.15442,910.40656,5.4626665,300.38443,0.1,5.904277,1174.2222
baseline,192,2015,1,0.18632187,7.077867,555.83685,6.777377,357.25714,0.1,7.5170717,1353.7925
baseline,192,2016,1,0.1819584,7.14917,571.03064,6.847566,364.90982,0.1,7.531908,1385.8682
baseline,192,2017,1,0.46949026,4.402321,1573.2968,4.279331,387.88208,0.1,4.463244,1469.0348
baseline,192,2018,1,0.19334,6.5840507,612.67865,6.362169,364.47742,0.1,7.01598,1384.0042
baseline,192,2019,1,0.55247915,3.204957,1881.828,3.2357664,401.1276,0.1,3.4024532,1513.8236
baseline,193,2015,1,0.22848295,4.3043203,734.74915,4.4146037,354.53323,0.1,4.912527,1364.7786
baseline,193,2016,1,0.1969649,4.43526,647.0262,4.4937067,359.7848,0.1,5.001504,1381.7185
baseline,193,2017,1,0.2425765,4.313439,786.18774,4.5188317,357.0855,0.1,5.027629,1371.7623
baseline,193,2018,1,0.27385855,4.2486515,871.39594,4.5760965,350.7344,0.1,5.0750866,1352.3776
baseline,193,2019,1,0.22963987,4.31318,707.0869,4.3835716,338.70612,0.1,4.8403263,1307.1816
baseline,194,2015,1,0.27735543,4.781293,823.2072,4.9876847,325.2284,0.1,5.6278014,1233.9209
baseline,194,2016,1,0.21883127,4.6838903,622.7172,4.649761,316.19476,0.1,5.289769,1199.5281
baseline,194,2017,1,0.303669,4.4741635,930.47125,4.716361,332.45465,0.1,5.287587,1257.5073
baseline,194,2018,1,0.2836663,3.6904364,881.6609,3.79395,337.5244,0.1,4.194923,1271.279
baseline,194,2019,1,0.23824316,4.4414763,717.8615,4.533374,325.174,0.1,5.0679383,1230.4158
baseline,195,2015,1,0.17437607,4.829749,458.73798,4.7887015,290.98935,0.1,5.290057,1139.9508
baseline,195,2016,1,0.11918394,5.2742014,337.4801,5.0740247,312.92172,0.1,5.680372,1221.2096
baseline,195,2017,1,0.07233188,5.224341,195.39633,4.8572655,298.55075,0.1,5.471901,1166.6418
baseline,195,2018,1,0.20410672,5.063408,587.5278,5.118352,317.54474,0.1,5.649107,1237.862
baseline,195,2019,1,0.12134476,5.3197174,331.35553,5.102561,302.28268,0.1,5.746317,1181.278
baseline,196,2015,1,0.085264444,5.1032085,298.06757,4.687269,384.86752,0.1,5.3271923,1484.5289
baseline,196,2016,1,0.070825234,4.290627,241.49348,3.9742165,364.2439,0.1,4.4837,1410.5599
baseline,196,2017,1,0.08693812,4.808208,288.23495,4.4639797,362.59512,0.1,5.0474696,1403.8502
baseline,196,2018,1,0.06811335,4.663267,239.02496,4.280741,379.0993,0.1,4.8475747,1459.3407
baseline,196,2019,1,0.07821128,4.1313705,277.24887,3.8539057,377.75366,0.1,4.345354,1457.0785
baseline,197,2015,1,0.120845735,4.146613,406.53085,3.9861555,359.81332,0.1,4.4821854,1396.9943
baseline,197,2016,1,0.10762204,3.9004009,363.1346,3.7451715,357.66797,0.1,4.1979594,1386.5212
baseline,197,2017,1,0.086281165,4.221492,287.9224,3.9634674,356.88486,0.1,4.4639764,1383.4506
baseline,197,2018,1,0.0750957,3.815507,255.86313,3.5755181,359.11487,0.1,4.01743,1390.4979
baseline,197,2019,1,0.08184573,4.128254,279.33206,3.878915,361.27826,0.1,4.348948,1398.9092
baseline,198,2015,1,0.47427538,3.4720159,1341.5629,3.8133647,323.13544,0.1,4.238161,1254.1473
baseline,198,2016,1,0.36080226,3.9680471,1026.6444,4.1755114,323.38028,0.1,4.661294,1256.4681
baseline,198,2017,1,0.36779034,4.046539,1019.5961,4.369852,313.91864,0.1,4.8590403,1221.5277
baseline,198,2018,1,0.49533415,3.247685,1466.3993,3.6373746,335.0286,0.1,3.99856,1298.9802
baseline,198,2019,1,0.33065116,3.3076808,907.5196,3.5237446,300.2601,0.1,3.8809147,1169.5934
baseline,199,2015,1,0.59889597,2.287019,1944.4521,2.4844995,360.56845,0.1,2.6542869,1398.4651
baseline,199,2016,1,0.4820426,3.6592398,1499.5446,4.239119,344.86978,0.1,4.7677336,1341.9963
baseline,199,2017,1,0.49124712,3.8076537,1528.978,4.32605,350.7478,0.1,4.870854,1362.0538
baseline,199,2018,1,0.57204455,3.6905756,1811.6918,4.2599587,360.446,0.1,4.7774253,1395.3914
baseline,199,2019,1,0.5946773,3.0929499,1968.8887,3.4600182,369.26932,0.1,3.8233628,1431.2621
baseline,200,2015,1,0.17798394,3.949985,389.06277,3.9984405,231.10144,0.1,4.4322834,911.0154
baseline,200,2016,1,0.14271674,4.97487,343.0203,4.830664,266.40744,0.1,5.440342,1042.2834
baseline,200,2017,1,0.12858412,4.730721,287.39737,4.5992537,244.79466,0.1,5.1568236,963.5981
baseline,200,2018,1,0.19646488,4.7770467,420.31573,4.8068957,238.39954,0.1,5.4041257,936.38995
baseline,200,2019,1,0.1282107,4.476969,298.08594,4.3677187,251.90024,0.1,4.898639,985.80524
baseline,201,2015,1,0.15139452,6.7073402,413.56995,6.2579536,306.69598,0.1,7.1839685,1174.1036
baseline,201,2016,1,0.1563323,6.46143,428.97308,6.065296,309.7382,0.1,6.9508867,1186.8407
baseline,201,2017,1,0.19117644,6.819709,541.79974,6.435238,314.61877,0.1,7.399031,1204.9679
baseline,201,2018,1,0.1599223,6.372404,457.8403,6.0733767,309.9815,0.1,6.930431,1189.2152
baseline,201,2019,1,0.16427062,6.3889003,453.1932,6.0880976,308.15744,0.1,6.95146,1179.4067
baseline,202,2015,1,0.51415014,1.4983656,1293.2501,1.6909316,282.43594,0.1,1.8871707,1097.8904
baseline,202,2016,1,0.52939063,1.4502532,1455.4299,1.6503603,308.3315,0.1,1.8500698,1193.5559
baseline,202,2017,1,0.5148147,1.497205,1336.4823,1.6722323,294.9318,0.1,1.8835373,1143.3394
baseline,202,2018,1,0.52654386,1.2517008,1353.3708,1.4653847,284.31134,0.1,1.6547139,1106.2894
baseline,202,2019,1,0.5212376,1.4408288,1353.1586,1.6377995,288.27792,0.1,1.8369514,1120.372
baseline,203,2015,1,0.17476964,5.6580057,452.53537,5.605796,279.6502,0.1,6.27777,1097.3145
baseline,203,2016,1,0.123641536,6.075464,318.8379,5.8168573,288.37372,0.1,6.560339,1129.9171
baseline,203,2017,1,0.12054907,5.5779505,303.3851,5.394692,274.5183,0.1,6.040089,1078.0956
baseline,203,2018,1,0.103339374,6.243188,261.95032,5.8834567,282.3987,0.1,6.635422,1106.5037
baseline,203,2019,1,0.11162861,5.4114156,300.4415,5.1863737,293.16388,0.1,5.8180175,1145.5018
baseline,204,2015,1,0.17404908,3.835843,495.23828,3.8959546,303.3918,0.1,4.3108864,1177.3756
baseline,204,2016,1,0.19912688,3.6274786,589.70154,3.7162178,316.9732,0.1,4.00863,1224.8217
baseline,204,2017,1,0.121477574,3.940813,348.0488,3.84804,304.3288,0.1,4.277669,1181.5189
baseline,204,2018,1,0.17974617,3.8131404,531.81415,3.8920135,313.7938,0.1,4.3297634,1214.56
baseline,204,2019,1,0.15758234,3.8884435,448.88232,3.865535,305.8043,0.1,4.2538457,1185.0234
baseline,205,2015,1,0.34426388,4.2726803,1221.8042,4.361279,391.2198,0.1,4.9871373,1501.9977
baseline,205,2016,1,0.23067312,4.0115023,769.01715,4.0691814,360.36636,0.1,4.5860023,1393.9812
baseline,205,2017,1,0.26449838,4.264188,891.79803,4.3167167,371.3115,0.1,4.8869834,1430.7705
baseline,205,2018,1,0.2849352,4.373943,997.6173,4.403593,384.91425,0.1,5.014108,1477.6049
baseline,205,2019,1,0.35028523,4.611386,1254.7749,4.6906166,391.83182,0.1,5.3756294,1504.464
baseline,206,2015,1,0.4507394,2.5778375,1491.2963,2.4688287,362.89017,0.1,2.491275,1411.4098
baseline,206,2016,1,0.29785958,1.7593522,1032.5078,1.513761,362.36505,0.1,1.430424,1409.345
baseline,206,2017,1,0.132104,6.90452,411.0205,6.6968575,342.92548,0.1,7.2512712,1336.8763
baseline,206,2018,1,0.17154726,6.36873,561.59863,6.314063,359.9006,0.1,6.8760176,1397.8993
baseline,206,2019,1,0.22608398,4.4907,765.87213,4.344711,366.52194,0.1,4.435048,1422.8156
baseline,207,2015,1,0.10632656,5.178225,324.94315,4.927997,333.8315,0.1,5.471586,1296.5988
baseline,207,2016,1,0.098957926,5.4400597,314.98026,5.188774,344.80145,0.1,5.8014317,1335.7328
baseline,207,2017,1,0.09605551,5.097784,320.81937,4.8523364,358.84274,0.1,5.4369597,1385.3994
baseline,207,2018,1,0.100391954,5.3762307,347.76196,5.0998807,374.5307,0.1,5.741825,1441.3533
baseline,207,2019,1,0.0891744,5.088506,288.05548,4.790719,350.04605,0.1,5.350963,1354.0448
baseline,208,2015,1,0.21025875,5.4602757,541.60205,5.4576235,295.13083,0.1,6.0762377,1149.0085
baseline,208,2016,1,0.14447124,6.2775536,384.21045,6.0304017,308.78665,0.1,6.7692375,1197.7942
baseline,208,2017,1,0.14340732,6.4361677,358.35483,6.1947117,291.68976,0.1,6.97503,1135.7489
baseline,208,2018,1,0.19559476,5.5507774,523.11096,5.542937,303.6109,0.1,6.1643353,1179.6807
baseline,208,2019,1,0.11749856,6.02586,291.27145,5.767604,283.34778,0.1,6.435732,1104.1805
baseline,209,2015,1,0.1560103,5.7290864,488.0164,5.6073265,348.5105,0.1,6.331407,1356.2716
baseline,209,2016,1,0.14270136,5.8130107,446.65253,5.6811996,344.3635,0.1,6.3757815,1342.2313
baseline,209,2017,1,0.17055748,5.682043,518.0549,5.6456056,337.9582,0.1,6.3610935,1319.7816
baseline,209,2018,1,0.16107547,5.898463,508.46646,5.7820015,352.97946,0.1,6.5345025,1371.1978
baseline,209,2019,1,0.121147215,5.4851227,365.21402,5.27441,331.91354,0.1,5.9483247,1293.956
baseline,210,2015,1,0.5524744,5.1293154,1808.351,6.0500116,372.54358,0.1,6.6696477,1445.5825
baseline,210,2016,1,0.24907142,6.256405,853.94025,6.36506,380.12085,0.1,7.1337514,1469.0366
baseline,210,2017,1,0.30599502,6.319207,1007.2197,6.7413564,366.6618,0.1,7.590602,1423.6863
baseline,210,2018,1,0.3949677,6.1900578,1298.4801,6.79657,369.1949,0.1,7.596899,1431.1803
baseline,210,2019,1,0.21326685,5.724261,682.2916,5.7752533,352.07993,0.1,6.4052234,1370.1576
baseline,211,2015,1,0.2793934,4.316626,530.09094,4.4569244,215.9866,0.1,4.83763,849.3255
baseline,211,2016,1,0.3518889,4.102598,690.9976,4.4093046,224.10745,0.1,4.866269,878.862
baseline,211,2017,1,0.30318475,4.349051,639.82324,4.5105305,241.54526,0.1,4.924139,941.88324
baseline,211,2018,1,0.30614886,4.7062316,582.3173,4.9499073,219.94717,0.1,5.450559,862.9275
baseline,211,2019,1,0.21420635,4.7616177,406.97284,4.813027,216.76358,0.1,5.3443465,849.9304
baseline,212,2015,1,0.45595932,3.0452423,1463.549,3.3166342,367.57172,0.1,3.6189222,1421.6299
baseline,212,2016,1,0.3831438,3.6690116,1264.2072,3.9944654,376.60468,0.1,4.447857,1450.9258
baseline,212,2017,1,0.43047825,3.859449,1376.5986,4.305063,365.2937,0.1,4.7156663,1411.1746
baseline,212,2018,1,0.44771433,2.8015332,1421.1605,2.939551,367.02838,0.1,3.2153554,1415.0507
baseline,212,2019,1,0.2486029,4.1840687,749.318,4.297969,336.713,0.1,4.7046995,1306.7406
baseline,213,2015,1,0.15033884,4.9752283,318.77008,4.810145,242.26709,0.1,5.41799,943.6955
baseline,213,2016,1,0.13505913,4.7259855,322.08066,4.515138,262.94012,0.1,4.987558,1017.43567
baseline,213,2017,1,0.2500801,2.7053342,608.6013,2.76004,261.35922,0.1,2.9339163,1010.25793
baseline,213,2018,1,0.2963588,3.4850364,707.7444,3.527721,265.381,0.1,3.72791,1027.275
baseline,213,2019,1,0.36371678,3.5942676,866.2594,3.7871366,266.22293,0.1,4.0897994,1031.9678
baseline,214,2015,1,0.585058,2.2750003,1794.0781,2.5117643,348.24316,0.1,2.655838,1341.8838
baseline,214,2016,1,0.33949032,4.422082,1066.8737,4.6370263,354.56226,0.1,5.1753316,1366.0233
baseline,214,2017,1,0.3483292,3.9946363,1034.426,4.2382092,332.44095,0.1,4.7094593,1285.784
baseline,214,2018,1,0.1869351,4.370787,593.14996,4.2442503,348.49103,0.1,4.775726,1339.5035
baseline,214,2019,1,0.23319761,4.0552945,680.3774,4.125057,320.6105,0.1,4.587628,1241.9647
baseline,215,2015,1,0.5971967,0.22292875,2095.3442,0.16078289,389.5114,0.1,0.14592235,1471.6708
baseline,215,2016,1,0.5969087,0.4961401,2073.2344,0.3808374,383.60364,0.1,0.35121316,1462.4089
baseline,215,2017,1,0.59800667,0.23205936,2007.1854,0.21454881,363.0834,0.1,0.20327874,1390.2019
baseline,215,2018,1,0.5975901,0.27401066,1994.1683,0.22387362,362.2107,0.1,0.2043734,1385.3112
baseline,215,2019,1,0.5949102,0.16214085,1945.1655,0.09785096,355.08728,0.1,0.092055455,1357.8003
baseline,216,2015,1,0.17913346,5.74513,577.9625,5.5842032,367.8433,0.1,6.2720175,1420.5763
baseline,216,2016,1,0.11918476,5.521526,372.51422,5.2684474,345.77966,0.1,5.954277,1344.6259
baseline,216,2017,1,0.13143405,5.5063095,423.23282,5.2666407,356.8784,0.1,5.945589,1384.272
baseline,216,2018,1,0.15940607,5.713251,513.38074,5.551427,360.29477,0.1,6.2582393,1394.1161
baseline,216,2019,1,0.20206207,5.6362305,658.85297,5.515483,371.95425,0.1,6.200719,1433.491
baseline,217,2015,1,0.29164973,3.3545117,1107.3074,3.3545818,426.5682,0.1,3.5280125,1628.2437
baseline,217,2016,1,0.31425667,3.5103335,1212.5905,3.4536257,438.92493,0.1,3.672592,1672.4907
baseline,217,2017,1,0.21401644,3.6173272,801.33234,3.5130534,417.79276,0.1,3.793878,1596.6097
baseline,217,2018,1,0.19327465,3.8084931,719.1246,3.7478175,409.8948,0.1,3.9779742,1568.1774
baseline,217,2019,1,0.2715854,3.1943178,987.99036,3.093246,414.5116,0.1,3.1782632,1584.3169
baseline,218,2015,1,0.11175595,5.1117535,363.88098,4.84335,353.43417,0.1,5.471254,1363.9403
baseline,218,2016,1,0.10499796,4.895599,348.55487,4.688866,354.946,0.1,5.2669315,1370.6718
baseline,218,2017,1,0.083991654,4.927819,287.09213,4.649015,365.81204,0.1,5.223044,1409.9442
baseline,218,2018,1,0.09659406,5.004703,345.0362,4.7290154,383.44394,0.1,5.3283772,1472.7299
baseline,218,2019,1,0.10180788,5.278459,350.6072,4.9759126,371.9277,0.1,5.6190295,1432.2391
baseline,219,2015,1,0.57253104,2.9984388,1907.0437,2.9074912,398.91165,0.1,2.9613593,1509.3336
baseline,219,2016,1,0.58285636,2.4310856,1971.9937,2.4640558,396.25934,0.1,2.5375464,1504.0775
baseline,219,2017,1,0.53993607,4.410086,1738.0948,4.3885074,391.2084,0.1,4.6231966,1484.1099
baseline,219,2018,1,0.35659102,0.02813737,1125.4404,0.02806694,384.01233,0.1,0.031643536,1454.4882
baseline,219,2019,1,0.3703916,0.1951453,1146.7507,0.20007327,366.95712,0.1,0.22309636,1401.5018
baseline,220,2015,1,0.19676198,5.383116,503.95703,5.3338404,289.89417,0.1,5.9306164,1133.5588
baseline,220,2016,1,0.14168362,5.5810156,380.22678,5.3923597,302.10925,0.1,6.053894,1177.7112
baseline,220,2017,1,0.08298652,5.5340424,214.1362,5.1642666,291.1828,0.1,5.8120813,1136.952
baseline,220,2018,1,0.18747847,5.507573,513.5554,5.4639564,308.68707,0.1,6.118214,1201.598
baseline,220,2019,1,0.12631966,5.755769,331.68155,5.502548,296.40784,0.1,6.2276754,1157.34
baseline,221,2015,1,0.24681166,3.6844814,603.6179,3.7780552,262.26282,0.1,4.0842657,1033.2087
baseline,221,2016,1,0.21877979,3.88273,532.31805,3.9724092,261.88614,0.1,4.3352733,1031.7676
baseline,221,2017,1,0.16552249,3.684236,353.82086,3.6533613,231.13696,0.1,4.0198965,914.7725
baseline,221,2018,1,0.17063686,4.6008787,390.87677,4.5565634,252.48506,0.1,5.038489,993.3139
baseline,221,2019,1,0.20651089,3.2685988,484.88873,3.354415,251.748,0.1,3.6334658,990.63745
baseline,222,2015,1,0.06981775,4.5538983,233.7147,4.2329683,362.64093,0.1,4.772209,1405.9545
baseline,222,2016,1,0.08196382,4.592701,274.4521,4.303067,364.01675,0.1,4.851602,1409.4274
baseline,222,2017,1,0.105844356,4.578014,355.84937,4.357399,366.3298,0.1,4.9140987,1419.1831
baseline,222,2018,1,0.06800604,4.4774766,228.67842,4.156329,364.16852,0.1,4.686209,1407.4812
baseline,222,2019,1,0.080723904,4.5347757,274.70255,4.250604,367.94464,0.1,4.7848253,1422.5472
baseline,223,2015,1,0.30120724,2.8060646,907.82886,2.911308,322.13907,0.1,3.0975206,1249.0264
baseline,223,2016,1,0.16632666,3.913654,507.32098,3.8841853,325.52545,0.1,4.225901,1263.1318
baseline,223,2017,1,0.16940294,3.1415389,497.48724,3.137354,309.0868,0.1,3.4039786,1204.2225
baseline,223,2018,1,0.3591418,2.4276996,1116.8705,2.5012732,331.3514,0.1,2.574684,1285.4572
baseline,223,2019,1,0.20369652,1.8740705,605.4152,1.8363633,308.1687,0.1,1.891933,1199.5002
baseline,224,2015,1,0.58641607,2.1488533,1737.6174,2.441679,332.63202,0.1,2.5950153,1286.9799
baseline,224,2016,1,0.28039175,4.484549,831.8696,4.655096,330.75204,0.1,5.232137,1282.1179
baseline,224,2017,1,0.29593703,4.3587284,858.35364,4.5212593,322.6444,0.1,5.070814,1252.6189
baseline,224,2018,1,0.21156648,4.61785,637.6679,4.5449786,332.75314,0.1,5.126701,1285.9729
baseline,224,2019,1,0.206136,3.842488,560.9628,3.8815951,295.42166,0.1,4.314574,1150.4315
baseline,225,2015,1,0.24983232,4.3379464,619.0475,4.4170313,269.75626,0.1,4.889776,1059.286
baseline,225,2016,1,0.20271721,4.1901736,510.1946,4.2146425,271.6363,0.1,4.6602387,1067.051
baseline,225,2017,1,0.15936641,4.284364,348.65753,4.2230353,239.1017,0.1,4.6811333,944.17523
baseline,225,2018,1,0.15343265,4.8372474,373.7679,4.6880507,269.12708,0.1,5.230818,1055.4655
baseline,225,2019,1,0.19236884,3.8442395,481.7526,3.8741224,270.97278,0.1,4.2847905,1063.2931
baseline,226,2015,1,0.42075446,3.0770097,1329.6504,3.347251,361.64322,0.1,3.597068,1397.7186
baseline,226,2016,1,0.36408663,3.5005276,1204.5496,3.87077,374.0031,0.1,4.30472,1440.6726
baseline,226,2017,1,0.4265559,3.4269006,1360.5658,3.8377109,360.0398,0.1,4.150912,1391.0465
baseline,226,2018,1,0.43621573,2.4791427,1380.3193,2.6595726,358.88275,0.1,2.8441648,1384.908
baseline,226,2019,1,0.23034005,3.4854913,688.86926,3.603446,324.90732,0.1,3.926868,1261.7854
baseline,227,2015,1,0.13113178,3.5098956,271.63913,3.4122796,224.23584,0.1,3.839546,879.0781
baseline,227,2016,1,0.11416894,4.0745707,246.49788,3.8893635,237.64607,0.1,4.386032,928.3685
baseline,227,2017,1,0.12905781,3.51601,294.9961,3.4090738,245.94339,0.1,3.8369315,959.0844
baseline,227,2018,1,0.16802667,3.9677162,368.59875,3.8860993,243.7355,0.1,4.393317,948.24896
baseline,227,2019,1,0.10500561,3.4903939,248.02205,3.339533,253.77217,0.1,3.754635,984.7844
baseline,228,2015,1,0.12166767,6.2053337,420.73004,5.9365935,391.5562,0.1,6.43618,1502.1045
baseline,228,2016,1,0.13630722,5.863503,435.92322,5.7208037,354.0421,0.1,6.2551336,1369.7747
baseline,228,2017,1,0.13864328,5.8500357,471.0781,5.6928654,376.9804,0.1,6.2904234,1451.4138
baseline,228,2018,1,0.13083075,6.323024,443.20215,6.0826874,377.43518,0.1,6.7877913,1451.1423
baseline,228,2019,1,0.17820133,5.1202807,594.88074,5.014761,371.24625,0.1,5.334143,1430.3074
baseline,229,2015,1,0.23338068,4.62069,413.85422,4.763884,203.07857,0.1,5.310631,800.9167
baseline,229,2016,1,0.14706388,5.7493844,275.5372,5.5487084,220.5294,0.1,6.2727137,864.59094
baseline,229,2017,1,0.20227769,5.7212057,398.68042,5.6890507,232.16704,0.1,6.4132056,907.8617
baseline,229,2018,1,0.17143822,5.643332,305.87015,5.537547,209.90494,0.1,6.2412577,825.0612
baseline,229,2019,1,0.17464162,5.185307,319.97256,5.091831,211.49287,0.1,5.758392,830.2028
baseline,230,2015,1,0.10236503,4.1946197,294.14883,3.9564157,324.61615,0.1,4.373186,1265.1844
baseline,230,2016,1,0.06928209,4.700251,216.4434,4.3492193,350.72678,0.1,4.8486557,1359.1943
baseline,230,2017,1,0.062870555,4.417443,191.50804,4.0728006,339.30804,0.1,4.5439215,1316.0739
baseline,230,2018,1,0.09521243,4.5823674,305.29968,4.2999806,357.43414,0.1,4.762416,1384.5916
baseline,230,2019,1,0.062309954,5.257935,192.28801,4.831519,350.3886,0.1,5.399424,1357.3174
baseline,231,2015,1,0.33237827,4.7507577,1022.48505,4.9928904,342.90393,0.1,5.661412,1287.3392
baseline,231,2016,1,0.30820665,4.025873,923.6915,4.0955215,326.95468,0.1,4.5604773,1232.8557
baseline,231,2017,1,0.34880906,3.9984224,1126.7367,4.1559963,351.47693,0.1,4.595131,1315.8271
baseline,231,2018,1,0.30675912,4.200043,969.24817,4.308634,343.7603,0.1,4.8501296,1282.776
baseline,231,2019,1,0.26905525,4.23006,845.99426,4.3385463,343.44022,0.1,4.922034,1289.0145
baseline,232,2015,1,0.25697386,8.036513,860.9144,8.239822,395.78308,0.1,9.272689,1529.3644
baseline,232,2016,1,0.2822659,7.8491616,947.2028,8.021716,397.4722,0.1,8.808497,1535.4211
baseline,232,2017,1,0.43458328,6.6483297,1424.1252,7.439635,392.9776,0.1,8.210646,1518.5276
baseline,232,2018,1,0.17834757,7.491666,605.6491,7.401991,393.22745,0.1,8.162136,1518.9535
baseline,232,2019,1,0.2975889,7.2827835,1019.5853,7.4534607,400.846,0.1,8.207335,1547.488
baseline,233,2015,1,0.59462917,0.52791864,2127.6353,0.3715705,402.9606,0.1,0.35947287,1512.9652
baseline,233,2016,1,0.5974604,0.928551,2149.3257,0.7939419,405.33514,0.1,0.7953277,1522.9884
baseline,233,2017,1,0.59723544,0.9417398,2148.854,0.78468263,403.9254,0.1,0.7770667,1519.8253
baseline,233,2018,1,0.59395456,0.57363063,2117.4966,0.4636611,399.55264,0.1,0.46409026,1503.223
baseline,233,2019,1,0.59507716,0.5596193,2123.2988,0.47902653,400.57098,0.1,0.48082596,1506.5076
baseline,234,2015,1,0.5540843,2.9997404,1656.5143,3.3073552,342.61627,0.1,3.5543885,1321.1077
baseline,234,2016,1,0.49161297,3.7117586,1484.344,4.122624,341.85324,0.1,4.487375,1320.4644
baseline,234,2017,1,0.5196287,3.1232305,1508.2762,3.3537211,327.63913,0.1,3.5562692,1268.9242
baseline,234,2018,1,0.23408347,4.560169,699.97797,4.5493064,334.07553,0.1,5.1191716,1287.4342
baseline,234,2019,1,0.43663144,3.3477404,1234.3319,3.6740446,315.35574,0.1,3.9733424,1222.6101
baseline,235,2015,1,0.5993062,0.2756282,2105.883,0.22871739,378.40237,0.1,0.21601452,1462.0792
baseline,235,2016,1,0.59800255,0.12841797,2113.095,0.12559974,380.5824,0.1,0.12703738,1467.0923
baseline,235,2017,1,0.5981889,0.5469804,2077.033,0.5150437,380.05814,0.1,0.5176868,1466.5758
baseline,235,2018,1,0.59765184,0.23003867,2104.2332,0.20982918,381.2002,0.1,0.20782658,1468.5155
baseline,235,2019,1,0.5995422,0.10038384,2206.6704,0.10041626,397.7448,0.1,0.10151713,1530.5995
baseline,236,2015,1,0.121150255,3.858166,274.38394,3.7352567,244.17804,0.1,4.1954412,954.1275
baseline,236,2016,1,0.12642033,4.2374783,296.91702,4.0675406,258.58264,0.1,4.5899057,1004.92584
baseline,236,2017,1,0.12839416,3.9959807,319.13068,3.8525345,269.29376,0.1,4.340933,1042.9772
baseline,236,2018,1,0.17099243,4.315568,405.1502,4.2340603,262.86755,0.1,4.779049,1018.5345
baseline,236,2019,1,0.13788345,4.057862,347.39716,3.933463,274.5918,0.1,4.430648,1060.9391
baseline,237,2015,1,0.12509085,4.5064225,280.74564,4.3729563,241.76852,0.1,4.879455,951.33215
baseline,237,2016,1,0.107883304,4.9848714,246.97801,4.752855,253.32037,0.1,5.3522077,993.1266
baseline,237,2017,1,0.13391449,4.6669426,319.0023,4.5769334,258.0665,0.1,5.13625,1012.2768
baseline,237,2018,1,0.13074923,5.1662855,286.1187,4.9655147,243.40938,0.1,5.602583,954.9945
baseline,237,2019,1,0.106608905,4.469579,263.16678,4.302857,264.7171,0.1,4.8268127,1033.5938
baseline,238,2015,1,0.10995479,7.715598,255.96385,7.2116303,277.62985,0.1,8.18568,1083.685
baseline,238,2016,1,0.10868158,7.836522,266.6802,7.302565,292.42126,0.1,8.29532,1140.4315
baseline,238,2017,1,0.12974064,8.409476,353.66327,7.862889,323.79187,0.1,8.955838,1254.9794
baseline,238,2018,1,0.14736441,7.786488,376.6085,7.4186153,299.8464,0.1,8.421772,1167.88
baseline,238,2019,1,0.14639188,7.756099,386.30286,7.4004645,311.0195,0.1,8.397637,1208.4049
baseline,239,2015,1,0.28534284,6.0393834,619.0233,6.279176,253.42058,0.1,6.9869385,983.83
baseline,239,2016,1,0.3176498,4.7444797,730.6098,4.960157,261.0567,0.1,5.427773,1010.7011
baseline,239,2017,1,0.26734638,4.319302,642.6749,4.3794856,269.36047,0.1,4.7081895,1037.9846
baseline,239,2018,1,0.30966848,5.2096105,705.8463,5.3907585,264.1538,0.1,5.875624,1021.0547
baseline,239,2019,1,0.5524806,2.9828973,1353.3553,3.3061025,276.30103,0.1,3.5048237,1068.926
baseline,240,2015,3,0.4441006,3.0962083,1396.664,2.9987776,609.9049,0.15,3.0617082,1538.6526
baseline,240,2016,3,0.51858705,2.439763,1734.776,2.227273,654.97003,0.15,2.2653556,1644.0359
baseline,240,2017,3,0.5526866,1.6866833,1832.5139,1.5783709,631.8266,0.15,1.7347282,1588.3344
baseline,240,2018,3,0.5672556,1.2296674,1923.5066,1.1454331,635.05475,0.15,1.2274187,1598.6667
baseline,240,2019,3,0.58484066,0.92474985,2087.507,0.8927716,664.6014,0.15,0.9697327,1667.3864
baseline,241,2015,3,0.41553646,2.812299,953.95636,2.8570182,452.75592,0.15,3.2824326,1152.281
baseline,241,2016,3,0.37874943,3.229392,893.5347,3.150725,474.3779,0.15,3.8048425,1205.1539
baseline,241,2017,3,0.3753577,3.060471,903.8765,3.0342386,490.64893,0.15,3.7156115,1244.5994
baseline,241,2018,3,0.2960485,3.2574935,693.4816,3.0916595,454.5245,0.15,3.7884967,1156.777
baseline,241,2019,3,0.30978838,3.3005264,712.32104,3.1222084,453.13657,0.15,3.8523083,1155.7838
baseline,242,2015,3,0.36761504,3.0663552,1321.0947,3.0999742,639.56525,0.15,3.4025092,1640.1873
baseline,242,2016,3,0.40073436,3.3924522,1435.1935,3.4348218,647.9442,0.15,3.749596,1660.2834
baseline,242,2017,3,0.32013652,3.5278592,1100.2625,3.4550867,612.2537,0.15,3.8584898,1574.8914
baseline,242,2018,3,0.39362186,2.7816677,1414.6932,2.7956088,641.4682,0.15,2.984235,1646.6543
baseline,242,2019,3,0.33883935,3.2553878,1174.2021,3.2511878,611.50024,0.15,3.4990795,1572.2615
baseline,243,2015,3,0.21141607,3.0574217,725.5976,2.8451798,596.78973,0.15,3.4461725,1532.7515
baseline,243,2016,3,0.28743902,3.245036,993.6091,3.0978248,619.8715,0.15,3.7687204,1588.9979
baseline,243,2017,3,0.20069031,3.3048532,661.498,3.0511878,579.7015,0.15,3.6969528,1494.1731
baseline,243,2018,3,0.20948672,3.6882274,710.4214,3.334514,611.44727,0.15,4.073187,1571.7773
baseline,243,2019,3,0.2112585,3.1516092,731.0377,2.92806,598.24243,0.15,3.5470188,1536.8785
baseline,244,2015,3,0.5227369,2.1414678,1040.4669,1.9223852,415.4464,0.15,1.9783527,1051.0261
baseline,244,2016,3,0.46843317,2.5998874,930.96356,2.6273935,413.32263,0.15,2.7023108,1049.5076
baseline,244,2017,3,0.5294807,1.2176943,1147.0117,0.96574205,420.34946,0.15,0.9456253,1065.3855
baseline,244,2018,3,0.5221194,2.057862,1130.8557,1.7160572,443.47607,0.15,1.6228293,1116.6825
baseline,244,2019,3,0.53099805,1.4484868,1152.6942,1.2601832,431.2736,0.15,1.248437,1087.9094
baseline,245,2015,3,0.40618455,3.4213176,1045.8479,3.3313344,511.1854,0.15,3.6426065,1292.4059
baseline,245,2016,3,0.41940355,3.4707696,1056.2875,3.2307432,499.79916,0.15,3.2336257,1265.8391
baseline,245,2017,3,0.49158156,2.0776873,1333.6077,1.8794882,518.13776,0.15,2.019289,1310.4692
baseline,245,2018,3,0.37017834,3.2563512,935.17267,3.2013092,491.13815,0.15,3.5496957,1242.6904
baseline,245,2019,3,0.39518228,2.9257927,1002.58624,2.7526526,488.15503,0.15,2.7953022,1238.0502
baseline,246,2015,3,0.5369716,2.587196,1764.2872,2.756575,572.7129,0.15,3.1727152,1480.7035
baseline,246,2016,3,0.38535324,2.7939494,1306.197,2.9860556,576.82477,0.15,3.3554387,1489.4832
baseline,246,2017,3,0.45465103,2.7670438,1456.2998,3.0464063,550.05334,0.15,3.464947,1426.3273
baseline,246,2018,3,0.543529,2.3822677,1781.3296,2.739212,564.59515,0.15,3.0694067,1459.7423
baseline,246,2019,3,0.38924518,2.6715183,1204.3457,2.8990653,524.71594,0.15,3.4836042,1362.9635
baseline,247,2015,3,0.37059072,3.0504847,1250.6671,3.0809567,585.73224,0.15,3.6661854,1511.4286
baseline,247,2016,3,0.1608448,3.495726,538.8891,3.172522,579.65796,0.15,3.837224,1496.8431
baseline,247,2017,3,0.122207195,3.5403574,405.58728,3.1551743,569.7738,0.15,3.8087628,1475.0522
baseline,247,2018,3,0.23368849,3.5036051,772.93317,3.2949448,578.2435,0.15,3.9936416,1495.3281
baseline,247,2019,3,0.29687423,3.3929346,997.63684,3.3352396,583.2474,0.15,4.033844,1507.6205
baseline,248,2015,3,0.43372223,2.2373605,1118.1718,2.3963366,476.57968,0.15,2.8558166,1210.8994
baseline,248,2016,3,0.39505595,2.1183555,965.9973,2.2228706,445.8341,0.15,2.7093692,1137.9045
baseline,248,2017,3,0.42172307,2.0873263,1114.1893,2.2358558,486.87967,0.15,2.724182,1236.1996
baseline,248,2018,3,0.3653778,2.1674223,949.04474,2.2234771,463.34903,0.15,2.7122474,1174.4188
baseline,248,2019,3,0.39828995,2.0376856,1042.8088,2.170455,476.7023,0.15,2.6370502,1210.2563
baseline,249,2015,3,0.42846194,2.0948431,1284.0094,1.7427139,559.4813,0.15,1.6340857,1418.1377
baseline,249,2016,3,0.36062384,3.9130774,1058.7278,3.7052042,577.37683,0.15,4.020941,1459.2639
baseline,249,2017,3,0.5489856,1.6476759,1684.643,1.4287493,577.9786,0.15,1.4877026,1461.308
baseline,249,2018,3,0.36249197,4.3224206,1014.7402,4.1368546,577.6386,0.15,4.9896736,1463.1338
baseline,249,2019,3,0.5077698,3.0240707,1540.4048,2.715873,606.08704,0.15,2.7807846,1527.7435
baseline,250,2015,3,0.35975388,3.5141134,881.1576,3.4996824,473.01382,0.15,4.279379,1203.9716
baseline,250,2016,3,0.42792246,3.520739,1029.3672,3.3928077,479.69562,0.15,3.660629,1222.0472
baseline,250,2017,3,0.5150203,2.581713,1317.973,2.3940406,508.97214,0.15,2.313169,1292.5664
baseline,250,2018,3,0.49161038,2.9417934,1189.2306,2.722605,472.55325,0.15,2.5858266,1203.42
baseline,250,2019,3,0.41072446,3.723415,960.0836,3.7350087,468.2049,0.15,4.106973,1195.6294
baseline,251,2015,3,0.36343744,3.5086632,866.8402,3.4223206,475.2142,0.15,4.2160106,1207.5259
baseline,251,2016,3,0.4221525,3.628187,1014.9833,3.37936,485.3482,0.15,3.3625476,1230.998
baseline,251,2017,3,0.5231211,1.6814996,1369.8463,1.5395231,507.3849,0.15,1.5769434,1284.8158
baseline,251,2018,3,0.40624264,3.3547997,1013.0369,3.3503954,488.66476,0.15,3.7579398,1240.1935
baseline,251,2019,3,0.34969252,3.5244818,834.5582,3.477221,472.98013,0.15,3.470231,1205.1602
baseline,252,2015,3,0.38259163,3.0994222,891.0262,3.111527,456.5846,0.15,3.774127,1162.3186
baseline,252,2016,3,0.36042586,3.433222,868.6051,3.3464508,478.46533,0.15,4.1207814,1216.6925
baseline,252,2017,3,0.4273211,3.2603896,1050.0204,3.2921267,497.84036,0.15,3.6423774,1263.0594
baseline,252,2018,3,0.4029658,3.2474053,948.2814,3.2578356,463.1977,0.15,3.6936877,1180.2242
baseline,252,2019,3,0.3351623,3.3818448,771.1609,3.325255,457.2443,0.15,3.6041162,1165.8558
baseline,253,2015,3,0.59275854,0.8639962,1808.1714,0.8072027,530.7301,0.15,0.79554045,1370.0071
baseline,253,2016,3,0.5763145,1.197538,1711.6362,0.9428973,530.30164,0.15,0.86482054,1369.9551
baseline,253,2017,3,0.5678677,3.4970274,1575.2404,3.450942,516.0624,0.15,3.6793222,1335.9304
baseline,253,2018,3,0.49283865,2.916926,1397.1251,2.7011514,524.8781,0.15,2.756206,1357.0271
baseline,253,2019,3,0.5624335,3.3085644,1679.2437,3.2129083,561.0387,0.15,3.2193584,1447.1017
baseline,254,2015,3,0.41131562,3.2784731,960.9296,3.3407407,459.78717,0.15,3.9778683,1171.0708
baseline,254,2016,3,0.36852312,3.6540194,882.92395,3.5840943,481.15997,0.15,4.3004284,1222.9152
baseline,254,2017,3,0.4690704,3.2860472,1164.6945,3.1868305,499.39413,0.15,3.225026,1266.9651
baseline,254,2018,3,0.42336223,3.1904655,1001.4673,3.2140565,459.88055,0.15,3.3481224,1172.2965
baseline,254,2019,3,0.35742694,3.0474648,820.6373,3.074689,453.97607,0.15,3.1619039,1157.4999
baseline,255,2015,3,0.20539182,5.3945494,550.30286,4.861709,525.71246,0.15,5.941777,1347.0763
baseline,255,2016,3,0.22163637,5.6233287,614.1384,5.0770125,549.12,0.15,6.2280397,1404.7227
baseline,255,2017,3,0.3858729,4.922862,1031.5201,4.8376293,535.52313,0.15,5.8946342,1372.8821
baseline,255,2018,3,0.3030781,4.6535635,844.01807,4.46216,535.1164,0.15,5.300444,1372.9187
baseline,255,2019,3,0.4749596,4.6331987,1391.7605,4.620587,587.7723,0.15,5.5353136,1500.0706
baseline,256,2015,3,0.56144994,4.0371127,1598.2817,3.7633438,539.248,0.15,3.4393091,1393.3795
baseline,256,2016,3,0.5081024,3.079632,1461.8358,2.6426857,530.0308,0.15,2.392816,1371.8761
baseline,256,2017,3,0.44838646,4.084039,1282.2145,4.3050466,525.416,0.15,4.8247848,1362.0089
baseline,256,2018,3,0.3611186,4.8636255,1029.755,4.935516,536.28937,0.15,5.98424,1389.2362
baseline,256,2019,3,0.45074832,4.7188015,1266.5812,4.8736024,535.7238,0.15,5.89748,1385.7717
baseline,257,2015,3,0.26643926,3.1679409,880.8489,3.0445383,570.4527,0.15,3.6437945,1472.201
baseline,257,2016,3,0.334598,3.0168586,1060.5813,3.0347996,550.15857,0.15,3.6616416,1422.3826
baseline,257,2017,3,0.17811532,3.3852925,570.59906,3.1192334,552.41907,0.15,3.7658591,1431.2688
baseline,257,2018,3,0.18778732,3.4800146,600.60345,3.2118895,556.34814,0.15,3.8832724,1441.1372
baseline,257,2019,3,0.3578533,3.0371141,1160.8713,3.1231875,560.95795,0.15,3.7642965,1451.4008
baseline,258,2015,3,0.37840304,2.85259,1265.2051,2.973227,574.4183,0.15,3.3966844,1476.3195
baseline,258,2016,3,0.23325253,2.9522035,808.0669,2.875383,576.18176,0.15,3.457815,1479.6704
baseline,258,2017,3,0.50864315,2.5480783,1601.7083,2.9232702,548.7625,0.15,3.5021446,1414.1621
baseline,258,2018,3,0.48410457,2.3509853,1575.1117,2.6596627,564.0827,0.15,3.1836014,1449.1565
baseline,258,2019,3,0.16868499,2.4741664,529.2503,2.3366914,513.9942,0.15,2.795711,1328.8032
baseline,259,2015,3,0.43849674,3.4956586,1271.3123,3.4822168,560.8483,0.15,3.816961,1421.2887
baseline,259,2016,3,0.48407876,3.8794549,1410.9387,3.7881474,580.8898,0.15,4.4509854,1469.5696
baseline,259,2017,3,0.5816036,2.5346525,1732.9855,2.4746873,575.17365,0.15,2.3589532,1455.5665
baseline,259,2018,3,0.471405,3.6924028,1368.027,3.7232566,572.01587,0.15,4.394366,1451.142
baseline,259,2019,3,0.54205775,3.8762758,1634.6372,3.8052604,612.02155,0.15,4.4567947,1544.625
baseline,260,2015,3,0.26164237,3.4412885,898.2354,3.2889276,596.55054,0.15,3.9863229,1536.9296
baseline,260,2016,3,0.19503786,3.4817832,671.2625,3.2173638,595.9661,0.15,3.8935533,1535.6016
baseline,260,2017,3,0.1519883,3.5853853,515.76733,3.2389045,585.42096,0.15,3.9166648,1513.7078
baseline,260,2018,3,0.26423287,3.5484042,882.25507,3.384082,584.08154,0.15,4.1017323,1509.2906
baseline,260,2019,3,0.4383191,3.190321,1490.5275,3.380464,599.6438,0.15,4.0822315,1546.6456
baseline,261,2015,3,0.47798753,1.8218982,1393.4336,1.6834722,561.57684,0.15,1.7722646,1419.7955
baseline,261,2016,3,0.5198964,0.8509291,1641.0935,0.7805392,588.76556,0.15,0.7951877,1481.9978
baseline,261,2017,3,0.54330915,1.00622,1689.1189,0.98773706,577.764,0.15,1.0914278,1457.0756
baseline,261,2018,3,0.5385487,0.9770143,1705.5957,0.9341774,600.9275,0.15,1.022499,1512.9421
baseline,261,2019,3,0.50090283,1.2649801,1570.2646,1.1931696,600.55286,0.15,1.2922542,1511.8462
baseline,262,2015,3,0.33953536,3.78413,826.28674,3.6644528,483.15665,0.15,4.5069385,1227.2223
baseline,262,2016,3,0.42226228,3.8512714,1022.4586,3.7449644,491.61475,0.15,3.632672,1248.632
baseline,262,2017,3,0.48730215,2.8318415,1235.4891,2.6754506,510.16644,0.15,2.7623894,1291.6674
baseline,262,2018,3,0.48960218,2.5820239,1246.0076,2.3070946,492.3224,0.15,2.3095784,1249.1973
baseline,262,2019,3,0.27609774,4.209751,665.96747,3.9017572,488.3298,0.15,4.6157136,1240.4114
baseline,263,2015,3,0.46706024,2.8719103,1141.0392,2.6795015,492.1723,0.15,2.6390471,1248.1285
baseline,263,2016,3,0.45719242,2.3541977,1163.8628,2.2246804,506.08105,0.15,2.1695824,1279.1805
baseline,263,2017,3,0.46042663,1.6506947,1241.0028,1.4642466,517.7336,0.15,1.4817713,1310.2266
baseline,263,2018,3,0.33208358,3.3714683,804.92377,3.2105007,479.87747,0.15,3.915351,1217.2737
baseline,263,2019,3,0.34168574,3.1765966,842.8065,3.0585966,488.0238,0.15,3.7778487,1239.8593
baseline,264,2015,3,0.45125932,3.5578744,1313.0883,3.5967307,559.82837,0.15,4.12417,1421.8882
baseline,264,2016,3,0.5454422,3.5021122,1661.6099,3.5595465,600.2873,0.15,3.867017,1518.7822
baseline,264,2017,3,0.5776731,3.3074048,1709.4713,3.2835438,588.1918,0.15,2.9853506,1486.883
baseline,264,2018,3,0.48136914,3.7121797,1411.493,3.7454805,578.6509,0.15,4.4855213,1468.0023
baseline,264,2019,3,0.538002,3.9202979,1648.6729,3.936414,617.31195,0.15,4.2947793,1559.3784
baseline,265,2015,3,0.39598984,3.97465,948.3181,3.9917502,479.88705,0.15,4.7855268,1219.5729
baseline,265,2016,3,0.3910729,4.347026,953.8577,4.2142863,500.73465,0.15,4.8373904,1271.7493
baseline,265,2017,3,0.46397597,3.8346612,1155.2441,3.7795694,517.6067,0.15,3.8826187,1310.7781
baseline,265,2018,3,0.52678144,2.0249496,1359.7218,1.7329102,492.66946,0.15,1.6929927,1252.2484
baseline,265,2019,3,0.3020467,4.4161325,715.465,4.2135663,485.1184,0.15,4.7534666,1233.4766
baseline,266,2015,3,0.41866356,3.3573053,1025.8817,3.2872033,494.62274,0.15,3.4265618,1254.3937
baseline,266,2016,3,0.42972255,3.0316217,1065.8711,2.765666,498.04532,0.15,2.5081131,1261.1145
baseline,266,2017,3,0.47201303,1.3844384,1288.3557,1.2246896,518.0811,0.15,1.2627225,1310.5283
baseline,266,2018,3,0.36606792,3.3697546,869.2306,3.3176494,470.40237,0.15,3.7837539,1193.1444
baseline,266,2019,3,0.38329223,3.2591672,945.6217,3.2121117,483.99207,0.15,3.480606,1231.08
baseline,267,2015,3,0.43831354,2.2363832,1103.5206,2.0499513,481.41583,0.15,1.8877342,1204.7894
baseline,267,2016,3,0.4629023,1.949479,1183.9961,1.7349088,483.52185,0.15,1.6777674,1208.9124
baseline,267,2017,3,0.44441047,1.6620127,1226.469,1.492229,511.16962,0.15,1.4787178,1274.4425
baseline,267,2018,3,0.37056783,2.436758,934.3819,2.3909707,482.25702,0.15,2.8910456,1210.174
baseline,267,2019,3,0.34294719,1.4611053,890.9478,1.5194058,476.74503,0.15,1.8061519,1190.9302
baseline,268,2015,3,0.38277072,2.7029672,890.1978,2.697012,460.0723,0.15,2.7858744,1172.2227
baseline,268,2016,3,0.45870122,1.4462473,1136.0449,1.2113692,469.40027,0.15,1.1909602,1194.2512
baseline,268,2017,3,0.38966924,2.7029762,911.0007,2.6933525,461.1918,0.15,2.7105625,1176.5479
baseline,268,2018,3,0.37088218,2.8239975,762.82526,2.7064137,404.13626,0.15,2.5655897,1038.3654
baseline,268,2019,3,0.35845098,3.1431055,808.3442,3.030104,451.0438,0.15,3.3441339,1152.3148
baseline,269,2015,3,0.46119258,2.8150795,1552.6096,2.9710202,590.0465,0.15,3.5011883,1521.5726
baseline,269,2016,3,0.19677159,3.4909883,668.9664,3.2252495,591.53076,0.15,3.9051251,1525.6052
baseline,269,2017,3,0.11866653,3.637607,401.77097,3.2289593,582.2954,0.15,3.9011092,1505.7479
baseline,269,2018,3,0.22875994,3.5918455,762.90344,3.3598173,584.5833,0.15,4.075521,1510.7997
baseline,269,2019,3,0.2791884,3.5247347,954.5047,3.416502,595.6454,0.15,4.1361775,1537.9631
baseline,270,2015,3,0.45455167,1.9198577,1208.9904,1.6867125,511.41373,0.15,1.6138526,1272.5935
baseline,270,2016,3,0.47651333,1.6208994,1314.4009,1.4130211,520.20105,0.15,1.4584913,1292.324
baseline,270,2017,3,0.4430834,1.7095249,1266.6921,1.5846814,532.7286,0.15,1.6287092,1321.1041
baseline,270,2018,3,0.37866855,2.6056223,997.4494,2.512424,511.41055,0.15,3.0048437,1273.4276
baseline,270,2019,3,0.3465695,1.7085412,953.3935,1.6933684,517.74884,0.15,1.9421498,1283.76
baseline,271,2015,3,0.5561471,1.6687702,1215.8798,1.3541484,439.38528,0.15,1.3436797,1110.197
baseline,271,2016,3,0.5368843,1.720515,1165.8606,1.5194341,424.312,0.15,1.5084887,1076.6797
baseline,271,2017,3,0.5707391,0.9624639,1272.5538,0.76468146,431.83188,0.15,0.7916557,1092.9836
baseline,271,2018,3,0.56346214,0.91362035,1348.3882,0.7246096,457.22852,0.15,0.73530203,1154.2997
baseline,271,2019,3,0.54665035,1.1139404,1306.5073,0.9038956,464.95816,0.15,0.90534735,1170.9086
baseline,272,2015,3,0.26038313,4.131555,573.2714,4.051864,403.9345,0.15,4.3642416,1060.572
baseline,272,2016,3,0.21736845,4.3789754,483.36325,4.1587563,405.04935,0.15,4.8925247,1063.8911
baseline,272,2017,3,0.11624262,4.058341,236.92845,3.7138062,360.62585,0.15,4.385085,951.68176
baseline,272,2018,3,0.118845806,4.3428288,267.3226,3.9181714,403.0451,0.15,4.694495,1056.8212
baseline,272,2019,3,0.16670594,4.509967,369.13483,4.22126,394.58206,0.15,5.02916,1036.0049
baseline,273,2015,3,0.37634853,3.3951244,895.9299,3.415668,465.3548,0.15,4.1538944,1186.0562
baseline,273,2016,3,0.3683923,3.7683754,865.7913,3.6872373,474.14996,0.15,4.352277,1208.3575
baseline,273,2017,3,0.46092585,3.4604363,1133.9426,3.375162,500.47055,0.15,3.3394852,1272.607
baseline,273,2018,3,0.43755436,3.621013,1024.1714,3.6844401,468.7805,0.15,4.0392303,1194.9872
baseline,273,2019,3,0.40604162,3.5765235,913.6119,3.612713,455.75818,0.15,3.923975,1164.3208
baseline,274,2015,3,0.37442994,2.1572611,876.8117,2.1420374,454.6315,0.15,2.643995,1152.7999
baseline,274,2016,3,0.39183044,2.276355,818.1477,2.248878,419.84338,0.15,2.78697,1069.0062
baseline,274,2017,3,0.3812342,2.1669886,811.11725,2.1321785,432.7415,0.15,2.637757,1100.5502
baseline,274,2018,3,0.39508706,2.2547753,858.17474,2.27098,423.77844,0.15,2.7982404,1080.3195
baseline,274,2019,3,0.35612908,2.3517575,803.2965,2.284361,449.93204,0.15,2.8247557,1144.1055
baseline,275,2015,3,0.3756801,3.8314598,1120.7343,3.7906938,520.7077,0.15,4.013547,1351.6118
baseline,275,2016,3,0.41525975,2.2807457,1276.0219,1.8517536,525.19696,0.15,1.5642629,1359.2728
baseline,275,2017,3,0.21252395,4.446617,615.45526,4.3059816,503.51404,0.15,4.959314,1308.2126
baseline,275,2018,3,0.1949048,3.9791186,575.5557,3.7833295,512.7812,0.15,4.3122215,1326.9487
baseline,275,2019,3,0.37023482,3.0700102,1153.6213,2.8203933,531.23834,0.15,2.8175313,1373.8103
baseline,276,2015,3,0.40438178,2.9191668,921.91986,2.8959546,460.00436,0.15,3.5503426,1171.1385
baseline,276,2016,3,0.29447937,3.1558843,707.5916,2.956216,477.44788,0.15,3.6507037,1209.9655
baseline,276,2017,3,0.37716186,2.8949668,923.8499,2.8515103,495.4372,0.15,3.470242,1255.4283
baseline,276,2018,3,0.27760676,3.0337346,646.5581,2.8677971,449.08105,0.15,3.5216615,1142.5372
baseline,276,2019,3,0.29859796,2.9472055,692.15735,2.8134027,451.87277,0.15,3.4615505,1151.9471
baseline,277,2015,3,0.4164912,3.5293386,1046.2781,3.4924715,500.2035,0.15,4.062194,1267.564
baseline,277,2016,3,0.40321332,3.7140892,1046.0015,3.6477442,513.9408,0.15,4.476911,1301.7358
baseline,277,2017,3,0.47612187,3.3437376,1221.7684,3.3275387,519.38104,0.15,3.561173,1315.436
baseline,277,2018,3,0.5291333,1.9277709,1332.0343,1.6241336,480.1199,0.15,1.5312283,1220.1166
baseline,277,2019,3,0.34955427,3.7746065,865.84314,3.5898192,493.61002,0.15,4.138868,1253.1296
baseline,278,2015,3,0.18293501,3.6016564,560.87555,3.3075533,530.94366,0.15,4.003694,1363.7145
baseline,278,2016,3,0.3998146,3.5126393,1267.7435,3.436919,570.22205,0.15,3.8623526,1463.8619
baseline,278,2017,3,0.2846245,3.6608584,868.2511,3.5330381,546.50934,0.15,4.0810246,1405.7285
baseline,278,2018,3,0.45924994,3.3223114,1417.7006,3.3774772,568.7429,0.15,3.309579,1463.0066
baseline,278,2019,3,0.47531366,3.389678,1542.9587,3.4626546,595.4367,0.15,4.0115185,1524.0997
baseline,279,2015,3,0.3943618,3.7334034,852.80664,3.730132,452.72375,0.15,4.385456,1156.0364
baseline,279,2016,3,0.47830367,2.407755,1133.5234,1.9366435,466.70596,0.15,1.8086915,1190.0837
baseline,279,2017,3,0.3808093,3.550394,876.04785,3.5466669,475.66425,0.15,4.021748,1213.5571
baseline,279,2018,3,0.42676494,3.9965155,912.04767,3.772013,441.94742,0.15,3.4879842,1131.9645
baseline,279,2019,3,0.4232378,3.73947,913.94354,3.7792375,445.1194,0.15,3.9681144,1140.0376
baseline,280,2015,3,0.46871123,3.3497803,1482.3407,3.5743299,568.47064,0.15,4.2782397,1461.7228
baseline,280,2016,3,0.19470598,3.1080852,661.38324,2.9249718,563.83185,0.15,3.5106921,1449.4181
baseline,280,2017,3,0.42524073,3.0225286,1341.897,3.2863286,548.6144,0.15,3.9619305,1413.0275
baseline,280,2018,3,0.38063088,2.5591786,1231.7485,2.6994638,550.7395,0.15,3.1829214,1416.5519
baseline,280,2019,3,0.25405946,2.9258451,766.83014,2.9097872,505.34433,0.15,3.4847398,1307.519
baseline,281,2015,3,0.48744306,2.7488437,1396.1119,2.2734609,554.03644,0.15,1.9286094,1403.3448
baseline,281,2016,3,0.42020553,4.277617,1174.8129,4.06596,564.7607,0.15,4.6167903,1428.8723
baseline,281,2017,3,0.55608726,2.2979116,1633.3406,2.0263665,569.8312,0.15,1.8817481,1441.9594
baseline,281,2018,3,0.3399401,4.464297,920.9205,4.1807375,564.5612,0.15,5.1331515,1430.9954
baseline,281,2019,3,0.5347629,3.3590808,1608.1991,3.190716,604.82117,0.15,3.0527892,1525.5645
baseline,282,2015,3,0.35187945,3.173621,1246.2393,3.1515424,612.0496,0.15,3.63187,1574.4546
baseline,282,2016,3,0.26452872,3.7019184,935.6929,3.4936838,620.52496,0.15,4.2018766,1594.3304
baseline,282,2017,3,0.24989048,3.4778888,855.87537,3.3170364,591.71844,0.15,4.0144625,1525.8944
baseline,282,2018,3,0.2630559,4.0297027,903.0881,3.770695,613.4331,0.15,4.435842,1579.7761
baseline,282,2019,3,0.46442,3.131044,1610.7281,3.3379123,612.3259,0.15,3.677927,1574.1792
baseline,283,2015,3,0.4072792,3.8284159,1147.3508,3.6949122,562.10034,0.15,4.490924,1423.1173
baseline,283,2016,3,0.49755841,3.5895817,1460.1165,3.5894597,585.8744,0.15,4.1596894,1479.0509
baseline,283,2017,3,0.5734231,3.1167753,1698.7661,3.0256782,590.3939,0.15,2.9692748,1489.4905
baseline,283,2018,3,0.5205697,3.4454842,1537.5073,3.470566,588.48083,0.15,3.6517375,1488.4966
baseline,283,2019,3,0.53237265,3.711746,1621.9781,3.6448498,616.7161,0.15,4.2950673,1552.5782
baseline,284,2015,3,0.5426286,3.1859314,1530.8652,3.3107514,543.96136,0.15,3.530258,1383.1106
baseline,284,2016,3,0.5336641,3.6676922,1522.0667,3.8824406,553.9576,0.15,3.8443055,1408.957
baseline,284,2017,3,0.38833007,4.246225,1082.1813,4.22695,537.0969,0.15,5.1358585,1366.5514
baseline,284,2018,3,0.57273626,3.3069122,1477.3771,3.0794675,498.9049,0.15,2.814027,1276.5782
baseline,284,2019,3,0.57051986,3.727672,1531.964,4.0072494,527.19336,0.15,3.9999642,1345.1957
baseline,285,2015,3,0.43225476,2.0945876,1292.6158,1.7423733,554.59283,0.15,1.6180896,1406.7178
baseline,285,2016,3,0.38189775,4.2671747,1090.5039,4.056456,561.3654,0.15,4.5758066,1423.5992
baseline,285,2017,3,0.5702346,1.4397656,1749.962,1.2359025,579.30774,0.15,1.2829905,1465.0608
baseline,285,2018,3,0.3394286,4.552001,935.36884,4.2976723,564.9115,0.15,5.203461,1432.3225
baseline,285,2019,3,0.512081,3.3222206,1580.4922,3.2112668,613.9893,0.15,3.3517418,1548.984
baseline,286,2015,3,0.48841098,1.8112742,1149.8892,1.6355937,455.2037,0.15,1.6409659,1154.0374
baseline,286,2016,3,0.42657086,2.592856,973.92377,2.5340989,457.4152,0.15,2.847622,1157.8456
baseline,286,2017,3,0.47041968,1.5830016,1186.0001,1.3409191,481.84836,0.15,1.3050773,1221.0686
baseline,286,2018,3,0.43155023,2.512899,975.8408,2.512762,440.7939,0.15,2.7494233,1121.0411
baseline,286,2019,3,0.40957084,2.3515525,970.9914,2.1200314,464.9612,0.15,2.0540695,1179.5289
baseline,287,2015,3,0.41582322,3.7036006,1039.3965,3.8083649,489.7275,0.15,4.5370946,1247.1665
baseline,287,2016,3,0.3905942,3.9216132,939.64545,3.9094758,479.3259,0.15,4.483388,1221.5198
baseline,287,2017,3,0.46029407,3.5118487,1114.348,3.3185213,491.61594,0.15,3.168717,1252.1058
baseline,287,2018,3,0.41522914,4.057077,989.2402,4.0896864,476.29382,0.15,4.2993608,1215.3323
baseline,287,2019,3,0.39245898,4.114116,909.9362,4.058121,472.1628,0.15,4.788902,1205.5281
baseline,288,2015,3,0.42402744,3.1927297,1043.354,3.173119,492.9447,0.15,3.4854245,1250.517
baseline,288,2016,3,0.4127852,3.3401108,992.2307,3.164737,485.15863,0.15,3.203087,1228.8239
baseline,288,2017,3,0.5099156,1.2751654,1352.714,1.0933114,506.6315,0.15,1.1258382,1281.6117
baseline,288,2018,3,0.35011452,3.2358356,841.35815,3.180595,468.17365,0.15,3.635661,1188.9124
baseline,288,2019,3,0.38410532,3.17718,910.6109,3.1267192,466.96054,0.15,3.5586383,1188.948
baseline,289,2015,3,0.46259767,2.601813,1152.4596,2.8139277,471.28607,0.15,3.2280488,1196.9574
baseline,289,2016,3,0.3880101,2.6026907,942.9192,2.6887658,457.49463,0.15,3.284364,1165.7563
baseline,289,2017,3,0.39577198,2.6846611,1021.302,2.7555382,489.35745,0.15,3.3768966,1241.6785
baseline,289,2018,3,0.3617257,2.3619041,912.9058,2.4387016,454.47083,0.15,2.9685965,1152.6711
baseline,289,2019,3,0.34749115,2.464485,895.14197,2.5190837,471.44318,0.15,3.0642517,1196.4282
baseline,290,2015,3,0.49149358,2.942822,899.3129,3.1204696,330.2344,0.15,3.135871,867.90814
baseline,290,2016,3,0.49236572,3.3138669,874.61475,3.748841,331.42218,0.15,4.480067,870.1951
baseline,290,2017,3,0.43224362,3.5036967,863.6195,3.8141625,366.2146,0.15,4.569173,955.8615
baseline,290,2018,3,0.3403922,3.3614852,609.7924,3.5112214,328.4435,0.15,4.2153215,861.7027
baseline,290,2019,3,0.38310403,3.1397178,669.48346,3.3372207,317.20065,0.15,4.0209885,833.3296
baseline,291,2015,3,0.38900635,4.217043,1089.1263,4.0051804,571.42,0.15,4.9168606,1445.1517
baseline,291,2016,3,0.5105765,3.4510546,1560.3938,3.405936,606.0366,0.15,3.939152,1525.8275
baseline,291,2017,3,0.57970333,3.102257,1733.5839,2.7384448,599.2121,0.15,2.585286,1508.199
baseline,291,2018,3,0.5491208,3.2605567,1643.4692,3.28736,601.34186,0.15,3.2912588,1516.0117
baseline,291,2019,3,0.54207206,3.804452,1659.8365,3.6915298,625.2179,0.15,3.9896152,1571.5449
baseline,292,2015,3,0.3990879,3.5336437,985.6349,3.593704,483.51703,0.15,4.3401546,1229.6926
baseline,292,2016,3,0.4031585,3.8561113,953.9342,3.8281078,479.90308,0.15,4.1512375,1222.3555
baseline,292,2017,3,0.482562,2.6717985,1191.7075,2.5670228,497.08362,0.15,2.4856548,1263.834
baseline,292,2018,3,0.42078406,4.035573,1011.2091,4.025992,486.55014,0.15,4.4408836,1238.8369
baseline,292,2019,3,0.39130077,3.713527,899.82996,3.744091,463.407,0.15,4.0263605,1183.5897
baseline,293,2015,3,0.40167177,3.3222368,1302.6226,3.4239528,572.967,0.15,4.045268,1472.0452
baseline,293,2016,3,0.2518039,3.1417716,860.22235,3.0516253,576.12683,0.15,3.6746774,1477.7262
baseline,293,2017,3,0.51035774,2.709652,1603.0879,3.0865383,552.08203,0.15,3.7124097,1420.7026
baseline,293,2018,3,0.30371433,2.665571,1003.372,2.6873708,556.8147,0.15,3.1879685,1430.0217
baseline,293,2019,3,0.21163315,2.7576833,661.0093,2.668467,516.6177,0.15,3.185146,1335.0371
baseline,294,2015,3,0.072846256,4.1139336,207.42839,3.6195574,484.1041,0.15,4.330798,1258.9154
baseline,294,2016,3,0.073126465,4.5459824,230.07674,3.987135,539.1804,0.15,4.7796636,1393.9025
baseline,294,2017,3,0.053440273,4.4178467,159.02377,3.829243,509.5232,0.15,4.5853333,1320.3751
baseline,294,2018,3,0.061372474,4.627059,192.05911,4.0145364,536.6787,0.15,4.821127,1386.6936
baseline,294,2019,3,0.055780623,4.576652,169.223,3.9540887,525.23114,0.15,4.749991,1358.6139
baseline,295,2015,3,0.4140909,3.4515371,1475.6047,3.36371,604.0841,0.15,4.1597915,1523.4286
baseline,295,2016,3,0.41254026,3.3730633,1435.5178,3.287784,598.97284,0.15,4.0510287,1508.6534
baseline,295,2017,3,0.46634033,3.3841536,1657.7683,3.3913352,616.78864,0.15,4.160295,1551.6035
baseline,295,2018,3,0.38577414,3.3852174,1425.4991,3.3289769,620.5874,0.15,4.0930953,1558.8607
baseline,295,2019,3,0.42987338,3.3529723,1546.7477,3.3428686,611.1668,0.15,4.118644,1538.1617
baseline,296,2015,3,0.47609422,1.8897951,1215.0621,1.5815914,485.37668,0.15,1.4537483,1216.127
baseline,296,2016,3,0.374443,2.005491,915.6654,2.029942,468.13168,0.15,2.496917,1168.6903
baseline,296,2017,3,0.40871125,2.408436,1064.4531,2.2884018,500.82156,0.15,2.3669043,1246.7203
baseline,296,2018,3,0.39139128,2.3760192,999.8205,2.354843,496.4911,0.15,2.8062122,1237.886
baseline,296,2019,3,0.34155393,0.701325,876.2519,0.7291772,474.81958,0.15,0.88762057,1183.4928
baseline,297,2015,3,0.21103522,2.7449925,736.5988,2.559473,596.9854,0.15,3.096877,1535.6715
baseline,297,2016,3,0.22023505,2.8842106,787.76855,2.686992,614.02795,0.15,3.2572553,1577.8811
baseline,297,2017,3,0.2311345,2.8779147,780.1921,2.7029474,582.32385,0.15,3.2748368,1503.0487
baseline,297,2018,3,0.24932534,3.2729077,858.31647,3.0141582,612.0272,0.15,3.6808493,1575.9072
baseline,297,2019,3,0.26178354,2.9652612,940.71545,2.80181,619.1031,0.15,3.4042234,1590.8716
baseline,298,2015,3,0.2533859,3.5805666,716.9561,3.3115816,521.2055,0.15,3.9944515,1331.3193
baseline,298,2016,3,0.27733317,3.3269198,823.46655,3.1614218,537.14825,0.15,3.856671,1369.8844
baseline,298,2017,3,0.384169,3.658341,1061.7812,3.5307772,541.6557,0.15,3.8336937,1382.6915
baseline,298,2018,3,0.30396736,3.4083102,864.8753,3.2254264,530.6594,0.15,3.9226367,1353.754
baseline,298,2019,3,0.5313502,3.38238,1598.359,3.2033286,594.2123,0.15,3.2384346,1508.868
baseline,299,2015,3,0.21399154,2.9575388,787.3168,2.734989,627.08185,0.15,3.320267,1609.2676
baseline,299,2016,3,0.40142158,2.939842,1465.8501,2.9957068,641.5281,0.15,3.3639107,1644.4016
baseline,299,2017,3,0.337041,2.8042386,1172.9596,2.7730258,597.37714,0.15,3.3004434,1537.6293
baseline,299,2018,3,0.35985124,3.308936,1304.1592,3.2299078,640.3707,0.15,3.6801953,1644.7274
baseline,299,2019,3,0.2526891,2.9726775,924.3785,2.8398063,621.79956,0.15,3.233042,1596.9758
baseline,300,2015,3,0.27344382,3.1082613,964.0634,2.9736707,605.1385,0.15,3.5036764,1558.6985
baseline,300,2016,3,0.26246572,3.5463068,915.60034,3.3562045,608.005,0.15,4.0374117,1566.3904
baseline,300,2017,3,0.1646809,3.6216302,547.0623,3.2951279,574.42645,0.15,3.9852786,1485.4644
baseline,300,2018,3,0.18792793,3.8755589,633.2881,3.5309005,596.06055,0.15,4.289018,1538.3014
baseline,300,2019,3,0.5410344,2.6641672,1834.7053,2.8854241,594.19135,0.15,2.9110584,1534.2372
baseline,301,2015,3,0.1539134,3.789707,318.02948,3.4578261,370.8593,0.15,4.1737385,966.1689
baseline,301,2016,3,0.13046247,4.0865545,278.62323,3.614482,386.42084,0.15,4.389204,1000.5568
baseline,301,2017,3,0.19006065,3.4917464,425.24127,3.272139,397.98914,0.15,3.869094,1028.3177
baseline,301,2018,3,0.2027565,4.129056,420.99356,3.8214266,388.89142,0.15,4.594775,1007.1247
baseline,301,2019,3,0.38052443,3.7030606,860.4754,3.7903419,416.34488,0.15,4.4714866,1077.4573
baseline,302,2015,3,0.40197942,2.1859577,1210.1166,2.1894417,560.7307,0.15,2.17837,1420.2719
baseline,302,2016,3,0.3812251,3.9720888,1090.5332,3.713084,566.91266,0.15,4.041972,1434.5095
baseline,302,2017,3,0.55492127,2.0540464,1646.6812,1.7213074,571.0053,0.15,1.7474821,1446.9767
baseline,302,2018,3,0.2674876,4.501107,718.3852,4.0986238,550.8418,0.15,5.0153046,1398.1547
baseline,302,2019,3,0.4913405,3.4717598,1501.9191,3.4702132,609.96265,0.15,3.789024,1540.0977
baseline,303,2015,3,0.5018057,2.97697,1157.5287,3.0972629,450.37375,0.15,3.3554256,1150.3197
baseline,303,2016,3,0.5336125,3.1425128,1265.698,3.1108718,466.04742,0.15,2.8026428,1188.8625
baseline,303,2017,3,0.46753794,3.0962563,1106.9707,3.2637594,466.4803,0.15,3.9517431,1192.5515
baseline,303,2018,3,0.438363,3.3144488,954.02844,3.4107234,427.4366,0.15,3.7569935,1097.9136
baseline,303,2019,3,0.49048242,3.3765187,1114.657,3.4037101,452.91135,0.15,3.3356307,1158.2692
baseline,304,2015,3,0.16788039,3.1626174,506.38416,2.8766217,526.18695,0.15,3.4834259,1349.6346
baseline,304,2016,3,0.24963222,3.6227717,782.74194,3.4025567,569.9178,0.15,4.142984,1460.9877
baseline,304,2017,3,0.2040572,3.4682813,610.4854,3.173202,544.49646,0.15,3.865004,1398.9355
baseline,304,2018,3,0.29539654,3.7553508,895.4525,3.5505795,560.86285,0.15,4.0645223,1440.4404
baseline,304,2019,3,0.3974962,3.3705518,1283.4995,3.3887415,593.2076,0.15,4.133397,1516.1317
baseline,305,2015,3,0.2216297,3.3388484,646.61505,3.0553186,530.9718,0.15,3.6770096,1357.9791
baseline,305,2016,3,0.28724593,3.1934042,871.76495,3.0374265,552.1767,0.15,3.710761,1407.7776
baseline,305,2017,3,0.342517,3.2896214,972.40485,3.181983,538.7665,0.15,3.7933676,1379.3892
baseline,305,2018,3,0.32336023,3.229355,921.35956,3.114583,530.43506,0.15,3.808258,1356.8489
baseline,305,2019,3,0.5214616,2.74602,1634.3071,2.4958303,592.3085,0.15,2.4623678,1507.9114
baseline,306,2015,3,0.41314048,3.2489014,952.3044,3.2210727,468.56165,0.15,3.8222458,1191.7305
baseline,306,2016,3,0.31881046,3.4398198,754.1675,3.238117,479.77762,0.15,4.0076227,1216.5609
baseline,306,2017,3,0.4095332,3.1527114,1020.6436,3.059212,508.8581,0.15,3.0565207,1288.552
baseline,306,2018,3,0.30299085,3.2195537,711.5386,3.0797436,457.64032,0.15,3.7851865,1164.3783
baseline,306,2019,3,0.3206274,3.1308212,755.1199,3.0008755,463.87387,0.15,3.6994252,1181.3503
baseline,307,2015,3,0.47968826,2.8988254,1587.4779,3.0982223,583.4149,0.15,3.560462,1496.8209
baseline,307,2016,3,0.2541107,3.2176855,882.7736,3.1194713,586.6394,0.15,3.7331836,1502.3529
baseline,307,2017,3,0.5784394,2.5612454,1815.2024,2.977209,556.74274,0.15,3.4169319,1432.4822
baseline,307,2018,3,0.5092708,2.2826107,1654.8127,2.5784976,564.7831,0.15,3.044361,1448.6274
baseline,307,2019,3,0.2395442,2.5750196,763.6998,2.5529227,524.76855,0.15,3.0125186,1355.0632
baseline,308,2015,3,0.5440998,1.8641828,1835.2755,1.7952418,579.7606,0.15,1.8077658,1497.2882
baseline,308,2016,3,0.40848875,2.661911,1394.0311,2.8401012,582.35175,0.15,3.1685846,1501.9725
baseline,308,2017,3,0.43335703,2.530225,1394.1615,2.5668685,548.90735,0.15,2.8083456,1423.2847
baseline,308,2018,3,0.56036484,2.2484114,1864.6704,2.5522969,573.85876,0.15,2.838046,1481.5419
baseline,308,2019,3,0.4022544,2.5910914,1264.3265,2.836826,533.1523,0.15,3.4090927,1383.1818
baseline,309,2015,3,0.42490846,2.435973,1100.8815,2.5952456,484.27832,0.15,3.1365957,1226.4761
baseline,309,2016,3,0.4085326,2.3118439,998.03076,2.4459083,448.6741,0.15,2.9748275,1144.7605
baseline,309,2017,3,0.42931804,2.3787377,1122.8267,2.5118523,493.95935,0.15,3.0722713,1251.1853
baseline,309,2018,3,0.40283746,2.2634487,1061.4908,2.387838,478.2651,0.15,2.817874,1207.9106
baseline,309,2019,3,0.40811852,2.2778091,1082.6682,2.4094071,488.0061,0.15,2.9362934,1236.1078
baseline,310,2015,3,0.43073738,3.88834,1125.8528,3.858526,524.7728,0.15,4.378786,1327.3818
baseline,310,2016,3,0.43227482,3.2565727,1152.6134,3.0198448,519.2844,0.15,2.9587393,1315.2959
baseline,310,2017,3,0.53179926,2.3425276,1458.8958,2.0804875,534.0453,0.15,2.0367577,1351.877
baseline,310,2018,3,0.5115536,2.4903412,1349.2057,2.219315,505.8077,0.15,2.203501,1282.9014
baseline,310,2019,3,0.30167338,4.4484987,788.0461,4.1149154,524.4317,0.15,5.036281,1327.7684
baseline,311,2015,3,0.5770171,2.081551,1698.3425,1.8614696,532.68005,0.15,1.7764865,1376.4381
baseline,311,2016,3,0.5412976,0.8099855,1682.6277,0.6850879,539.09436,0.15,0.68188924,1393.6488
baseline,311,2017,3,0.5470025,3.412395,1551.3234,3.780812,522.279,0.15,4.1476245,1353.463
baseline,311,2018,3,0.47163165,3.6498933,1368.9257,3.5883486,538.2026,0.15,3.6737673,1392.6226
baseline,311,2019,3,0.53563154,3.9575725,1591.5084,4.033584,558.08374,0.15,4.295044,1440.8298
baseline,312,2015,3,0.5147156,3.404682,1488.1577,3.4053032,552.4197,0.15,3.4381626,1410.6312
baseline,312,2016,3,0.55747443,2.808893,1626.5211,2.5308776,555.81903,0.15,2.4424453,1416.1494
baseline,312,2017,3,0.5963423,1.1337954,1865.2152,0.9619732,565.143,0.15,0.922482,1439.3037
baseline,312,2018,3,0.4717706,3.2586806,1382.2233,3.203672,549.6714,0.15,3.5744188,1402.141
baseline,312,2019,3,0.58908886,1.9708238,1857.2858,1.578174,588.8302,0.15,1.4622638,1497.7463
baseline,313,2015,3,0.37355757,4.990099,868.1529,4.9143786,489.48434,0.15,5.6506658,1243.924
baseline,313,2016,3,0.40748724,5.32241,979.8694,5.1655364,522.248,0.15,5.9410496,1323.8079
baseline,313,2017,3,0.40545166,5.5164332,930.5137,5.340963,523.99115,0.15,5.6208096,1327.3837
baseline,313,2018,3,0.48623598,3.631125,1161.4825,3.026041,494.89297,0.15,2.897415,1256.2987
baseline,313,2019,3,0.33568174,5.4238763,767.1035,5.134512,496.44788,0.15,6.3353457,1260.5931
baseline,314,2015,3,0.18444774,2.6431484,672.8862,2.4209876,622.1873,0.15,2.932114,1598.2781
baseline,314,2016,3,0.26286033,2.7981493,963.52167,2.6441715,634.66754,0.15,3.2127838,1628.2548
baseline,314,2017,3,0.21204963,2.7390473,744.29675,2.5329704,601.7844,0.15,3.0732899,1550.7552
baseline,314,2018,3,0.26544207,3.1096363,944.4339,2.882878,632.2832,0.15,3.498543,1625.8649
baseline,314,2019,3,0.18461919,2.9266717,664.7345,2.650014,618.1616,0.15,3.221633,1588.9125
baseline,315,2015,3,0.24613543,2.8976898,887.15674,2.7442822,618.6669,0.15,3.3250415,1587.9337
baseline,315,2016,3,0.30467707,3.0805624,1099.8434,2.9699094,629.0145,0.15,3.5736709,1613.5183
baseline,315,2017,3,0.22951074,3.123013,800.78284,2.9186778,602.21625,0.15,3.5398104,1549.3706
baseline,315,2018,3,0.2401195,3.4905915,863.66437,3.2550688,639.6281,0.15,3.6946948,1641.066
baseline,315,2019,3,0.18289551,3.1907263,668.59564,2.8925095,623.82245,0.15,3.5133696,1599.6438
baseline,316,2015,3,0.53998834,1.5903229,1338.8612,1.3867091,483.92328,0.15,1.4135572,1217.0042
baseline,316,2016,3,0.50100476,1.8344406,1289.0372,1.7134918,506.38184,0.15,1.7444879,1271.63
baseline,316,2017,3,0.5381961,0.8989378,1470.5922,0.8032548,521.2606,0.15,0.84947366,1310.8087
baseline,316,2018,3,0.5211367,1.9931945,1326.3854,1.8845996,494.70685,0.15,1.9419366,1250.2506
baseline,316,2019,3,0.42492318,2.33343,1016.1877,2.125801,470.00308,0.15,2.1485662,1189.6263
baseline,317,2015,3,0.23403865,3.673124,662.1609,3.405114,520.3191,0.15,4.095386,1333.454
baseline,317,2016,3,0.2989094,3.7897723,875.7831,3.605205,552.1747,0.15,4.4087687,1409.7996
baseline,317,2017,3,0.3469634,3.6984012,968.15643,3.6212356,534.27783,0.15,4.1377783,1370.5999
baseline,317,2018,3,0.3001167,3.845874,842.8054,3.6838348,529.5517,0.15,4.5004244,1358.7975
baseline,317,2019,3,0.50730646,3.3965485,1580.8578,3.1215243,593.08185,0.15,2.8452713,1511.7498
baseline,318,2015,3,0.46521613,2.7408822,1548.4456,3.0453577,575.967,0.15,3.6035948,1482.2172
baseline,318,2016,3,0.37386706,2.5531092,1292.0375,2.7570443,582.4089,0.15,3.3101263,1495.0839
baseline,318,2017,3,0.4268519,2.6032035,1370.9674,2.8571272,549.8094,0.15,3.4425354,1418.114
baseline,318,2018,3,0.5017527,2.424422,1660.9918,2.7867565,574.15985,0.15,3.3053699,1475.6737
baseline,318,2019,3,0.17800938,2.5778801,575.29724,2.4536624,529.7572,0.15,2.9343436,1369.2874
baseline,319,2015,3,0.40080282,4.0432043,1099.8802,3.8596804,562.62573,0.15,4.730932,1422.7113
baseline,319,2016,3,0.5273596,3.3057847,1600.3083,2.5929534,603.71277,0.15,2.1246707,1517.7991
baseline,319,2017,3,0.5871209,2.4542437,1768.1498,1.896558,592.3298,0.15,1.7053326,1490.3964
baseline,319,2018,3,0.5510823,3.3894794,1645.4954,3.4108813,611.43085,0.15,3.5161612,1538.1361
baseline,319,2019,3,0.5111081,4.0451665,1523.5049,3.914552,616.28375,0.15,4.318612,1549.1437
baseline,320,2015,4,0.45121488,7.679736,1165.7593,8.961626,149.38303,0.05,9.406064,1170.7365
baseline,320,2016,4,0.15931384,10.859152,406.0658,10.987222,154.84888,0.05,11.613599,1206.2966
baseline,320,2017,4,0.17475696,11.418575,437.96472,11.760046,151.36452,0.05,12.405755,1182.7958
baseline,320,2018,4,0.37566006,10.862337,968.0986,11.898205,158.53358,0.05,12.534466,1235.169
baseline,320,2019,4,0.2245216,11.642197,551.2343,12.1452265,150.25685,0.05,12.74757,1174.0745
baseline,321,2015,4,0.26771376,7.1111054,457.26022,7.1553197,119.0693,0.05,7.371185,902.2854
baseline,321,2016,4,0.28672218,11.811553,484.40552,12.35952,119.66983,0.05,12.722955,905.1671
baseline,321,2017,4,0.26194087,11.250787,431.21332,11.83647,114.209,0.05,12.242636,869.071
baseline,321,2018,4,0.31687018,9.983063,585.152,10.101774,130.85469,0.05,10.505993,981.7397
baseline,321,2019,4,0.29510367,8.127132,558.4971,8.340048,121.84953,0.05,8.687954,922.37445
baseline,322,2015,4,0.38754332,6.5596986,821.3352,6.8111105,147.60579,0.05,7.1242275,1106.3507
baseline,322,2016,4,0.3318948,7.1963506,628.96704,7.6790075,134.34993,0.05,7.9994283,1017.66
baseline,322,2017,4,0.4207804,6.889312,888.23846,7.272559,141.38472,0.05,7.587987,1063.6407
baseline,322,2018,4,0.3939263,9.172093,885.80505,9.451878,153.67508,0.05,9.884321,1150.906
baseline,322,2019,4,0.39917776,10.159226,842.4551,10.387454,145.23415,0.05,10.841076,1087.8292
baseline,323,2015,4,0.45020604,6.154487,1363.2568,7.118842,181.52101,0.05,7.493043,1375.7062
baseline,323,2016,4,0.43741152,7.513404,1317.9368,8.179354,186.01471,0.05,8.581187,1404.6985
baseline,323,2017,4,0.433222,7.3349547,1330.4634,8.008223,188.61026,0.05,8.377681,1420.9696
baseline,323,2018,4,0.39531836,9.165962,1201.8436,9.96469,185.2648,0.05,10.387755,1398.1279
baseline,323,2019,4,0.41127744,8.436687,1255.495,9.015674,186.46553,0.05,9.397396,1408.6676
baseline,324,2015,4,0.18465593,13.506811,373.04053,14.413383,121.312035,0.05,15.229177,948.7808
baseline,324,2016,4,0.1634024,14.4428835,339.6673,15.135145,125.94054,0.05,16.004932,984.28143
baseline,324,2017,4,0.26636282,14.499024,647.33545,16.03235,147.67892,0.05,16.852882,1144.826
baseline,324,2018,4,0.24552806,14.819187,519.02783,16.237797,130.95918,0.05,17.16073,1021.3587
baseline,324,2019,4,0.21777523,12.708727,520.46576,13.92294,139.26784,0.05,14.721527,1080.8368
baseline,325,2015,4,0.09407291,22.800417,294.48242,22.542072,207.7339,0.05,23.937607,1598.7411
baseline,325,2016,4,0.11280227,23.83298,351.30594,23.68058,212.91225,0.05,25.213799,1635.7389
baseline,325,2017,4,0.08071561,22.267794,250.7821,21.791021,210.97351,0.05,23.199379,1617.8011
baseline,325,2018,4,0.09658983,23.005215,306.54028,22.73222,213.40987,0.05,24.190699,1636.8944
baseline,325,2019,4,0.07574511,22.82499,238.22244,22.321815,210.24722,0.05,23.724743,1614.1682
baseline,326,2015,4,0.4165266,6.0964174,924.1556,6.4119177,152.37938,0.05,6.7109556,1144.8676
baseline,326,2016,4,0.43764895,9.647835,923.8247,9.993789,142.99695,0.05,10.416573,1081.5114
baseline,326,2017,4,0.46747556,8.673489,1024.9644,9.232149,149.03932,0.05,9.704642,1122.3876
baseline,326,2018,4,0.45545974,7.8744044,1053.9393,8.442977,156.07336,0.05,8.898035,1171.2911
baseline,326,2019,4,0.4123327,10.34969,917.45294,10.590642,154.39673,0.05,11.095598,1156.954
baseline,327,2015,4,0.33983436,6.089259,899.885,6.401166,169.50018,0.05,6.597192,1256.6833
baseline,327,2016,4,0.38608807,8.362911,1063.2394,9.014318,171.14757,0.05,9.381077,1266.997
baseline,327,2017,4,0.4001811,6.6626263,1130.2825,7.1041155,176.09177,0.05,7.4238725,1301.1521
baseline,327,2018,4,0.29845253,11.745796,803.39984,12.420467,170.12689,0.05,13.124989,1260.8912
baseline,327,2019,4,0.2802277,1.686137,766.4699,1.808737,170.34207,0.05,1.9017873,1260.3103
baseline,328,2015,4,0.21239774,3.614674,628.66113,3.7528334,165.23369,0.05,3.9961672,1261.055
baseline,328,2016,4,0.19567493,1.3878231,527.8006,1.4213493,162.40155,0.05,1.5147147,1239.7662
baseline,328,2017,4,0.21848138,2.7583053,646.3303,2.833249,169.90456,0.05,3.0230913,1298.6051
baseline,328,2018,4,0.20730229,1.8098118,625.3951,1.8512614,173.39949,0.05,1.9747351,1322.566
baseline,328,2019,4,0.20459235,3.9861898,608.6127,4.080951,172.50447,0.05,4.3471303,1312.7554
baseline,329,2015,4,0.19651522,6.002425,557.70386,6.1566877,163.24841,0.05,6.5171595,1238.3872
baseline,329,2016,4,0.2141575,6.6812706,577.9516,6.9084206,158.64815,0.05,7.2257195,1206.1748
baseline,329,2017,4,0.24246967,5.8654995,692.6054,6.1222296,165.5508,0.05,6.440347,1254.3932
baseline,329,2018,4,0.2037765,6.6582317,566.1198,6.982806,163.0657,0.05,7.4050293,1235.7076
baseline,329,2019,4,0.23421746,5.6989326,670.1732,5.9230585,162.42195,0.05,6.2617054,1230.9008
baseline,330,2015,4,0.31102836,12.975304,932.1281,14.627081,186.5632,0.05,15.447582,1437.9814
baseline,330,2016,4,0.30017155,13.301357,942.3132,14.615852,193.33319,0.05,15.166729,1488.3792
baseline,330,2017,4,0.36386606,12.2549925,1097.0319,14.006015,184.39694,0.05,14.7235365,1424.0927
baseline,330,2018,4,0.21321084,13.283446,643.94324,14.138741,188.81244,0.05,15.018257,1453.2583
baseline,330,2019,4,0.30055085,13.200222,855.9035,14.760804,177.38351,0.05,15.695142,1371.3219
baseline,331,2015,4,0.1396243,14.287784,349.63992,14.724342,148.11188,0.05,15.573089,1151.467
baseline,331,2016,4,0.09666298,14.661216,254.9175,14.758353,153.89519,0.05,15.609566,1192.1355
baseline,331,2017,4,0.10348718,14.567799,258.85095,14.755523,146.62161,0.05,15.608238,1140.244
baseline,331,2018,4,0.11782019,14.988665,305.30344,15.338034,150.7355,0.05,16.228386,1170.4362
baseline,331,2019,4,0.09005269,14.615581,220.39273,14.656033,143.75546,0.05,15.508083,1118.848
baseline,332,2015,4,0.42217347,8.983713,1311.0317,10.194788,186.59169,0.05,10.747969,1409.0089
baseline,332,2016,4,0.32275152,11.996527,969.73114,12.821658,184.34534,0.05,13.44666,1387.836
baseline,332,2017,4,0.377967,9.934088,1169.1674,10.721875,188.56398,0.05,11.197546,1417.4698
baseline,332,2018,4,0.34539577,11.199584,1068.0695,12.092377,188.24503,0.05,12.696937,1415.0631
baseline,332,2019,4,0.37935007,11.206011,1176.9877,11.992302,191.04245,0.05,12.529018,1436.3612
baseline,333,2015,4,0.28569967,9.94537,1130.0682,10.136381,232.9366,0.05,10.903132,1742.4658
baseline,333,2016,4,0.23399521,9.853572,870.695,9.957491,227.43922,0.05,10.703618,1704.2867
baseline,333,2017,4,0.2876017,9.852008,1160.6477,10.002085,234.19157,0.05,10.744172,1750.3718
baseline,333,2018,4,0.28076187,10.473639,1121.4565,10.563679,241.39723,0.05,11.376779,1797.8492
baseline,333,2019,4,0.33208418,9.575269,1325.1422,9.847986,236.05435,0.05,10.567661,1766.327
baseline,334,2015,4,0.27023056,0.017899644,417.04596,0.019764913,107.64882,0.05,0.02111003,815.96497
baseline,334,2016,4,0.3264836,7.9916563,654.34814,7.65639,129.13298,0.05,7.7775326,965.7331
baseline,334,2017,4,0.3009619,0.0021881948,527.5429,0.0024197497,120.58652,0.05,0.0025894614,909.6534
baseline,334,2018,4,0.30164477,0.008553261,517.4534,0.009309507,120.26963,0.05,0.009723954,904.49994
baseline,334,2019,4,0.30131483,0.05804965,479.61096,0.06268064,109.3541,0.05,0.065047815,834.14746
baseline,335,2015,4,0.24558237,10.6569195,399.7514,11.064248,114.96599,0.05,11.492323,874.3917
baseline,335,2016,4,0.27529797,11.533977,445.24954,12.263844,116.338524,0.05,12.661492,883.55756
baseline,335,2017,4,0.23530488,11.569827,376.07404,12.501717,112.70201,0.05,13.163936,859.0141
baseline,335,2018,4,0.29987815,8.0369005,539.99304,8.183753,124.24035,0.05,8.494548,936.653
baseline,335,2019,4,0.26335484,9.493011,459.88403,9.34353,116.35763,0.05,9.52003,883.0744
baseline,336,2015,4,0.30168024,11.815788,808.6075,13.302568,153.16592,0.05,13.9352455,1195.5018
baseline,336,2016,4,0.24357326,12.529026,707.8333,13.689016,165.73854,0.05,14.374706,1287.999
baseline,336,2017,4,0.14420055,12.700296,401.5469,13.229607,155.72578,0.05,13.922948,1215.3276
baseline,336,2018,4,0.29076642,11.832534,831.71094,13.5757065,161.07014,0.05,14.250424,1253.5656
baseline,336,2019,4,0.39296147,8.485376,1060.7838,9.450421,151.54367,0.05,9.675756,1184.0765
baseline,337,2015,4,0.33313063,8.950341,927.15515,9.607725,166.81842,0.05,10.014069,1263.5016
baseline,337,2016,4,0.30278987,9.854447,861.7197,10.511635,169.15294,0.05,10.990433,1280.8549
baseline,337,2017,4,0.34178317,9.67686,980.4416,10.29981,172.72414,0.05,10.676271,1304.0353
baseline,337,2018,4,0.32690346,9.49233,938.66833,10.244227,171.38818,0.05,10.729382,1295.502
baseline,337,2019,4,0.3558008,9.650903,1048.4412,10.405686,177.14436,0.05,10.814308,1338.0764
baseline,338,2015,4,0.34844387,13.784583,810.3294,14.579028,160.15227,0.05,15.469757,1202.113
baseline,338,2016,4,0.33227587,14.008702,730.7725,14.657568,151.45662,0.05,15.462967,1144.5934
baseline,338,2017,4,0.3788894,14.067652,876.9213,14.9765215,160.21124,0.05,15.8785305,1206.9259
baseline,338,2018,4,0.37925586,13.963689,905.4793,14.947675,161.3209,0.05,15.897071,1213.1401
baseline,338,2019,4,0.34403425,16.24683,820.21967,17.044266,164.46507,0.05,18.069845,1233.8057
baseline,339,2015,4,0.23684755,13.436535,623.2155,14.741726,150.75742,0.05,15.509671,1181.327
baseline,339,2016,4,0.2069134,13.338345,599.76276,14.349863,165.98692,0.05,15.10385,1290.859
baseline,339,2017,4,0.14786243,13.198492,422.46637,13.793999,159.75974,0.05,14.500374,1245.5728
baseline,339,2018,4,0.22936676,12.417743,656.529,13.76289,160.829,0.05,14.490484,1253.0288
baseline,339,2019,4,0.29988042,10.012287,831.43536,10.990388,155.27756,0.05,11.330655,1212.6443
baseline,340,2015,4,0.21943706,11.246001,601.16254,12.004331,158.88884,0.05,12.549095,1225.0558
baseline,340,2016,4,0.1984892,12.119795,565.1961,13.060511,166.39656,0.05,13.827119,1277.465
baseline,340,2017,4,0.1983541,11.823692,558.5968,12.770045,163.5235,0.05,13.442557,1261.8444
baseline,340,2018,4,0.18310288,11.90618,566.79755,12.712793,176.02654,0.05,13.407985,1350.0604
baseline,340,2019,4,0.23834361,10.111403,693.63495,10.756326,169.16339,0.05,11.199991,1299.988
baseline,341,2015,4,0.32529113,3.1271853,844.824,3.372194,169.12503,0.05,3.507567,1257.3007
baseline,341,2016,4,0.39742234,8.892975,1122.8971,9.610684,176.46275,0.05,10.006585,1307.5282
baseline,341,2017,4,0.43637928,6.6153793,1237.908,7.111345,176.01695,0.05,7.409382,1308.3706
baseline,341,2018,4,0.329069,11.351747,918.30975,11.851273,177.12962,0.05,12.397124,1308.2073
baseline,341,2019,4,0.28861386,6.556513,783.2673,6.945343,173.30914,0.05,7.3027744,1285.02
baseline,342,2015,4,0.37696534,7.5088477,700.17633,8.020548,124.422905,0.05,8.366144,941.1883
baseline,342,2016,4,0.30379885,7.4184937,543.7462,7.601454,121.996826,0.05,7.8179135,924.9336
baseline,342,2017,4,0.29913414,0.17557773,529.30524,0.17880212,120.60814,0.05,0.18450584,916.88007
baseline,342,2018,4,0.32503527,10.9100895,641.77435,11.223274,134.66446,0.05,11.612754,1008.1092
baseline,342,2019,4,0.31497577,11.353403,580.12555,11.832777,129.4219,0.05,12.184667,974.2586
baseline,343,2015,4,0.21864597,11.683149,365.26758,12.968346,99.12735,0.05,13.722211,783.1509
baseline,343,2016,4,0.22510546,12.34073,371.66812,13.498174,102.531296,0.05,14.317047,805.00464
baseline,343,2017,4,0.2096021,13.456831,360.82388,14.267845,108.550644,0.05,14.925532,851.5084
baseline,343,2018,4,0.2316889,13.078924,388.20145,14.444563,103.74199,0.05,15.289808,815.7142
baseline,343,2019,4,0.2266486,12.342481,388.07758,13.519768,105.977165,0.05,14.308367,829.03406
baseline,344,2015,4,0.4069683,9.024276,1157.0929,9.98531,163.62975,0.05,10.33505,1266.8466
baseline,344,2016,4,0.42184854,10.444365,1181.6821,11.998195,164.7289,0.05,12.435001,1275.3375
baseline,344,2017,4,0.42912292,9.441889,1175.2899,11.093226,158.34952,0.05,11.517555,1226.5695
baseline,344,2018,4,0.56210285,6.096311,1633.7537,6.4584265,166.69873,0.05,6.4857607,1289.9686
baseline,344,2019,4,0.43924877,5.5817814,1226.554,5.8331075,155.91039,0.05,5.921353,1209.7776
baseline,345,2015,4,0.37807867,9.463154,788.18396,9.752092,143.7801,0.05,10.235362,1077.1195
baseline,345,2016,4,0.31680256,11.535582,587.3576,12.187765,132.03935,0.05,12.644232,996.8854
baseline,345,2017,4,0.34280965,8.372448,695.4445,8.563347,136.32771,0.05,8.959439,1026.9651
baseline,345,2018,4,0.32403338,12.817092,663.82324,13.1244,146.72923,0.05,13.629623,1096.2858
baseline,345,2019,4,0.3541829,11.679809,697.312,12.455189,136.71751,0.05,12.926849,1026.8318
baseline,346,2015,4,0.4521572,6.7908325,1368.3018,7.800352,181.67549,0.05,8.178073,1375.9167
baseline,346,2016,4,0.36521414,10.388305,1095.3074,11.148855,184.29874,0.05,11.628732,1388.8812
baseline,346,2017,4,0.43969935,8.550377,1345.6418,9.247765,188.56943,0.05,9.607065,1419.0562
baseline,346,2018,4,0.4016732,9.337049,1245.3107,10.204516,189.25395,0.05,10.651725,1422.7239
baseline,346,2019,4,0.41611195,9.670195,1277.412,10.314562,190.04839,0.05,10.704145,1430.8109
baseline,347,2015,4,0.3092776,13.874652,695.00287,15.491953,141.3433,0.05,16.093712,1083.7004
baseline,347,2016,4,0.30835044,14.045606,682.87195,15.791985,140.42857,0.05,16.632183,1078.0592
baseline,347,2017,4,0.28857255,12.166593,679.82446,12.875535,145.32658,0.05,13.295093,1110.1731
baseline,347,2018,4,0.30300662,13.636105,659.12036,15.431212,136.71165,0.05,16.266088,1054.2294
baseline,347,2019,4,0.2949481,12.762299,650.925,14.158969,135.11496,0.05,14.743344,1039.868
baseline,348,2015,4,0.17534426,15.000383,437.98126,15.839463,150.25908,0.05,16.786276,1165.022
baseline,348,2016,4,0.28253844,14.124134,761.88837,16.06828,160.58153,0.05,16.97964,1239.933
baseline,348,2017,4,0.21254455,14.028013,542.8,15.259884,150.35071,0.05,16.120497,1165.5288
baseline,348,2018,4,0.24996328,14.067316,660.59326,15.660871,155.14864,0.05,16.525585,1200.2264
baseline,348,2019,4,0.23004362,13.837319,589.4238,15.145469,151.68523,0.05,15.977599,1175.6082
baseline,349,2015,4,0.25032827,9.939454,822.08466,10.283952,202.71692,0.05,10.758278,1552.9025
baseline,349,2016,4,0.2231562,10.162455,685.593,10.451994,195.90878,0.05,10.906977,1507.0824
baseline,349,2017,4,0.2213903,9.29641,659.84186,9.784201,186.77524,0.05,10.319099,1435.9751
baseline,349,2018,4,0.22465032,9.572186,687.97046,10.058993,191.11372,0.05,10.574272,1469.8085
baseline,349,2019,4,0.13857186,10.457567,435.45502,10.538305,197.46918,0.05,11.061996,1517.9972
baseline,350,2015,4,0.482184,10.231134,1407.6001,10.81256,191.40053,0.05,11.270802,1440.5057
baseline,350,2016,4,0.5137953,8.050756,1552.3567,8.567257,193.50143,0.05,8.996986,1457.1066
baseline,350,2017,4,0.5494405,8.1686945,1613.021,8.58136,190.1142,0.05,8.999532,1435.0417
baseline,350,2018,4,0.50888544,9.53523,1481.4218,10.432848,189.54349,0.05,10.905329,1428.0117
baseline,350,2019,4,0.46986938,9.035168,1402.6702,9.737776,189.12473,0.05,10.214477,1422.5009
baseline,351,2015,4,0.59159404,5.626585,1804.6952,6.341318,176.73293,0.05,6.5057507,1359.8671
baseline,351,2016,4,0.3321157,6.6583724,1031.9658,7.3036146,172.39584,0.05,7.5615892,1330.2646
baseline,351,2017,4,0.5111687,6.0487137,1533.6545,7.299177,169.25467,0.05,7.5651274,1306.8975
baseline,351,2018,4,0.4652446,3.4199762,1452.6406,3.636234,171.35046,0.05,3.6718402,1320.4716
baseline,351,2019,4,0.39094827,3.7774782,1133.7317,3.9923568,158.49026,0.05,4.046694,1228.4985
baseline,352,2015,4,0.33313236,7.9753056,590.7073,7.9817467,123.71738,0.05,8.193902,930.58954
baseline,352,2016,4,0.32203075,9.511262,577.2398,9.211821,124.34066,0.05,9.432956,937.2664
baseline,352,2017,4,0.26827335,3.553213e-06,463.984,3.7995037e-06,125.89525,0.05,4.0709697e-06,944.3191
baseline,352,2018,4,0.3533018,7.7907476,710.321,7.553153,136.43085,0.05,7.776904,1018.0701
baseline,352,2019,4,0.31885326,0.14928217,514.3127,0.15206212,119.802284,0.05,0.15568054,905.53705
baseline,353,2015,4,0.15383328,26.097986,424.71664,26.924372,185.4619,0.05,28.439138,1432.1643
baseline,353,2016,4,0.12437542,26.856556,343.91837,27.367752,187.22517,0.05,29.032602,1445.6465
baseline,353,2017,4,0.12922752,26.706854,347.91165,27.263525,183.27081,0.05,28.929703,1416.2245
baseline,353,2018,4,0.15097223,26.518526,408.10187,27.424427,184.56929,0.05,29.106451,1424.8298
baseline,353,2019,4,0.16708514,25.240463,466.0381,26.472082,185.5882,0.05,28.07067,1430.3982
baseline,354,2015,4,0.2288281,13.739876,430.89233,14.928989,118.93249,0.05,15.828739,925.8346
baseline,354,2016,4,0.21763356,15.179748,403.85876,16.177816,121.25092,0.05,17.112158,941.29364
baseline,354,2017,4,0.15234149,14.879043,301.77893,15.321471,125.45672,0.05,16.291172,969.6948
baseline,354,2018,4,0.2250436,14.041123,391.95538,15.149731,112.97317,0.05,16.087473,881.82043
baseline,354,2019,4,0.21575128,13.040654,382.96188,14.076349,111.4958,0.05,14.937776,869.63153
baseline,355,2015,4,0.5963926,4.9530563,1845.8596,5.467794,178.30223,0.05,5.557422,1371.4246
baseline,355,2016,4,0.45753506,7.6314716,1372.2677,8.755216,171.78693,0.05,9.046789,1326.1396
baseline,355,2017,4,0.47393605,6.5783863,1405.7554,7.978928,167.007,0.05,8.277818,1288.8503
baseline,355,2018,4,0.3689839,3.5217702,1156.852,3.6552517,170.10907,0.05,3.6938362,1310.0668
baseline,355,2019,4,0.36942738,4.778042,1059.6759,5.1928377,157.53528,0.05,5.2882633,1221.4585
baseline,356,2015,4,0.40639877,6.775081,876.21484,7.139436,150.20604,0.05,7.500898,1125.4662
baseline,356,2016,4,0.38619775,11.536922,769.9711,11.87882,137.5884,0.05,12.326767,1042.393
baseline,356,2017,4,0.40989527,7.859628,861.3956,8.253815,143.78778,0.05,8.628906,1082.2173
baseline,356,2018,4,0.4026738,10.365618,916.23804,10.766476,156.29045,0.05,11.280727,1171.1948
baseline,356,2019,4,0.36802822,12.569418,769.64874,13.245949,148.57227,0.05,13.865146,1111.4503
baseline,357,2015,4,0.42966712,6.3442526,1119.9985,6.211378,163.77864,0.05,6.3252344,1236.7153
baseline,357,2016,4,0.344886,8.056678,865.14404,8.854407,159.8026,0.05,9.226881,1213.5342
baseline,357,2017,4,0.47819692,7.4973907,1228.0128,8.193191,165.86278,0.05,8.37047,1251.6614
baseline,357,2018,4,0.32534876,8.032876,823.6561,8.244649,160.12323,0.05,8.3514595,1213.0249
baseline,357,2019,4,0.41794965,7.6132693,1121.42,8.709655,168.89188,0.05,9.067451,1270.8677
baseline,358,2015,4,0.395848,10.348317,740.45264,10.311563,130.66643,0.05,10.633418,987.5627
baseline,358,2016,4,0.31456757,12.170349,560.5079,11.711668,134.68018,0.05,11.912318,1018.818
baseline,358,2017,4,0.31659663,7.697451,556.8492,7.8831916,134.24998,0.05,8.055711,1017.5776
baseline,358,2018,4,0.3341729,14.50459,649.07666,14.690058,137.15765,0.05,15.03895,1034.3317
baseline,358,2019,4,0.33187714,13.882385,629.56854,14.787168,134.4012,0.05,15.341803,1013.9683
baseline,359,2015,4,0.4456682,11.55743,1576.3455,12.670712,217.07254,0.05,13.114729,1656.8063
baseline,359,2016,4,0.44024473,10.120091,1601.4722,11.429826,219.07184,0.05,11.820484,1672.1776
baseline,359,2017,4,0.46290475,9.074994,1655.986,10.10065,216.21622,0.05,10.564466,1651.508
baseline,359,2018,4,0.3480393,11.42031,1224.3538,12.576885,213.68193,0.05,13.141169,1633.6627
baseline,359,2019,4,0.46666202,10.59881,1613.858,11.640144,208.906,0.05,12.02576,1601.2054
baseline,360,2015,4,0.21605954,9.511242,524.2866,10.503244,139.46565,0.05,11.121751,1080.8204
baseline,360,2016,4,0.20480539,10.307162,538.1274,11.224946,151.76093,0.05,11.893324,1168.6304
baseline,360,2017,4,0.21223545,9.833385,533.3133,10.807011,145.0235,0.05,11.445174,1123.4987
baseline,360,2018,4,0.1854815,9.691302,517.31665,10.4733715,157.87914,0.05,11.065386,1212.6884
baseline,360,2019,4,0.22017096,9.364164,557.5415,9.923328,146.24554,0.05,10.32908,1129.5201
baseline,361,2015,4,0.23331283,14.112296,573.9677,15.330557,145.02814,0.05,16.189793,1113.5558
baseline,361,2016,4,0.18942599,15.441653,462.88507,16.225588,147.48926,0.05,17.181282,1130.702
baseline,361,2017,4,0.22562256,13.778616,594.1547,14.825579,155.18787,0.05,15.625272,1180.1111
baseline,361,2018,4,0.2471644,11.970724,637.0955,12.787712,153.64705,0.05,13.355982,1172.2211
baseline,361,2019,4,0.3180537,10.060505,860.134,11.084434,153.98462,0.05,11.510495,1177.9653
baseline,362,2015,4,0.21631846,12.110658,403.47638,13.137102,115.53302,0.05,13.944598,901.72046
baseline,362,2016,4,0.17325163,13.5696945,313.5776,14.145472,118.00022,0.05,15.041222,916.1453
baseline,362,2017,4,0.13320881,14.004883,245.98862,14.2579775,119.35918,0.05,15.161115,923.67773
baseline,362,2018,4,0.20846076,12.599985,379.3638,13.588528,113.87166,0.05,14.423759,886.9509
baseline,362,2019,4,0.26942384,11.7651415,500.91348,13.214465,116.504524,0.05,14.024035,905.71796
baseline,363,2015,4,0.2716092,18.849133,969.4133,20.05611,223.1772,0.05,21.216501,1702.7866
baseline,363,2016,4,0.24126996,18.584251,837.64636,19.714561,215.7213,0.05,20.790396,1645.3494
baseline,363,2017,4,0.24842887,19.395525,873.6446,20.568516,220.51859,0.05,21.742964,1681.1619
baseline,363,2018,4,0.18918104,19.233644,657.8597,19.930813,215.50476,0.05,21.174292,1643.6477
baseline,363,2019,4,0.17746232,18.17537,639.8445,18.746483,219.55656,0.05,19.843384,1672.5619
baseline,364,2015,4,0.5594964,6.742874,1628.1901,7.8714237,168.62468,0.05,8.142407,1302.3264
baseline,364,2016,4,0.36943033,6.5547247,1098.8623,7.1267586,166.88486,0.05,7.3259215,1290.4192
baseline,364,2017,4,0.521202,6.0434604,1513.231,7.184023,163.89261,0.05,7.4142632,1269.5415
baseline,364,2018,4,0.5217051,2.6516788,1567.8972,2.8481712,164.32306,0.05,2.8860295,1272.319
baseline,364,2019,4,0.45619294,3.4476638,1307.2279,3.6837115,156.61826,0.05,3.7237504,1216.4606
baseline,365,2015,4,0.341607,7.1584907,611.6894,7.3375187,129.44107,0.05,7.6275725,967.97375
baseline,365,2016,4,0.29043075,1.8451692,492.75595,1.9119781,126.29456,0.05,1.9735111,953.4681
baseline,365,2017,4,0.29858467,0.0001624242,555.1716,0.000161527,134.16515,0.05,0.00016532796,1003.3341
baseline,365,2018,4,0.3529707,9.367244,744.6023,9.296055,148.3494,0.05,9.579165,1101.6218
baseline,365,2019,4,0.33034024,10.024705,591.20465,10.142352,131.59712,0.05,10.420459,984.9787
baseline,366,2015,4,0.54604924,7.4176555,1453.0739,9.154871,154.8241,0.05,9.623879,1209.6403
baseline,366,2016,4,0.39777735,9.859688,1047.6403,11.120739,157.42969,0.05,11.778782,1227.2463
baseline,366,2017,4,0.31088597,10.345326,803.34827,11.359078,154.96756,0.05,11.967976,1210.7966
baseline,366,2018,4,0.51639163,9.993888,1361.124,11.7308445,161.51591,0.05,12.392595,1258.0433
baseline,366,2019,4,0.26924476,11.427834,669.8822,12.191338,152.66154,0.05,12.833935,1191.8295
baseline,367,2015,4,0.37712687,8.638872,675.9525,8.809818,124.12395,0.05,9.159884,938.9653
baseline,367,2016,4,0.32818326,8.897203,570.8078,9.027119,122.30118,0.05,9.305849,925.9811
baseline,367,2017,4,0.3056977,0.29297602,519.5023,0.3038863,114.92605,0.05,0.31523213,876.555
baseline,367,2018,4,0.36345926,10.100926,713.34357,10.218305,136.07565,0.05,10.549456,1019.0483
baseline,367,2019,4,0.3693726,9.437168,704.33636,9.633124,129.03203,0.05,9.959964,972.3021
baseline,368,2015,4,0.20006396,12.394193,352.7207,13.368373,107.480545,0.05,14.1771555,843.52576
baseline,368,2016,4,0.15853378,12.659079,272.6155,13.156467,107.960434,0.05,13.974858,842.3637
baseline,368,2017,4,0.16946521,14.510724,303.34964,15.136447,114.624084,0.05,16.054707,891.4374
baseline,368,2018,4,0.19814977,12.889321,349.36957,13.863742,108.6675,0.05,14.704634,848.55524
baseline,368,2019,4,0.2258313,13.320343,402.85355,14.449013,113.34249,0.05,15.344158,882.42566
baseline,369,2015,4,0.3302013,13.932723,652.16003,15.542232,125.63892,0.05,16.178108,971.1914
baseline,369,2016,4,0.4102833,12.299674,814.18884,14.163443,127.09179,0.05,14.836649,981.54205
baseline,369,2017,4,0.30410984,13.037943,634.5235,14.089295,131.45619,0.05,14.606087,1010.7626
baseline,369,2018,4,0.3370855,13.078247,626.45984,14.576487,119.21018,0.05,15.066903,926.2431
baseline,369,2019,4,0.2919505,12.479788,549.32776,13.917655,116.79978,0.05,14.673559,905.77325
baseline,370,2015,4,0.38793638,10.004514,791.4812,10.348561,143.80551,0.05,10.816375,1077.2771
baseline,370,2016,4,0.3306805,10.503129,608.6121,11.257582,132.04295,0.05,11.713915,996.8804
baseline,370,2017,4,0.3688255,7.930907,742.54144,8.025759,136.27652,0.05,8.356625,1026.5388
baseline,370,2018,4,0.34630388,12.009804,707.2897,12.2136345,146.7232,0.05,12.635232,1096.1874
baseline,370,2019,4,0.37707618,10.766389,742.1993,11.535772,136.64384,0.05,11.933432,1026.245
baseline,371,2015,4,0.5273917,6.4752584,1372.8234,6.4065733,173.8463,0.05,6.716479,1304.0583
baseline,371,2016,4,0.43708804,7.747736,1021.9961,7.582334,162.85654,0.05,7.911229,1225.9523
baseline,371,2017,4,0.4712261,8.0302925,1072.7435,7.954385,161.68889,0.05,8.358506,1220.7256
baseline,371,2018,4,0.47210836,8.188295,1116.4282,8.000897,168.78084,0.05,8.350534,1268.4268
baseline,371,2019,4,0.45419478,6.8266144,1134.836,6.869632,168.55927,0.05,7.204126,1266.9877
baseline,372,2015,4,0.34288716,9.174989,892.1971,9.231793,163.60579,0.05,9.479639,1212.2968
baseline,372,2016,4,0.27286416,0.13561778,674.9366,0.14905968,158.12541,0.05,0.15896568,1167.2457
baseline,372,2017,4,0.30467033,5.818358,804.63885,5.9387493,169.35458,0.05,6.127309,1245.1251
baseline,372,2018,4,0.28005195,9.132526,730.66,9.746855,167.68806,0.05,10.321546,1235.9723
baseline,372,2019,4,0.24768144,0.009925849,635.34625,0.010974007,161.27065,0.05,0.011687601,1186.535
baseline,373,2015,4,0.23885038,11.165547,481.7115,11.68224,130.82512,0.05,12.332975,992.0012
baseline,373,2016,4,0.218122,11.2995205,403.5323,11.867468,124.17824,0.05,12.553937,939.8612
baseline,373,2017,4,0.231418,12.081377,447.7915,12.6041155,126.92877,0.05,13.239735,966.0291
baseline,373,2018,4,0.23834728,13.761801,501.14172,14.374155,140.9013,0.05,15.121285,1058.7229
baseline,373,2019,4,0.23481028,12.332863,474.54138,12.783773,132.63765,0.05,13.479794,1004.0675
baseline,374,2015,4,0.39789236,12.477847,776.1948,12.377143,140.51366,0.05,12.81022,1068.3265
baseline,374,2016,4,0.3235862,13.636717,647.7474,14.545251,144.43854,0.05,15.154932,1097.2329
baseline,374,2017,4,0.38003117,13.064486,750.51685,13.291488,141.28763,0.05,13.665422,1079.5659
baseline,374,2018,4,0.35998565,15.53517,764.0967,16.180582,149.702,0.05,16.77329,1132.6521
baseline,374,2019,4,0.36874175,14.012147,764.2659,15.122736,146.46858,0.05,15.781843,1108.1578
baseline,375,2015,4,0.35498282,8.714256,683.5301,9.039148,130.54375,0.05,9.376559,983.0786
baseline,375,2016,4,0.2740409,2.8476973,486.2958,3.0059652,129.45021,0.05,3.132275,982.2579
baseline,375,2017,4,0.29723787,0.00084243156,574.2648,0.0008474817,134.88261,0.05,0.00086547976,1018.34033
baseline,375,2018,4,0.3343705,11.006352,702.19885,11.058429,148.36632,0.05,11.367962,1109.6012
baseline,375,2019,4,0.33279756,9.627658,648.8208,9.924904,134.69142,0.05,10.2093115,1012.6512
baseline,376,2015,4,0.4940667,8.768869,1302.2507,10.732869,153.60757,0.05,11.336854,1199.0288
baseline,376,2016,4,0.24427287,12.272326,632.9513,13.063729,153.71074,0.05,13.88241,1198.3438
baseline,376,2017,4,0.19032913,12.996139,486.99408,13.529901,152.79512,0.05,14.300691,1194.1178
baseline,376,2018,4,0.44775698,11.082528,1168.54,12.915571,158.13615,0.05,13.693538,1230.863
baseline,376,2019,4,0.19656093,12.1724,487.7694,12.704538,149.2113,0.05,13.445851,1163.8427
baseline,377,2015,4,0.3975371,5.2967587,860.15485,5.554629,150.5518,0.05,5.827367,1128.0994
baseline,377,2016,4,0.3780706,11.373656,755.34,11.739483,137.85168,0.05,12.152065,1044.4141
baseline,377,2017,4,0.4075454,8.102775,866.85034,8.478519,144.02776,0.05,8.890402,1084.0511
baseline,377,2018,4,0.40204814,9.333171,924.6004,9.654109,156.51276,0.05,10.127474,1172.8853
baseline,377,2019,4,0.37332958,11.720461,785.865,11.954553,148.7751,0.05,12.469103,1112.9973
baseline,378,2015,4,0.25263253,10.559717,879.7736,11.090676,218.41805,0.05,11.5698805,1671.2017
baseline,378,2016,4,0.2241834,11.395293,808.32513,11.957811,226.63446,0.05,12.504376,1731.0739
baseline,378,2017,4,0.22895215,10.593921,805.0731,10.949986,219.5332,0.05,11.337242,1680.0049
baseline,378,2018,4,0.14675829,11.336487,518.924,11.525398,220.70749,0.05,12.269637,1689.0026
baseline,378,2019,4,0.22033545,10.900564,739.4042,11.399579,210.92331,0.05,12.05409,1619.4283
baseline,379,2015,4,0.58971214,6.2869506,1723.0819,7.8796782,173.0226,0.05,8.337599,1326.289
baseline,379,2016,4,0.59572315,6.5876927,1775.1771,8.112628,174.01646,0.05,8.585445,1339.5096
baseline,379,2017,4,0.59666586,4.9807177,1801.1815,6.1328588,174.22276,0.05,6.4656596,1341.6962
baseline,379,2018,4,0.5970387,5.361884,1772.6748,6.532517,170.94846,0.05,6.90873,1319.9431
baseline,379,2019,4,0.5913241,4.5659046,1705.4604,5.5119767,167.68684,0.05,5.811644,1292.6309
baseline,380,2015,4,0.55866563,7.462588,1492.826,9.175036,157.30122,0.05,9.685107,1221.6803
baseline,380,2016,4,0.3921616,10.039867,1018.09326,11.3144455,156.2311,0.05,12.00486,1213.9806
baseline,380,2017,4,0.34917474,9.507837,929.4206,10.608134,156.20361,0.05,11.187788,1215.7472
baseline,380,2018,4,0.5336157,9.007253,1406.5004,10.803575,159.68056,0.05,11.451217,1237.9896
baseline,380,2019,4,0.2571651,10.691299,632.0285,11.293108,147.99178,0.05,11.902941,1149.2296
baseline,381,2015,4,0.3849236,6.7887154,734.8043,7.214147,126.07339,0.05,7.5305824,948.99066
baseline,381,2016,4,0.30576268,10.107599,535.98566,10.184942,121.15884,0.05,10.461821,916.4687
baseline,381,2017,4,0.2758663,0.016340224,485.76825,0.01637724,121.735466,0.05,0.01679182,922.3699
baseline,381,2018,4,0.2944228,11.307936,582.2277,11.940638,135.92717,0.05,12.458867,1015.0233
baseline,381,2019,4,0.3211038,10.041453,567.4324,10.383238,123.20464,0.05,10.687473,928.2827
baseline,382,2015,4,0.49487358,11.035061,1829.4806,12.509936,233.00945,0.05,13.030299,1771.9081
baseline,382,2016,4,0.4697562,12.232139,1770.9707,13.723806,234.86723,0.05,14.317543,1785.3666
baseline,382,2017,4,0.45596045,11.708541,1692.0311,12.921329,231.7147,0.05,13.565648,1763.7329
baseline,382,2018,4,0.32252994,16.052511,1170.2354,17.294245,229.12999,0.05,18.165813,1746.0261
baseline,382,2019,4,0.49898952,9.394028,1813.324,10.536922,223.05814,0.05,11.059391,1702.399
baseline,383,2015,4,0.1666197,18.837965,404.3709,19.588041,155.26561,0.05,20.814873,1198.361
baseline,383,2016,4,0.17838457,19.346142,449.91428,20.262512,159.51102,0.05,21.529152,1231.7793
baseline,383,2017,4,0.18501675,18.455427,456.42105,19.522131,157.02347,0.05,20.660149,1212.3489
baseline,383,2018,4,0.18770851,19.981815,472.4969,20.804962,164.84036,0.05,21.990404,1270.2423
baseline,383,2019,4,0.27272534,19.358822,722.666,21.040483,174.0527,0.05,22.220978,1334.1042
baseline,384,2015,4,0.2264027,12.41214,415.63376,13.729875,110.86229,0.05,14.529082,870.0145
baseline,384,2016,4,0.21150476,14.532915,369.00998,15.5815115,113.5117,0.05,16.552313,887.4313
baseline,384,2017,4,0.23860358,13.272714,462.4359,14.106235,121.92071,0.05,14.697665,950.94995
baseline,384,2018,4,0.23522857,13.640708,417.09695,14.925969,111.71998,0.05,15.718031,874.82556
baseline,384,2019,4,0.23332705,11.8165245,435.36765,13.063931,113.39954,0.05,13.758623,887.1167
baseline,385,2015,4,0.27030432,1.5998441,421.59442,1.6607957,112.5426,0.05,1.7190781,849.31635
baseline,385,2016,4,0.3175877,8.128552,622.54193,7.841428,133.92882,0.05,8.035146,1000.1805
baseline,385,2017,4,0.27041772,0.0001545588,467.0359,0.00016639648,121.80209,0.05,0.00017724617,914.39984
baseline,385,2018,4,0.2946509,0.336786,517.56683,0.35163033,124.78583,0.05,0.36084962,936.9105
baseline,385,2019,4,0.26022857,0.0015845563,375.85867,0.0017287941,106.05449,0.05,0.0018403825,808.2319
baseline,386,2015,4,0.21091253,11.890943,480.81268,12.7025,134.44852,0.05,13.256592,1044.3713
baseline,386,2016,4,0.21504965,12.931449,481.8103,13.885706,136.26642,0.05,14.60927,1059.5704
baseline,386,2017,4,0.2072208,10.749765,482.5211,11.200727,138.36948,0.05,11.604561,1075.0422
baseline,386,2018,4,0.22673288,11.596906,566.9677,12.342948,146.45335,0.05,12.88378,1135.8231
baseline,386,2019,4,0.22839843,8.9031,573.09424,9.452079,143.00352,0.05,9.854681,1109.5573
baseline,387,2015,4,0.39033133,9.282777,781.77246,9.675834,140.4823,0.05,10.093872,1055.1165
baseline,387,2016,4,0.2980573,0.0911788,553.8224,0.09408211,136.56592,0.05,0.09746805,1032.7849
baseline,387,2017,4,0.3777628,0.631356,784.5344,0.64115006,139.26193,0.05,0.66797864,1050.1003
baseline,387,2018,4,0.3844391,10.633699,834.50323,10.969894,150.25595,0.05,11.399833,1122.6017
baseline,387,2019,4,0.39205793,8.928299,848.1731,9.577957,144.73148,0.05,10.007914,1082.8826
baseline,388,2015,4,0.32611734,3.617218,538.30334,3.689378,124.18477,0.05,3.81281,930.55743
baseline,388,2016,4,0.27761757,11.377994,438.83252,12.171679,119.11225,0.05,12.920642,897.9383
baseline,388,2017,4,0.28230658,0.00027647286,474.11743,0.0002979589,121.92264,0.05,0.0003150054,915.0196
baseline,388,2018,4,0.32092658,9.571169,605.79553,9.3503685,136.28488,0.05,9.532531,1012.8818
baseline,388,2019,4,0.31377813,9.675326,504.6768,9.925446,121.157745,0.05,10.155618,909.4555
baseline,389,2015,4,0.36243236,5.7647357,949.69476,6.261808,168.60536,0.05,6.4765253,1253.3251
baseline,389,2016,4,0.43596563,8.076953,1223.0417,8.967899,176.12985,0.05,9.357712,1304.9846
baseline,389,2017,4,0.44649768,6.581937,1258.6978,7.227824,175.5963,0.05,7.550668,1305.2148
baseline,389,2018,4,0.33069882,11.745579,921.84735,12.418066,176.68484,0.05,13.044415,1304.8854
baseline,389,2019,4,0.31391832,4.3061037,852.72174,4.6081047,173.03918,0.05,4.8480215,1282.9088
baseline,390,2015,4,0.2943808,5.2242,502.82693,5.2343335,121.77369,0.05,5.3672624,916.44635
baseline,390,2016,4,0.32456705,8.226709,639.2183,8.194085,134.43684,0.05,8.445386,1007.87866
baseline,390,2017,4,0.2852445,8.62298e-05,510.8319,9.172463e-05,127.001465,0.05,9.640679e-05,953.95593
baseline,390,2018,4,0.30982357,0.13742416,598.3655,0.13265339,135.59091,0.05,0.13485536,1012.7935
baseline,390,2019,4,0.28355294,0.00050388323,431.56848,0.0005400623,114.544754,0.05,0.00056459656,873.3468
baseline,391,2015,4,0.30415452,8.212676,594.7883,8.028676,135.46681,0.05,8.139883,1007.8994
baseline,391,2016,4,0.30145454,8.01909,608.47766,8.23246,134.58763,0.05,8.341557,1004.50146
baseline,391,2017,4,0.2808417,6.2556953,534.3479,6.3126764,125.41137,0.05,6.4463058,942.66705
baseline,391,2018,4,0.28358528,1.3061539,528.2817,1.2942799,131.34248,0.05,1.3156905,982.3995
baseline,391,2019,4,0.30829805,4.801403,622.45404,4.621874,130.57016,0.05,4.711438,976.4476
baseline,392,2015,4,0.31517637,7.0791397,577.9857,6.8820944,119.93055,0.05,7.0413175,913.84406
baseline,392,2016,4,0.3018758,10.40148,526.6356,10.3648405,119.56825,0.05,10.507609,906.1821
baseline,392,2017,4,0.23890294,0.8649118,383.3447,0.94682556,112.129036,0.05,1.0089852,856.6938
baseline,392,2018,4,0.35397527,8.531133,684.36237,8.566558,131.93425,0.05,8.804899,991.4924
baseline,392,2019,4,0.30782685,9.609168,579.7185,10.059628,125.7972,0.05,10.376402,950.02203
baseline,393,2015,4,0.3911884,8.207072,838.51447,8.518167,147.55983,0.05,8.921228,1105.9987
baseline,393,2016,4,0.3312537,10.036932,634.239,10.57926,134.34459,0.05,10.861976,1017.6101
baseline,393,2017,4,0.39513543,2.5265608,826.137,2.6155722,141.59528,0.05,2.7366123,1065.2318
baseline,393,2018,4,0.37796468,10.364123,833.2519,10.621204,153.92433,0.05,11.078295,1152.7877
baseline,393,2019,4,0.38343486,10.929113,799.64044,11.205972,145.47646,0.05,11.61712,1089.6696
baseline,394,2015,4,0.3911651,6.8205314,722.805,7.1589856,121.66391,0.05,7.4587326,920.6255
baseline,394,2016,4,0.32520568,9.779849,579.9811,10.172106,120.77957,0.05,10.518306,914.0035
baseline,394,2017,4,0.2814595,0.036251094,453.1164,0.037492014,113.08851,0.05,0.0385744,860.7314
baseline,394,2018,4,0.36170283,9.836702,688.9314,9.888918,134.526,0.05,10.219702,1007.20703
baseline,394,2019,4,0.37496588,8.197595,716.1233,8.453567,126.88798,0.05,8.793747,955.47266
baseline,395,2015,4,0.49610192,7.5315595,1372.8907,8.063301,182.39166,0.05,8.46674,1370.6935
baseline,395,2016,4,0.5292488,6.960249,1496.2029,7.1863313,190.73619,0.05,7.592719,1429.4757
baseline,395,2017,4,0.5177016,6.556446,1451.8323,6.5711956,185.07684,0.05,6.8903866,1392.2787
baseline,395,2018,4,0.53685856,7.518007,1510.6395,7.72648,189.57275,0.05,8.114773,1420.7164
baseline,395,2019,4,0.52505404,6.2468886,1535.8687,6.730894,191.4678,0.05,7.095219,1433.8291
baseline,396,2015,4,0.19263946,11.902384,326.1503,12.829917,102.68715,0.05,13.598245,807.0192
baseline,396,2016,4,0.14990544,12.480427,252.14839,12.932387,105.625114,0.05,13.730199,824.80145
baseline,396,2017,4,0.15532453,14.171164,267.32593,14.678274,110.52156,0.05,15.594621,860.30817
baseline,396,2018,4,0.18385215,12.545631,309.46756,13.390437,103.97475,0.05,14.198455,813.7575
baseline,396,2019,4,0.21825325,12.456421,372.82748,13.499694,108.18152,0.05,14.329453,842.83075
baseline,397,2015,4,0.49594614,6.2040825,1526.0599,7.448606,186.08453,0.05,7.8675346,1408.9401
baseline,397,2016,4,0.50226873,7.180048,1538.8146,8.0620165,191.11699,0.05,8.473719,1441.8063
baseline,397,2017,4,0.49844122,6.891843,1566.6644,7.9132175,193.39278,0.05,8.3240795,1456.6829
baseline,397,2018,4,0.468562,7.643556,1436.0304,8.703685,186.57338,0.05,9.09957,1408.4537
baseline,397,2019,4,0.4682129,7.9768567,1459.7284,9.0581045,190.45284,0.05,9.497613,1436.9427
baseline,398,2015,4,0.14909318,14.134744,363.69672,14.692814,144.91055,0.05,15.568682,1126.0908
baseline,398,2016,4,0.16720755,13.523211,449.2205,14.335302,154.604,0.05,15.159166,1195.4114
baseline,398,2017,4,0.13879569,14.213383,346.45496,14.771801,146.26852,0.05,15.635135,1135.2355
baseline,398,2018,4,0.17770411,14.511558,468.96112,15.451676,153.84816,0.05,16.355326,1191.1346
baseline,398,2019,4,0.13776499,14.349602,352.27615,14.861977,149.42467,0.05,15.717949,1160.2357
baseline,399,2015,4,0.58342063,6.6383834,1872.9515,7.452596,188.39073,0.05,7.6341934,1443.4594
baseline,399,2016,4,0.43641815,6.179445,1410.056,7.062523,181.79356,0.05,7.3064127,1396.8849
baseline,399,2017,4,0.58695966,5.4792304,1811.5033,6.603353,176.07825,0.05,6.780038,1355.4387
baseline,399,2018,4,0.44119045,3.6845427,1448.0815,3.9406042,179.99484,0.05,3.988312,1381.9668
baseline,399,2019,4,0.4251149,4.8364697,1270.6112,5.4047246,165.88861,0.05,5.521735,1282.5463
+1.5C,0,2015,2,0.370122,13.962184,861.82196,13.901212,473.31445,0.15,14.890804,1207.2535
+1.5C,0,2016,2,0.4336699,14.023587,1003.33624,14.370461,479.56128,0.15,17.118614,1221.8347
+1.5C,0,2017,2,0.41829664,14.203894,929.0669,14.301308,476.2985,0.15,14.587166,1214.7988
+1.5C,0,2018,2,0.3594169,14.821712,801.8895,14.625352,457.08817,0.15,15.814109,1169.2837
+1.5C,0,2019,2,0.4430019,11.586898,996.25226,11.955271,461.17297,0.15,12.285046,1179.5806
+1.5C,1,2015,2,0.59226984,6.2357635,1716.9136,7.337766,494.57642,0.15,8.839325,1293.0927
+1.5C,1,2016,2,0.57142955,6.727686,1683.6552,7.713509,506.40186,0.15,8.986228,1322.193
+1.5C,1,2017,2,0.5370815,6.5174084,1574.8728,7.36613,500.18738,0.15,8.383081,1306.6272
+1.5C,1,2018,2,0.4786761,7.0604033,1431.545,7.6377263,513.7871,0.15,9.282208,1339.3589
+1.5C,1,2019,2,0.28879362,6.986036,879.97485,6.871471,509.97958,0.15,8.318001,1329.2208
+1.5C,2,2015,2,0.59473366,0.20628536,2338.479,0.19553801,719.7139,0.15,0.18952519,1819.3221
+1.5C,2,2016,2,0.5591395,3.9401147,2023.2131,3.0180948,691.3322,0.15,2.1762106,1750.1799
+1.5C,2,2017,2,0.5798125,0.74541897,2234.2524,0.72946125,719.1626,0.15,0.71668386,1818.4509
+1.5C,2,2018,2,0.59384155,0.7380982,2390.1653,0.47552687,744.5987,0.15,0.28751174,1877.4878
+1.5C,2,2019,2,0.5815275,3.7140963,2194.354,3.1561868,713.3208,0.15,2.6270626,1803.2552
+1.5C,3,2015,2,0.26253763,13.435628,604.0353,13.306722,475.98642,0.15,14.115652,1219.4104
+1.5C,3,2016,2,0.33313656,15.075341,809.46173,14.530642,511.38068,0.15,14.354546,1305.7412
+1.5C,3,2017,2,0.44683778,5.1827126,1168.928,4.458125,516.9137,0.15,3.804451,1319.842
+1.5C,3,2018,2,0.42530474,11.523386,1092.8828,10.286009,515.874,0.15,9.876136,1317.729
+1.5C,3,2019,2,0.5015501,7.150301,1319.2125,7.0766087,542.152,0.15,6.6045494,1378.5084
+1.5C,4,2015,2,0.51414263,7.8798923,1290.1244,7.383483,499.61795,0.15,6.985565,1262.9779
+1.5C,4,2016,2,0.52521765,3.70053,1389.129,3.0904472,510.91156,0.15,2.8900723,1289.7314
+1.5C,4,2017,2,0.5282125,2.9126716,1426.0518,2.2604446,512.1631,0.15,1.983455,1294.9606
+1.5C,4,2018,2,0.46088922,9.906062,1123.6758,9.913773,483.52518,0.15,10.0385,1225.9147
+1.5C,4,2019,2,0.39142597,10.650083,948.1546,10.236896,487.86978,0.15,9.7941675,1238.765
+1.5C,5,2015,2,0.58840364,3.4534867,1417.5625,3.0505974,462.36212,0.15,2.962801,1171.921
+1.5C,5,2016,2,0.5618588,5.4664235,1292.3618,5.4845033,457.0097,0.15,4.8018517,1159.9623
+1.5C,5,2017,2,0.58656704,4.8042836,1372.1471,3.431995,459.8933,0.15,2.751911,1165.7053
+1.5C,5,2018,2,0.59173924,0.77961004,1481.4852,0.41016588,473.65396,0.15,0.3231273,1198.3259
+1.5C,5,2019,2,0.5799579,3.1051462,1468.7775,1.7391596,494.74405,0.15,1.2363569,1248.03
+1.5C,6,2015,2,0.5157364,7.64178,1634.8094,7.603735,587.01086,0.15,8.403877,1475.7734
+1.5C,6,2016,2,0.5301421,8.139384,1661.3999,7.8309345,588.24255,0.15,8.987664,1480.8147
+1.5C,6,2017,2,0.53016925,6.712751,1705.5964,6.494755,590.94183,0.15,7.4738846,1490.4255
+1.5C,6,2018,2,0.47818834,9.498962,1474.4629,9.12377,577.1616,0.15,10.172754,1456.2383
+1.5C,6,2019,2,0.45878384,10.0493965,1426.6686,9.554291,589.71844,0.15,11.113621,1485.5128
+1.5C,7,2015,2,0.4221155,9.890956,1171.5018,9.568922,525.2562,0.15,11.22209,1325.2771
+1.5C,7,2016,2,0.4252978,10.671911,1213.6204,10.214716,538.4964,0.15,11.956635,1357.8491
+1.5C,7,2017,2,0.40260375,8.300951,1239.3218,8.0081005,545.0594,0.15,9.273048,1375.5012
+1.5C,7,2018,2,0.30407578,12.915743,796.8727,12.004652,511.41443,0.15,14.1897745,1294.982
+1.5C,7,2019,2,0.24849288,13.129789,673.22485,11.788317,536.352,0.15,14.430963,1354.6368
+1.5C,8,2015,2,0.48718706,8.301219,1605.963,8.220417,597.4201,0.15,9.188482,1507.5474
+1.5C,8,2016,2,0.50942165,9.477718,1651.0431,9.4328165,604.83496,0.15,10.842119,1531.1506
+1.5C,8,2017,2,0.55329514,7.9161596,1854.9646,8.014421,616.21136,0.15,8.834047,1556.1106
+1.5C,8,2018,2,0.43403387,9.241622,1406.649,9.24811,584.2274,0.15,10.817604,1479.5934
+1.5C,8,2019,2,0.47816452,7.96124,1503.594,7.9270263,564.7047,0.15,9.187939,1434.4287
+1.5C,9,2015,2,0.5378121,6.487372,1116.7609,5.888254,419.21005,0.15,5.422653,1068.661
+1.5C,9,2016,2,0.4430467,9.376803,931.65656,9.53067,428.27063,0.15,9.8141,1089.6268
+1.5C,9,2017,2,0.5245773,6.804795,1110.812,6.5627046,424.25162,0.15,5.8594685,1084.3652
+1.5C,9,2018,2,0.47254977,8.8584585,1025.9806,9.329057,437.63425,0.15,9.765223,1112.7104
+1.5C,9,2019,2,0.49599883,7.4221835,1112.0575,7.545077,450.0281,0.15,7.499317,1140.2429
+1.5C,10,2015,2,0.4637472,8.461933,1137.7776,7.5626216,490.30875,0.15,6.7953744,1243.4261
+1.5C,10,2016,2,0.4729675,6.5442433,1205.1393,5.9361978,507.4414,0.15,5.379465,1281.7266
+1.5C,10,2017,2,0.46251822,3.8290553,1229.291,3.118322,507.46356,0.15,2.7500489,1285.3412
+1.5C,10,2018,2,0.3400318,11.091088,815.99414,10.626045,482.478,0.15,12.952364,1223.3154
+1.5C,10,2019,2,0.33698988,10.024311,811.05115,9.600058,482.48596,0.15,11.832334,1226.4355
+1.5C,11,2015,2,0.4629184,11.86643,1236.1193,10.81776,546.88025,0.15,9.776889,1385.2634
+1.5C,11,2016,2,0.4857798,6.1402946,1485.2823,5.403405,589.70807,0.15,5.1364813,1486.0132
+1.5C,11,2017,2,0.58306795,2.142557,1819.7524,1.636651,590.038,0.15,1.4326826,1487.7484
+1.5C,11,2018,2,0.5325943,11.25169,1513.4572,11.027228,585.6994,0.15,11.454032,1477.3245
+1.5C,11,2019,2,0.53915834,4.6387186,1680.8888,3.7483113,600.7107,0.15,3.0212884,1513.7834
+1.5C,12,2015,2,0.48234162,8.334234,1118.4286,7.222947,468.5369,0.15,6.4509315,1187.871
+1.5C,12,2016,2,0.45313418,9.5358305,1088.8241,8.355109,498.51645,0.15,7.82055,1257.3696
+1.5C,12,2017,2,0.44047168,4.7430315,1117.0221,4.1246595,495.80597,0.15,3.579144,1254.6359
+1.5C,12,2018,2,0.38029218,10.161045,921.5655,10.070121,475.0825,0.15,12.29123,1204.3218
+1.5C,12,2019,2,0.36441684,9.52802,849.12915,9.257029,469.68472,0.15,10.955739,1192.0375
+1.5C,13,2015,2,0.59018594,0.3602945,2284.1377,0.36823788,701.1611,0.15,0.3520062,1772.5342
+1.5C,13,2016,2,0.54907376,5.848149,1918.4934,4.6592484,680.2714,0.15,3.982847,1720.929
+1.5C,13,2017,2,0.56869423,2.2375228,2071.309,2.1839917,686.14856,0.15,2.2161698,1737.4736
+1.5C,13,2018,2,0.5831269,1.658578,2271.5642,1.4204283,723.0616,0.15,1.1392636,1822.7386
+1.5C,13,2019,2,0.5699718,6.6879954,2030.3201,6.4430876,686.571,0.15,6.169221,1735.8652
+1.5C,14,2015,2,0.28563246,11.076641,995.69415,10.246656,623.9377,0.15,11.22233,1600.4955
+1.5C,14,2016,2,0.3002105,12.850457,1032.2344,12.703545,621.7174,0.15,13.504744,1594.4384
+1.5C,14,2017,2,0.23713508,13.659753,798.64655,12.542865,603.5653,0.15,14.48898,1549.8353
+1.5C,14,2018,2,0.24524173,10.893018,838.4051,10.097768,602.1817,0.15,11.404619,1547.47
+1.5C,14,2019,2,0.33128783,8.12505,1116.3013,7.3423448,601.3156,0.15,7.100238,1544.0625
+1.5C,15,2015,2,0.37303877,8.657177,840.0006,8.501296,449.1313,0.15,10.19598,1143.5211
+1.5C,15,2016,2,0.31727868,9.442134,762.0004,8.9892435,476.20126,0.15,11.103828,1205.8197
+1.5C,15,2017,2,0.35964054,8.498071,850.7194,8.253178,479.74094,0.15,10.192181,1215.0793
+1.5C,15,2018,2,0.35573336,7.981862,828.1712,8.066519,436.34766,0.15,8.375599,1110.8066
+1.5C,15,2019,2,0.29581386,8.640603,703.6199,8.288967,453.90262,0.15,10.188061,1154.5457
+1.5C,16,2015,2,0.4541717,14.270638,1162.7228,14.636655,514.6223,0.15,15.787534,1307.9341
+1.5C,16,2016,2,0.58426857,10.887462,1633.0952,8.643372,549.42346,0.15,7.134787,1391.9958
+1.5C,16,2017,2,0.46494058,12.458975,1232.7826,13.001411,518.92053,0.15,15.312668,1317.0392
+1.5C,16,2018,2,0.5307943,13.372705,1325.7261,14.028095,498.933,0.15,13.185715,1272.7654
+1.5C,16,2019,2,0.5503532,12.94402,1392.6407,13.879205,510.23416,0.15,13.994159,1298.7357
+1.5C,17,2015,2,0.58152425,1.4755883,1886.1902,1.1609479,519.3539,0.15,1.0445387,1355.7278
+1.5C,17,2016,2,0.47929505,3.7044313,1581.3923,3.703895,535.5567,0.15,3.4350648,1397.0046
+1.5C,17,2017,2,0.4073443,5.7541146,1313.2285,5.847883,531.10706,0.15,6.5721416,1385.1438
+1.5C,17,2018,2,0.44058254,5.9217043,1418.4072,6.2205663,530.68774,0.15,6.0458236,1382.8387
+1.5C,17,2019,2,0.5236817,4.7801323,1664.4299,5.144908,526.2559,0.15,5.4976854,1370.7646
+1.5C,18,2015,2,0.52120453,5.653108,1557.3531,6.71518,497.5128,0.15,7.5846777,1294.5472
+1.5C,18,2016,2,0.2031246,8.725106,637.83356,8.431369,512.858,0.15,10.043518,1331.4302
+1.5C,18,2017,2,0.1275467,8.311354,384.76602,7.6647367,486.16064,0.15,9.127068,1266.4718
+1.5C,18,2018,2,0.1480618,7.829292,470.73566,7.359264,510.15988,0.15,8.756873,1323.7828
+1.5C,18,2019,2,0.3602606,7.3689027,1194.76,8.102402,543.25586,0.15,9.575748,1407.5999
+1.5C,19,2015,2,0.2264245,18.245314,557.4242,16.932056,501.2672,0.15,20.107708,1283.5173
+1.5C,19,2016,2,0.22526142,20.269627,593.844,18.454092,556.4064,0.15,22.27324,1419.6528
+1.5C,19,2017,2,0.29263672,19.821081,734.2971,18.644045,542.9876,0.15,22.063122,1389.5157
+1.5C,19,2018,2,0.4052506,15.285224,1058.7999,15.669736,529.04095,0.15,15.187723,1355.8562
+1.5C,19,2019,2,0.5722675,10.821915,1641.5677,10.743844,574.4454,0.15,10.168988,1463.1626
+1.5C,20,2015,2,0.58275485,3.770659,2148.1917,2.412106,649.8398,0.15,1.7660875,1671.3865
+1.5C,20,2016,2,0.5510907,12.688064,1819.3414,11.285164,640.11005,0.15,10.5834055,1647.2196
+1.5C,20,2017,2,0.4220404,17.99688,1313.8738,18.695045,632.19354,0.15,20.735659,1628.5609
+1.5C,20,2018,2,0.5909082,9.262241,2078.6904,8.050721,670.6491,0.15,7.836779,1721.5382
+1.5C,20,2019,2,0.2780122,15.682116,972.7325,14.657118,651.146,0.15,15.749161,1674.6852
+1.5C,21,2015,2,0.47222203,10.579501,1106.0264,11.271769,461.6685,0.15,13.021216,1177.2767
+1.5C,21,2016,2,0.50501454,10.354698,1174.9061,11.167969,461.18857,0.15,12.631827,1177.0901
+1.5C,21,2017,2,0.42162457,10.902041,957.97217,11.204412,458.78854,0.15,13.676806,1171.1449
+1.5C,21,2018,2,0.2768766,11.458593,601.49115,10.87416,426.24802,0.15,13.287915,1093.2369
+1.5C,21,2019,2,0.48321667,11.332264,1084.6146,11.928922,454.50156,0.15,14.131141,1162.6387
+1.5C,22,2015,2,0.32496402,6.7756,894.9649,6.570023,481.80862,0.15,6.9630632,1228.9974
+1.5C,22,2016,2,0.46951216,8.751587,1226.6129,9.481187,476.74753,0.15,10.421725,1217.0012
+1.5C,22,2017,2,0.43307218,5.300432,1184.5068,5.2760463,471.88486,0.15,5.5839276,1203.8855
+1.5C,22,2018,2,0.40475115,8.565618,1114.8605,8.894221,503.96317,0.15,9.239599,1280.2708
+1.5C,22,2019,2,0.5248855,3.086308,1453.8721,2.2147262,495.5279,0.15,1.8847322,1260.3179
+1.5C,23,2015,2,0.56651515,1.5636199,1676.5454,1.5932136,520.35675,0.15,1.7568185,1325.8784
+1.5C,23,2016,2,0.5016622,5.2982254,1402.2194,4.9710984,512.7128,0.15,5.165416,1305.5605
+1.5C,23,2017,2,0.53601825,3.0825272,1587.289,2.8673463,531.0831,0.15,2.9250429,1347.3369
+1.5C,23,2018,2,0.5348384,5.7068524,1520.3925,5.06468,518.9139,0.15,4.951663,1321.719
+1.5C,23,2019,2,0.5410429,2.753049,1605.3037,2.4657333,524.9995,0.15,2.4405694,1336.2002
+1.5C,24,2015,2,0.25643903,11.158382,767.5777,11.104215,543.44214,0.15,9.968492,1404.1163
+1.5C,24,2016,2,0.29023427,16.392853,933.39575,15.486332,596.9518,0.15,18.136713,1536.118
+1.5C,24,2017,2,0.17593256,17.440304,536.8207,15.677674,568.4916,0.15,19.051882,1465.5535
+1.5C,24,2018,2,0.49848825,10.002165,1638.3815,9.780734,596.6815,0.15,9.126505,1535.9545
+1.5C,24,2019,2,0.30876502,15.315326,979.4821,14.60018,591.3521,0.15,16.5405,1521.9939
+1.5C,25,2015,2,0.51000047,5.434805,1019.0248,4.7676067,398.3299,0.15,4.515155,1010.123
+1.5C,25,2016,2,0.41515774,7.8671646,825.81757,7.718128,403.51984,0.15,7.7228293,1024.0269
+1.5C,25,2017,2,0.4777019,5.4336433,986.3937,4.5352755,402.93152,0.15,4.0797634,1024.3962
+1.5C,25,2018,2,0.48736545,6.0347166,1073.3812,5.385824,433.211,0.15,5.1388407,1092.4448
+1.5C,25,2019,2,0.4825608,4.803376,997.2866,4.1665187,407.3223,0.15,3.7014997,1030.3488
+1.5C,26,2015,2,0.5607955,4.4486847,1250.1257,3.3753302,441.95422,0.15,2.9877236,1116.1392
+1.5C,26,2016,2,0.5477037,4.670111,1168.0721,4.0454345,412.19492,0.15,3.7144775,1047.6855
+1.5C,26,2017,2,0.57625973,1.6827161,1304.9155,1.0751599,430.71695,0.15,0.8973924,1089.8732
+1.5C,26,2018,2,0.57229596,1.5598068,1376.7468,1.0112076,462.26904,0.15,0.8208818,1165.5945
+1.5C,26,2019,2,0.5609694,2.7013593,1321.3314,1.8086368,458.3519,0.15,1.5199018,1154.985
+1.5C,27,2015,2,0.5087264,8.41597,1463.4468,8.36141,550.38525,0.15,9.335691,1386.9583
+1.5C,27,2016,2,0.527321,7.1818194,1567.3573,6.8949075,556.15283,0.15,7.6622047,1400.952
+1.5C,27,2017,2,0.5254599,5.207902,1650.1667,5.153983,563.2135,0.15,5.6857247,1420.177
+1.5C,27,2018,2,0.47980282,10.307916,1326.6772,9.971588,537.09094,0.15,10.962092,1358.0752
+1.5C,27,2019,2,0.44759977,11.258875,1307.203,10.877088,573.1231,0.15,12.112371,1441.5593
+1.5C,28,2015,2,0.5792781,5.3727674,1732.2506,5.020732,567.26605,0.15,5.0233774,1429.3639
+1.5C,28,2016,2,0.57512367,3.993623,1756.1683,3.5023632,567.11444,0.15,3.6401405,1428.6074
+1.5C,28,2017,2,0.56519574,4.9318457,1756.2109,4.6895556,580.1935,0.15,4.8828945,1462.2346
+1.5C,28,2018,2,0.5602528,7.157573,1607.6208,6.5374193,551.07007,0.15,6.738366,1393.9652
+1.5C,28,2019,2,0.5417447,6.464383,1650.5275,6.4289246,580.94006,0.15,6.6916933,1462.2472
+1.5C,29,2015,2,0.4138911,10.864202,1148.356,10.5066185,533.1232,0.15,12.369227,1345.8474
+1.5C,29,2016,2,0.48497766,7.841164,1419.3911,7.724681,530.4062,0.15,8.797583,1340.2415
+1.5C,29,2017,2,0.4517715,8.17264,1352.2823,7.968127,545.1368,0.15,8.961588,1375.0397
+1.5C,29,2018,2,0.4065842,10.598119,1102.617,10.18944,513.40466,0.15,11.443143,1299.6456
+1.5C,29,2019,2,0.26022053,13.982464,722.2258,12.666526,545.9722,0.15,15.403648,1376.4302
+1.5C,30,2015,2,0.53563976,3.8154366,1643.8612,4.0094247,529.6314,0.15,4.909746,1373.7621
+1.5C,30,2016,2,0.3932432,3.2989092,1197.5808,3.4381762,506.89194,0.15,4.1701727,1316.4473
+1.5C,30,2017,2,0.4764264,3.1129906,1497.4371,3.3873868,526.98724,0.15,4.111745,1364.3486
+1.5C,30,2018,2,0.57627684,3.7820501,1765.2992,4.070867,531.5111,0.15,4.825391,1375.5369
+1.5C,30,2019,2,0.53769046,3.4855764,1684.908,3.8411973,537.0162,0.15,4.6776543,1390.1249
+1.5C,31,2015,2,0.48329058,11.536197,1681.3197,11.119449,633.9196,0.15,12.228342,1632.5437
+1.5C,31,2016,2,0.50887984,7.695227,1826.6324,6.8954625,626.76666,0.15,6.8522615,1614.68
+1.5C,31,2017,2,0.41035458,16.446096,1329.4678,16.44444,621.2852,0.15,19.15494,1602.084
+1.5C,31,2018,2,0.57133776,10.080776,2003.5985,8.694572,653.152,0.15,8.701354,1679.3201
+1.5C,31,2019,2,0.415271,14.1148205,1418.5743,14.104873,622.4543,0.15,16.199623,1606.2976
+1.5C,32,2015,2,0.512812,7.7794075,1664.4023,8.224354,560.81854,0.15,9.566465,1422.8346
+1.5C,32,2016,2,0.40627676,9.662289,1307.4634,9.647679,574.9014,0.15,11.383099,1453.6464
+1.5C,32,2017,2,0.5404118,6.8418164,1806.2987,7.1489043,592.7481,0.15,8.178196,1495.5408
+1.5C,32,2018,2,0.43430907,8.206885,1464.4769,8.374676,579.347,0.15,9.670037,1462.7279
+1.5C,32,2019,2,0.4295317,9.199657,1462.7249,9.289105,588.28986,0.15,10.998296,1486.2328
+1.5C,33,2015,2,0.5489842,5.910783,1187.405,6.721334,376.3831,0.15,7.4397006,977.3454
+1.5C,33,2016,2,0.56655556,6.042896,1287.2494,6.9851804,399.6637,0.15,8.069459,1033.6394
+1.5C,33,2017,2,0.50686353,4.9016604,1162.4902,5.417591,393.9869,0.15,6.1669188,1018.49536
+1.5C,33,2018,2,0.5479219,5.946006,1222.5856,6.693275,393.86758,0.15,7.4702625,1020.6564
+1.5C,33,2019,2,0.5968394,3.8575566,1414.6444,4.3466177,404.9686,0.15,4.805036,1048.8073
+1.5C,34,2015,2,0.4534103,15.278385,1424.9801,16.012506,578.6967,0.15,18.739456,1502.9502
+1.5C,34,2016,2,0.5279717,14.885199,1613.6707,16.213593,572.4333,0.15,19.17131,1485.3247
+1.5C,34,2017,2,0.5826606,14.625133,1768.5155,16.461277,571.0594,0.15,19.457396,1481.0913
+1.5C,34,2018,2,0.49873284,14.722022,1570.0414,15.899637,583.11414,0.15,18.755049,1510.9958
+1.5C,34,2019,2,0.3276007,16.8398,1054.3533,16.757906,587.4721,0.15,20.030367,1522.7477
+1.5C,35,2015,2,0.2937691,9.767749,539.6127,9.9538145,325.68716,0.15,11.911335,854.05096
+1.5C,35,2016,2,0.29544166,10.549897,529.8765,10.556934,331.39987,0.15,12.634563,866.1566
+1.5C,35,2017,2,0.323328,10.456516,617.54,10.668698,350.3124,0.15,12.445748,915.0954
+1.5C,35,2018,2,0.39952543,10.678419,725.75696,11.404143,337.97403,0.15,13.597847,883.8547
+1.5C,35,2019,2,0.33993146,9.909961,659.6497,10.231925,352.429,0.15,12.031974,916.66565
+1.5C,36,2015,2,0.52391326,5.334398,1343.7207,4.4856186,500.68597,0.15,4.0100036,1263.0817
+1.5C,36,2016,2,0.5357169,4.277751,1445.1616,3.7684834,525.35425,0.15,3.5123174,1322.4677
+1.5C,36,2017,2,0.54988885,1.3632234,1507.9082,1.1736672,509.2421,0.15,1.0443841,1286.571
+1.5C,36,2018,2,0.54662716,4.813642,1438.0842,4.1494017,497.0835,0.15,4.0661135,1259.2262
+1.5C,36,2019,2,0.43363112,8.469238,1067.8718,7.6084886,490.03818,0.15,7.4447575,1241.1921
+1.5C,37,2015,2,0.5751906,2.9692113,1246.965,2.1858768,412.39618,0.15,1.9304435,1051.3214
+1.5C,37,2016,2,0.48277146,10.085015,1003.75476,10.382609,433.39246,0.15,11.3534355,1100.3887
+1.5C,37,2017,2,0.57677937,2.7856436,1309.8629,2.0987813,440.5603,0.15,1.8886856,1120.232
+1.5C,37,2018,2,0.5359198,9.473125,1196.3448,8.506874,448.97668,0.15,7.978645,1137.2124
+1.5C,37,2019,2,0.5575574,7.2230225,1274.9357,7.274541,458.21686,0.15,7.366689,1158.2009
+1.5C,38,2015,2,0.5016199,3.9302013,1799.3032,3.5940554,607.9823,0.15,3.5230815,1568.9039
+1.5C,38,2016,2,0.5432074,5.773196,1906.5132,5.6024423,597.3515,0.15,5.6432033,1543.5024
+1.5C,38,2017,2,0.48211846,3.3498821,1673.1278,3.0473766,570.88837,0.15,3.0206819,1482.4967
+1.5C,38,2018,2,0.5690198,3.526184,1995.9198,3.7457108,589.33295,0.15,3.8264399,1524.2931
+1.5C,38,2019,2,0.4677904,3.463499,1623.1786,3.2090888,570.0676,0.15,3.1061234,1478.3488
+1.5C,39,2015,2,0.5465183,4.0373764,1307.953,4.340575,404.61423,0.15,4.632381,1046.9027
+1.5C,39,2016,2,0.48837218,5.2799873,1211.2344,5.725537,420.7423,0.15,6.134,1086.4303
+1.5C,39,2017,2,0.546932,4.0389886,1360.9954,4.4389153,424.60602,0.15,4.888722,1092.3751
+1.5C,39,2018,2,0.5643676,2.2870848,1488.9774,2.4759607,436.70715,0.15,2.6747844,1126.0406
+1.5C,39,2019,2,0.5578103,2.3808193,1483.9685,2.4921124,441.75064,0.15,2.647117,1138.172
+1.5C,40,2015,2,0.36823934,8.554536,1236.6566,7.6813726,580.45984,0.15,7.6328673,1493.4492
+1.5C,40,2016,2,0.25646967,13.535157,751.11475,12.911379,517.6233,0.15,15.050457,1342.9591
+1.5C,40,2017,2,0.16557786,14.677873,493.32288,13.359895,530.1625,0.15,16.159922,1372.9313
+1.5C,40,2018,2,0.27808046,13.441147,894.6784,13.250439,564.32104,0.15,15.987558,1454.9764
+1.5C,40,2019,2,0.1445671,15.158932,463.6806,13.56453,565.1104,0.15,16.449543,1457.1348
+1.5C,41,2015,2,0.56570053,2.9814022,1471.5265,3.0403268,438.0388,0.15,3.2401364,1126.1364
+1.5C,41,2016,2,0.52786136,5.2892404,1368.2278,5.7808676,448.6977,0.15,6.130146,1152.6843
+1.5C,41,2017,2,0.4941561,4.037864,1325.9862,4.346765,453.5248,0.15,4.649024,1160.9065
+1.5C,41,2018,2,0.48884585,5.100375,1343.0806,5.374458,473.03378,0.15,6.011553,1210.7596
+1.5C,41,2019,2,0.5486315,2.9651725,1489.5605,3.131856,457.2966,0.15,3.3857017,1172.7434
+1.5C,42,2015,2,0.3890534,10.337722,1345.3225,10.563959,599.4178,0.15,12.738477,1555.4246
+1.5C,42,2016,2,0.51048887,10.616901,1752.9254,11.397443,612.9683,0.15,13.800953,1588.5552
+1.5C,42,2017,2,0.5792914,10.536386,1965.3906,11.713612,614.41986,0.15,14.168301,1591.2263
+1.5C,42,2018,2,0.4394682,10.479806,1555.738,10.885896,621.8579,0.15,13.081901,1609.4905
+1.5C,42,2019,2,0.47160122,10.475059,1651.2842,11.013305,617.8425,0.15,13.201,1600.7202
+1.5C,43,2015,2,0.3642102,12.850132,1237.2421,12.490178,637.4136,0.15,14.966529,1639.9613
+1.5C,43,2016,2,0.28475958,12.968305,1050.2406,12.277182,675.93207,0.15,14.978891,1734.3185
+1.5C,43,2017,2,0.27388993,12.328727,1005.3856,11.685551,661.7155,0.15,14.242102,1700.5879
+1.5C,43,2018,2,0.29666674,12.941428,1082.0242,12.222495,671.52734,0.15,14.431958,1724.0625
+1.5C,43,2019,2,0.305487,13.047389,1113.3658,12.413942,668.8117,0.15,15.0949955,1717.4159
+1.5C,44,2015,2,0.5295336,5.6036487,1357.5717,4.746476,500.06448,0.15,4.2967234,1261.4982
+1.5C,44,2016,2,0.5450104,4.80949,1461.4296,4.2397895,524.66473,0.15,4.0014777,1320.7089
+1.5C,44,2017,2,0.5548443,1.5994112,1512.7653,1.3998363,508.63794,0.15,1.3153633,1285.0321
+1.5C,44,2018,2,0.54797316,5.451306,1435.9677,4.847859,496.512,0.15,4.7697906,1257.7594
+1.5C,44,2019,2,0.40987384,9.67541,987.554,9.102803,489.7769,0.15,9.018907,1240.5299
+1.5C,45,2015,2,0.4089613,5.7850537,1259.6309,6.125592,532.0291,0.15,7.4156,1379.6216
+1.5C,45,2016,2,0.4199612,5.840866,1347.3385,6.1701646,555.8676,0.15,7.436791,1437.2136
+1.5C,45,2017,2,0.42313337,5.9418836,1282.4011,6.3358574,527.92944,0.15,7.681313,1371.5065
+1.5C,45,2018,2,0.37320745,5.9534764,1165.1229,6.1099205,545.8395,0.15,7.414788,1412.4398
+1.5C,45,2019,2,0.36715004,5.7592597,1087.2362,6.014733,507.9295,0.15,7.2678185,1322.0786
+1.5C,46,2015,2,0.5156068,3.7944078,1349.0809,3.9135034,440.06516,0.15,4.1212955,1130.027
+1.5C,46,2016,2,0.47485316,6.0284243,1263.3011,6.479686,459.36353,0.15,7.255842,1177.8019
+1.5C,46,2017,2,0.5593359,2.4501348,1515.547,2.6188495,456.94547,0.15,2.7733629,1168.2051
+1.5C,46,2018,2,0.54426605,3.4044514,1532.1552,3.601308,482.9644,0.15,3.9113839,1232.6709
+1.5C,46,2019,2,0.56562674,2.4469528,1587.0295,2.5823264,473.002,0.15,2.770355,1208.6959
+1.5C,47,2015,2,0.5873679,2.8367593,2272.67,2.0440578,704.3096,0.15,1.7112385,1796.0426
+1.5C,47,2016,2,0.5116093,13.2781105,1759.0447,13.124733,670.7379,0.15,14.209456,1712.1482
+1.5C,47,2017,2,0.57303625,2.8360956,2174.0115,1.8104283,693.39044,0.15,1.2007711,1769.1713
+1.5C,47,2018,2,0.5942562,4.9060454,2368.2773,4.597843,733.6428,0.15,4.458954,1864.2036
+1.5C,47,2019,2,0.5839317,3.054564,2228.7537,2.602057,687.19104,0.15,2.4845495,1754.9578
+1.5C,48,2015,2,0.43163672,5.909439,995.91034,5.968244,440.38165,0.15,5.896454,1123.7395
+1.5C,48,2016,2,0.51052874,3.0887516,1257.1367,2.366761,456.18185,0.15,1.9711877,1161.796
+1.5C,48,2017,2,0.41986457,7.1553917,950.80237,7.309234,447.25494,0.15,8.019695,1138.9519
+1.5C,48,2018,2,0.4417768,6.2408266,934.4111,5.497096,401.3138,0.15,4.875961,1030.9207
+1.5C,48,2019,2,0.45373684,4.93839,1057.2678,4.144102,437.27884,0.15,3.6334076,1119.5308
+1.5C,49,2015,2,0.39191598,10.104909,920.5719,10.0082245,466.7189,0.15,12.33691,1186.8118
+1.5C,49,2016,2,0.35050038,10.903343,855.34595,10.532962,488.60043,0.15,13.012918,1237.7341
+1.5C,49,2017,2,0.44221577,9.462802,1096.5112,8.882595,497.2461,0.15,8.274073,1261.4539
+1.5C,49,2018,2,0.32765207,10.758592,791.988,10.427566,463.46573,0.15,12.508346,1180.8248
+1.5C,49,2019,2,0.3423672,10.333985,807.7677,10.154156,459.4773,0.15,10.0655155,1171.7484
+1.5C,50,2015,2,0.49931568,8.083304,1682.0604,7.7269,602.2621,0.15,7.230745,1545.3983
+1.5C,50,2016,2,0.21980932,9.002455,710.82477,8.493723,550.5586,0.15,10.280117,1423.7227
+1.5C,50,2017,2,0.27027565,8.926808,921.19354,8.66128,584.58154,0.15,10.490137,1505.5145
+1.5C,50,2018,2,0.36864048,8.345305,1305.8169,8.6177225,610.3347,0.15,10.436346,1565.5842
+1.5C,50,2019,2,0.3175403,8.6870985,1055.483,8.543824,572.2439,0.15,10.39529,1473.8655
+1.5C,51,2015,2,0.5847533,4.805271,1367.6017,4.1807437,454.95758,0.15,3.9898057,1153.0847
+1.5C,51,2016,2,0.5772154,5.9541507,1373.0139,5.5040426,458.50378,0.15,5.337514,1163.9902
+1.5C,51,2017,2,0.57946795,7.150933,1362.7562,7.06424,464.3218,0.15,6.900811,1177.2017
+1.5C,51,2018,2,0.5525914,5.5930195,1344.0594,4.725546,466.62695,0.15,4.4926634,1183.8474
+1.5C,51,2019,2,0.579996,6.9072638,1439.7886,7.332153,478.13425,0.15,7.822546,1212.6003
+1.5C,52,2015,2,0.37107116,6.6996727,1036.6719,6.4797664,506.23544,0.15,8.006664,1301.882
+1.5C,52,2016,2,0.32651395,6.582716,1022.76355,6.1380568,574.11127,0.15,7.6183567,1470.5438
+1.5C,52,2017,2,0.29667097,6.1386204,925.9379,5.80796,553.1308,0.15,7.147874,1416.8566
+1.5C,52,2018,2,0.3812291,6.7764125,1154.4667,6.4806595,549.3589,0.15,7.964006,1412.2386
+1.5C,52,2019,2,0.35280067,6.118051,1111.3885,5.979586,551.58014,0.15,7.3419456,1416.609
+1.5C,53,2015,2,0.5882529,3.0063524,1681.2501,3.6577528,474.4875,0.15,4.210319,1231.097
+1.5C,53,2016,2,0.21308059,3.8743436,623.9391,3.7189035,468.8953,0.15,4.466511,1217.0741
+1.5C,53,2017,2,0.1623861,4.1932487,489.04868,3.9032211,476.79413,0.15,4.6804523,1238.155
+1.5C,53,2018,2,0.33741382,4.0860815,959.5978,4.2514105,460.83395,0.15,5.104899,1197.7358
+1.5C,53,2019,2,0.46310687,3.6993804,1364.737,4.1085777,486.31326,0.15,4.9522004,1261.1832
+1.5C,54,2015,2,0.23902805,15.283186,824.39545,14.465193,640.48096,0.15,17.52555,1647.63
+1.5C,54,2016,2,0.23914512,14.608002,816.2795,13.968942,632.4036,0.15,16.894182,1628.8834
+1.5C,54,2017,2,0.18881081,15.890758,632.1041,14.52911,637.45557,0.15,17.66085,1640.36
+1.5C,54,2018,2,0.22432671,15.664005,755.96576,14.635503,635.8323,0.15,17.778511,1637.5767
+1.5C,54,2019,2,0.18457006,14.947586,611.9919,13.783287,614.8245,0.15,16.686714,1585.9916
+1.5C,55,2015,2,0.5942627,3.768034,2087.803,3.7017791,593.1559,0.15,3.7618456,1523.0967
+1.5C,55,2016,2,0.32794988,6.827854,1180.1979,6.9409184,591.4177,0.15,7.9816656,1514.9303
+1.5C,55,2017,2,0.57079136,6.469465,1871.0065,7.655644,565.72205,0.15,8.994373,1454.946
+1.5C,55,2018,2,0.56948715,5.3283377,1891.1537,6.5744133,565.2623,0.15,7.6301146,1451.3037
+1.5C,55,2019,2,0.36527908,5.2552505,1206.0945,5.4820457,535.59344,0.15,5.8430533,1382.6387
+1.5C,56,2015,2,0.4098158,10.398597,888.7507,10.521519,440.2156,0.15,10.44013,1124.1617
+1.5C,56,2016,2,0.43532676,6.790192,1042.7936,5.285532,469.3298,0.15,4.453801,1193.4668
+1.5C,56,2017,2,0.39175317,10.023071,882.20715,9.569025,456.80533,0.15,8.495276,1162.8333
+1.5C,56,2018,2,0.39103708,10.331105,838.1695,9.306885,430.08502,0.15,7.9013157,1100.3021
+1.5C,56,2019,2,0.3962717,8.39102,850.9388,8.411415,433.9769,0.15,7.0167513,1110.3616
+1.5C,57,2015,2,0.31379738,5.9964485,1045.0242,6.016395,649.1017,0.15,6.1972184,1661.567
+1.5C,57,2016,2,0.36832947,8.361364,1205.7286,8.493835,678.61884,0.15,7.900833,1732.7994
+1.5C,57,2017,2,0.3397629,10.612244,1035.5264,10.503163,647.07874,0.15,11.325661,1657.1453
+1.5C,57,2018,2,0.24769591,10.457849,769.3929,10.267644,663.3618,0.15,10.437809,1696.513
+1.5C,57,2019,2,0.20591053,11.5743,605.70154,10.552093,626.5702,0.15,12.89792,1609.1292
+1.5C,58,2015,2,0.5929843,2.9520688,2290.6082,2.9181051,690.8191,0.15,3.1223712,1751.5138
+1.5C,58,2016,2,0.5435339,11.66135,1846.4288,10.619508,658.10004,0.15,10.260403,1670.7113
+1.5C,58,2017,2,0.5796582,7.362384,2072.9563,7.4382944,674.5004,0.15,7.953514,1712.632
+1.5C,58,2018,2,0.5870927,4.8610897,2284.2053,4.372465,704.87756,0.15,4.4322505,1783.6588
+1.5C,58,2019,2,0.5555028,9.996513,1974.1578,8.961767,668.42377,0.15,8.694418,1696.7332
+1.5C,59,2015,2,0.3228612,5.7673254,1066.3293,5.6025014,600.34375,0.15,6.832943,1549.2761
+1.5C,59,2016,2,0.27801338,5.615395,983.2658,5.3945675,629.32983,0.15,6.5547085,1618.5897
+1.5C,59,2017,2,0.28587958,5.631003,1042.879,5.4144053,642.4513,0.15,6.5907555,1652.2058
+1.5C,59,2018,2,0.29954687,5.915387,1071.1125,5.7022943,640.6728,0.15,6.922193,1649.1006
+1.5C,59,2019,2,0.31967032,5.94744,1151.0543,5.809623,643.07,0.15,7.072602,1654.0789
+1.5C,60,2015,2,0.11182396,9.982595,349.1517,8.813983,525.0622,0.15,10.664887,1365.981
+1.5C,60,2016,2,0.14536026,8.961309,453.21927,8.254911,514.71375,0.15,9.89527,1341.1553
+1.5C,60,2017,2,0.118882746,9.349789,383.84528,8.388325,535.45935,0.15,10.094126,1391.1637
+1.5C,60,2018,2,0.13056707,9.602448,445.62234,8.631344,564.32556,0.15,10.412314,1461.6855
+1.5C,60,2019,2,0.10137324,9.4637575,320.6916,8.364609,522.64594,0.15,10.085812,1359.0665
+1.5C,61,2015,2,0.58460695,5.7424855,1994.1571,3.929411,607.828,0.15,3.1092029,1564.3973
+1.5C,61,2016,2,0.37882113,21.417376,1046.6212,20.654871,576.42236,0.15,24.488142,1485.9176
+1.5C,61,2017,2,0.5204264,18.328558,1497.1044,18.236002,590.16425,0.15,19.710545,1519.7887
+1.5C,61,2018,2,0.57766557,15.275308,1759.7253,15.70667,594.7153,0.15,16.784664,1531.0018
+1.5C,61,2019,2,0.59299004,9.9081545,1908.4042,8.79202,591.73663,0.15,8.278356,1525.5571
+1.5C,62,2015,2,0.49010998,12.519144,1242.2919,13.124811,499.19995,0.15,14.0837755,1269.5521
+1.5C,62,2016,2,0.4211995,13.067342,1093.3652,13.382641,507.56122,0.15,15.377409,1289.3379
+1.5C,62,2017,2,0.4605823,11.305725,1178.4006,11.783194,502.00272,0.15,12.48216,1277.622
+1.5C,62,2018,2,0.457465,11.913466,1119.9291,12.038318,475.9361,0.15,11.73259,1216.109
+1.5C,62,2019,2,0.5024082,12.869814,1234.7948,13.52096,494.7016,0.15,14.017625,1259.9542
+1.5C,63,2015,2,0.5902949,9.341781,1729.0668,6.804421,515.95044,0.15,5.633913,1347.0692
+1.5C,63,2016,2,0.57503074,10.829745,1719.7158,11.250465,534.2931,0.15,11.423354,1391.0182
+1.5C,63,2017,2,0.5094714,13.614082,1453.8643,14.90805,523.38306,0.15,16.961767,1363.8828
+1.5C,63,2018,2,0.5384795,15.226568,1551.3507,17.375084,540.90405,0.15,19.79626,1406.1755
+1.5C,63,2019,2,0.5163098,15.249899,1480.3202,17.289848,531.7913,0.15,20.215633,1384.7769
+1.5C,64,2015,2,0.5658943,8.93124,1786.409,8.725605,587.597,0.15,10.414511,1480.3767
+1.5C,64,2016,2,0.56430763,9.087644,1736.3873,8.766223,587.77,0.15,10.4407425,1479.9138
+1.5C,64,2017,2,0.5830342,8.155275,1980.5791,8.081382,628.42694,0.15,9.633343,1570.9144
+1.5C,64,2018,2,0.543255,11.260237,1654.5768,10.816449,600.36206,0.15,12.950671,1509.654
+1.5C,64,2019,2,0.5689103,10.407249,1793.1536,10.180597,597.8693,0.15,12.031139,1505.0488
+1.5C,65,2015,2,0.1173093,10.198244,361.842,9.066158,516.6323,0.15,10.952102,1343.6077
+1.5C,65,2016,2,0.13336258,9.530628,418.0842,8.71243,515.4628,0.15,10.442042,1341.8392
+1.5C,65,2017,2,0.11462855,9.73333,369.17093,8.731105,529.7719,0.15,10.494061,1375.8015
+1.5C,65,2018,2,0.14329211,9.949339,484.5116,9.033672,559.66785,0.15,10.889233,1449.0193
+1.5C,65,2019,2,0.10977396,9.424674,343.7444,8.445684,514.9345,0.15,10.013086,1339.2903
+1.5C,66,2015,2,0.5112319,5.8631043,1386.7455,5.05039,510.7703,0.15,4.7885747,1281.4592
+1.5C,66,2016,2,0.52224684,5.0385375,1457.7952,4.8478737,515.789,0.15,4.952415,1292.8726
+1.5C,66,2017,2,0.547908,1.2894881,1571.366,1.1335658,516.08936,0.15,1.0231268,1294.7415
+1.5C,66,2018,2,0.47049516,6.5132732,1341.204,6.174253,528.48346,0.15,6.227106,1317.3125
+1.5C,66,2019,2,0.4313901,7.286247,1173.9514,7.6676702,501.6494,0.15,8.7767515,1258.115
+1.5C,67,2015,2,0.4481666,5.624936,1445.0912,5.897714,534.25867,0.15,6.3301,1392.8812
+1.5C,67,2016,2,0.29199508,6.58807,945.7546,6.6859856,523.8333,0.15,7.735726,1365.7253
+1.5C,67,2017,2,0.13870287,8.958231,426.4659,8.202786,506.19897,0.15,9.834421,1321.6276
+1.5C,67,2018,2,0.18950684,8.192913,601.7521,7.8050127,516.9962,0.15,9.318079,1347.3475
+1.5C,67,2019,2,0.22091454,8.575907,697.8138,8.234092,519.10284,0.15,9.711998,1354.4221
+1.5C,68,2015,2,0.56368965,11.450296,1860.4042,10.4955015,616.6194,0.15,10.66915,1589.7249
+1.5C,68,2016,2,0.4799462,19.002453,1384.5177,19.766342,586.68964,0.15,23.139647,1515.1215
+1.5C,68,2017,2,0.47582042,17.695274,1417.0486,18.048216,604.8731,0.15,19.677082,1559.337
+1.5C,68,2018,2,0.5126441,16.237803,1548.8057,17.245323,600.6374,0.15,19.734526,1548.2333
+1.5C,68,2019,2,0.5671491,14.0411415,1746.6476,14.502289,592.7133,0.15,16.03647,1530.8527
+1.5C,69,2015,2,0.55911475,5.879569,1690.5651,5.816564,559.4083,0.15,6.288143,1410.9207
+1.5C,69,2016,2,0.5347437,8.073662,1582.599,7.8898363,559.8609,0.15,8.466871,1411.9476
+1.5C,69,2017,2,0.5648146,4.7412977,1740.0721,4.6182194,564.70074,0.15,5.1111364,1426.2191
+1.5C,69,2018,2,0.5288091,6.5670676,1555.7184,6.1890144,548.60596,0.15,6.667809,1386.3331
+1.5C,69,2019,2,0.41545418,10.263578,1202.9214,9.704516,558.9587,0.15,10.54756,1409.8494
+1.5C,70,2015,2,0.367986,5.9492965,851.9825,6.0130706,441.05087,0.15,7.37687,1117.2861
+1.5C,70,2016,2,0.36200473,6.575091,776.5226,6.447791,423.0468,0.15,7.9662714,1074.593
+1.5C,70,2017,2,0.36080256,6.1040015,738.7564,6.0793047,401.80075,0.15,7.4822264,1025.009
+1.5C,70,2018,2,0.39098093,6.704398,878.0959,6.695886,437.82367,0.15,5.9022784,1111.1461
+1.5C,70,2019,2,0.35037357,6.7709866,774.2121,6.6392956,427.5379,0.15,8.191037,1087.6274
+1.5C,71,2015,2,0.5896245,4.7706113,2017.8655,4.8335633,583.1759,0.15,5.1160326,1498.4152
+1.5C,71,2016,2,0.35335115,6.4326186,1262.5791,6.714512,586.6894,0.15,7.8017244,1503.5991
+1.5C,71,2017,2,0.53161275,6.04313,1751.7992,7.0318785,559.1261,0.15,8.215989,1438.886
+1.5C,71,2018,2,0.565615,5.165489,1894.2556,6.405184,570.2407,0.15,7.4669623,1463.5105
+1.5C,71,2019,2,0.2930047,6.0578036,975.7269,6.232708,534.7054,0.15,7.1694245,1380.0491
+1.5C,72,2015,2,0.5540337,2.8402843,1176.4061,2.5555446,399.0493,0.15,2.306888,1018.38165
+1.5C,72,2016,2,0.4860075,7.116093,1030.9194,6.28364,423.49323,0.15,5.7187185,1074.1848
+1.5C,72,2017,2,0.55288965,2.3497436,1202.9072,1.7985475,416.18936,0.15,1.6403008,1059.8256
+1.5C,72,2018,2,0.52024597,7.279421,1139.2717,6.5229425,429.9366,0.15,6.110478,1091.4308
+1.5C,72,2019,2,0.53185534,4.2738595,1198.6866,3.9776225,431.48895,0.15,3.7940009,1091.9106
+1.5C,73,2015,2,0.598699,8.931465,2197.2046,9.229098,643.2697,0.15,10.442995,1637.1129
+1.5C,73,2016,2,0.59906965,6.0824723,2253.0977,6.2286234,652.6713,0.15,7.128075,1659.1132
+1.5C,73,2017,2,0.59815526,7.6360416,2186.1533,7.6721215,649.02637,0.15,8.852161,1651.1329
+1.5C,73,2018,2,0.5988838,6.467444,2181.627,6.7566576,635.20996,0.15,7.693291,1617.5812
+1.5C,73,2019,2,0.59886426,5.4287534,2246.3303,5.556733,644.6817,0.15,6.2924695,1638.7992
+1.5C,74,2015,2,0.5690763,7.803251,1594.2317,7.066373,511.30206,0.15,6.0665665,1325.1893
+1.5C,74,2016,2,0.364595,15.638265,1055.7218,15.335196,550.5484,0.15,17.547382,1419.4469
+1.5C,74,2017,2,0.40708253,11.38547,1220.4163,10.757139,537.99274,0.15,11.841409,1387.9827
+1.5C,74,2018,2,0.563798,9.038451,1624.3953,8.314522,527.63086,0.15,7.244068,1365.4056
+1.5C,74,2019,2,0.5929639,4.997281,1836.4111,4.489536,541.14294,0.15,3.9404511,1398.2635
+1.5C,75,2015,2,0.5619939,3.2971578,1434.8236,3.6244004,427.97955,0.15,3.9663744,1101.0056
+1.5C,75,2016,2,0.49383238,5.349494,1260.5795,5.746767,437.43738,0.15,6.240517,1123.6893
+1.5C,75,2017,2,0.5670422,2.546131,1469.1615,2.6920614,439.17017,0.15,2.9056237,1125.6388
+1.5C,75,2018,2,0.56663525,2.9449117,1552.4225,3.075179,464.39835,0.15,3.3091471,1189.5875
+1.5C,75,2019,2,0.57820326,2.1171374,1582.4742,2.2027514,459.70184,0.15,2.3195167,1177.1632
+1.5C,76,2015,2,0.36730754,4.8642015,685.7613,4.3814187,351.39493,0.15,4.4350224,898.21185
+1.5C,76,2016,2,0.3571075,6.101585,650.27246,6.220092,354.281,0.15,7.5095196,902.25775
+1.5C,76,2017,2,0.3608657,5.672659,661.53723,5.403969,344.10724,0.15,5.4178505,880.48047
+1.5C,76,2018,2,0.4359417,4.8237405,901.37274,4.492471,398.0219,0.15,4.8389497,1005.528
+1.5C,76,2019,2,0.40851653,4.092477,847.7117,3.7724137,380.45108,0.15,3.9111137,966.2989
+1.5C,77,2015,2,0.4593835,7.345342,1169.4601,7.9004083,475.9434,0.15,8.21824,1198.5382
+1.5C,77,2016,2,0.4129747,7.4435587,1024.7369,7.7529063,462.21002,0.15,9.258123,1168.2012
+1.5C,77,2017,2,0.4423926,7.3270717,1182.8423,7.7329946,498.19244,0.15,9.199715,1254.1232
+1.5C,77,2018,2,0.38523686,6.813161,993.95123,7.0913577,467.44104,0.15,8.237629,1183.1405
+1.5C,77,2019,2,0.29066485,6.691079,756.476,6.644956,463.4746,0.15,8.088411,1167.6051
+1.5C,78,2015,2,0.59559995,3.987011,2100.4895,4.332467,602.96606,0.15,4.6266456,1542.4822
+1.5C,78,2016,2,0.42110083,6.3056316,1506.4093,6.558654,600.4259,0.15,7.440746,1534.9119
+1.5C,78,2017,2,0.5983171,4.6528497,2018.9069,5.1404996,576.20856,0.15,5.4960656,1478.9934
+1.5C,78,2018,2,0.5460253,4.642391,1852.743,5.5912347,567.28253,0.15,6.348154,1454.8085
+1.5C,78,2019,2,0.33268353,5.1489067,1113.0068,5.2087336,539.9299,0.15,5.6522226,1391.6268
+1.5C,79,2015,2,0.35338065,10.004549,764.84064,9.90655,430.82422,0.15,11.463692,1100.7941
+1.5C,79,2016,2,0.41775244,7.3320665,988.44214,6.4551306,447.54413,0.15,6.3097324,1141.3278
+1.5C,79,2017,2,0.35742554,9.833039,848.9556,9.341332,466.03668,0.15,9.433605,1187.8486
+1.5C,79,2018,2,0.36770216,10.61319,795.4499,10.440237,431.63934,0.15,11.689232,1101.592
+1.5C,79,2019,2,0.3543145,10.111311,778.93085,10.036511,436.0064,0.15,10.6508465,1114.3046
+1.5C,80,2015,0,0.38858387,5.3353276,1216.5105,5.929682,203.09953,0.05,6.3475213,1522.4559
+1.5C,80,2016,0,0.38450524,5.5240684,1197.7533,6.176935,202.58546,0.05,6.580634,1522.4838
+1.5C,80,2017,0,0.4257787,4.2748566,1362.874,5.0094624,196.62634,0.05,5.331198,1483.7
+1.5C,80,2018,0,0.33232766,5.205296,1034.1613,5.8566356,195.5049,0.05,6.236532,1472.009
+1.5C,80,2019,0,0.34460154,5.277031,1073.7003,5.859313,198.52664,0.05,6.249658,1493.1531
+1.5C,81,2015,0,0.17476147,6.734992,400.67203,6.947773,161.92885,0.05,7.3936157,1232.4425
+1.5C,81,2016,0,0.19475634,7.306655,454.2022,7.5363426,172.74643,0.05,7.978943,1309.9241
+1.5C,81,2017,0,0.23841739,6.116501,575.8833,6.5579863,162.84961,0.05,6.9458,1244.8862
+1.5C,81,2018,0,0.18872896,6.7601843,443.74127,7.019706,163.83539,0.05,7.47297,1248.0195
+1.5C,81,2019,0,0.20631331,7.0367203,478.2536,7.351251,165.26157,0.05,7.822811,1256.815
+1.5C,82,2015,0,0.24629828,6.898665,358.24503,7.496073,115.94462,0.05,7.9098535,882.97437
+1.5C,82,2016,0,0.23855177,7.6122246,311.9347,8.055097,115.12606,0.05,8.407033,877.3634
+1.5C,82,2017,0,0.27124214,6.944737,404.5738,7.3592005,125.488754,0.05,7.6972656,949.76306
+1.5C,82,2018,0,0.27508935,7.1657,394.377,7.589758,125.75159,0.05,7.973786,947.61694
+1.5C,82,2019,0,0.25400454,7.129711,366.98935,7.502091,126.85986,0.05,7.820949,956.21844
+1.5C,83,2015,0,0.29024228,6.578514,917.19525,6.9428434,221.04385,0.05,7.401515,1649.5511
+1.5C,83,2016,0,0.31317356,6.551587,1009.56006,7.053749,223.91307,0.05,7.503788,1674.5264
+1.5C,83,2017,0,0.32624686,5.9209642,1081.9285,6.5035605,215.71346,0.05,6.938269,1617.5082
+1.5C,83,2018,0,0.28082275,7.45047,817.9011,7.8916054,211.84451,0.05,8.375865,1589.2601
+1.5C,83,2019,0,0.2687297,8.00762,764.01666,8.3613,217.49123,0.05,8.861622,1623.9763
+1.5C,84,2015,0,0.314726,4.826246,595.0569,5.150048,143.00563,0.05,5.4205856,1077.0048
+1.5C,84,2016,0,0.3404277,7.3471503,575.50726,7.7399116,154.31653,0.05,8.115753,1157.1068
+1.5C,84,2017,0,0.32784006,6.2144117,572.1435,6.503161,145.40561,0.05,6.812251,1093.0155
+1.5C,84,2018,0,0.3195039,6.4270134,579.80396,6.702549,146.89046,0.05,6.992074,1103.9628
+1.5C,84,2019,0,0.3421403,4.9334245,646.29987,5.20362,151.58371,0.05,5.4378767,1133.446
+1.5C,85,2015,0,0.31023297,6.168938,600.225,6.471146,167.80423,0.05,6.821493,1246.7988
+1.5C,85,2016,0,0.38740656,4.86736,793.7742,5.3462477,168.40854,0.05,5.67858,1257.3566
+1.5C,85,2017,0,0.36168605,4.596527,745.89044,4.961085,163.72095,0.05,5.2433295,1221.4208
+1.5C,85,2018,0,0.31165117,6.1234202,659.8052,6.5081,166.20459,0.05,6.828652,1238.4303
+1.5C,85,2019,0,0.33797535,5.5940537,737.46545,5.961562,168.92758,0.05,6.259401,1261.5646
+1.5C,86,2015,0,0.32370466,5.7529774,613.9984,6.0307827,141.66505,0.05,6.32431,1057.046
+1.5C,86,2016,0,0.30365804,6.3862805,626.88184,6.687898,152.96138,0.05,6.996958,1133.5582
+1.5C,86,2017,0,0.37378526,4.5633893,785.99994,5.047283,146.59998,0.05,5.3235016,1097.8619
+1.5C,86,2018,0,0.2856544,2.4794326,545.7098,2.5875099,138.47067,0.05,2.706474,1038.6454
+1.5C,86,2019,0,0.33030817,5.3760433,638.3166,5.6789336,139.28616,0.05,5.9607606,1049.96
+1.5C,87,2015,0,0.39008445,10.077177,1279.183,10.918992,216.86873,0.05,11.657086,1663.3263
+1.5C,87,2016,0,0.44226333,10.429369,1515.4791,11.205756,230.33743,0.05,11.99968,1759.5024
+1.5C,87,2017,0,0.33672327,10.330065,1167.5637,10.827232,224.16077,0.05,11.561258,1715.3118
+1.5C,87,2018,0,0.42646396,10.637992,1460.2448,11.35653,230.41367,0.05,12.149368,1761.7366
+1.5C,87,2019,0,0.45414993,9.202517,1600.7797,10.020433,231.59648,0.05,10.676419,1768.1838
+1.5C,88,2015,0,0.22465919,3.7970672,428.48068,4.0581884,132.27156,0.05,4.333053,1003.1853
+1.5C,88,2016,0,0.25451416,4.669101,447.63162,5.002923,135.51698,0.05,5.3467603,1024.3549
+1.5C,88,2017,0,0.23069905,4.473961,423.3781,4.7301054,131.68253,0.05,5.058683,998.5977
+1.5C,88,2018,0,0.24937986,3.7719684,462.25534,4.071163,132.91373,0.05,4.3533154,1004.05646
+1.5C,88,2019,0,0.22702843,4.2062936,412.31097,4.389839,140.7456,0.05,4.677408,1056.7648
+1.5C,89,2015,0,0.30705532,6.221543,568.3735,6.6230583,137.24551,0.05,6.93711,1031.2463
+1.5C,89,2016,0,0.29282638,6.3018,599.9886,6.596037,150.72862,0.05,6.9052086,1122.5255
+1.5C,89,2017,0,0.30761135,6.307874,621.7277,6.675609,148.19624,0.05,7.000504,1107.7114
+1.5C,89,2018,0,0.27065966,0.8494129,498.0431,0.8827683,138.79774,0.05,0.92137444,1044.5883
+1.5C,89,2019,0,0.3250074,4.796946,630.61914,5.135351,135.44844,0.05,5.390806,1024.8582
+1.5C,90,2015,0,0.17725657,5.567745,259.51505,5.684272,118.32336,0.05,6.074246,887.183
+1.5C,90,2016,0,0.1796928,6.3046093,236.20174,6.494226,113.01956,0.05,6.9510813,852.5474
+1.5C,90,2017,0,0.1933683,6.2108793,294.92288,6.288917,128.1556,0.05,6.665665,954.7145
+1.5C,90,2018,0,0.18186186,5.7114477,258.58142,5.8451104,120.33444,0.05,6.2696524,898.7145
+1.5C,90,2019,0,0.16329554,5.7648516,236.61243,5.7849603,127.13852,0.05,6.219037,947.31256
+1.5C,91,2015,0,0.4754475,4.617712,1411.8967,5.1263685,202.11824,0.05,5.4087687,1513.8868
+1.5C,91,2016,0,0.35211223,7.0235786,1002.89374,7.6080446,201.48024,0.05,8.0601225,1506.5968
+1.5C,91,2017,0,0.430285,5.836928,1248.3271,6.40497,205.60756,0.05,6.774456,1534.4688
+1.5C,91,2018,0,0.45938858,5.3750625,1347.3116,5.927396,206.77905,0.05,6.2610745,1543.7163
+1.5C,91,2019,0,0.43966752,5.5840683,1289.1096,6.175748,204.57562,0.05,6.520948,1532.1896
+1.5C,92,2015,0,0.24519269,5.9696965,365.2184,6.4691358,114.63429,0.05,6.869776,870.80316
+1.5C,92,2016,0,0.23732048,6.4570165,322.41595,6.822967,108.21441,0.05,7.115197,827.35913
+1.5C,92,2017,0,0.27142102,5.723561,440.45325,6.096712,125.82497,0.05,6.3925786,946.3961
+1.5C,92,2018,0,0.26996863,6.041605,394.66162,6.377905,118.463356,0.05,6.693605,895.1435
+1.5C,92,2019,0,0.25884363,5.387183,397.85718,5.656439,123.95774,0.05,5.9290495,934.53046
+1.5C,93,2015,0,0.27737987,4.8671556,552.60925,5.069258,134.79251,0.05,5.2873073,1005.6715
+1.5C,93,2016,0,0.3122464,4.689298,682.5599,5.002391,143.82823,0.05,5.1795115,1066.411
+1.5C,93,2017,0,0.3275855,4.20772,666.4255,4.4345202,138.85988,0.05,4.6331224,1030.7504
+1.5C,93,2018,0,0.27204433,5.222376,547.6889,5.434276,139.62769,0.05,5.6811585,1033.6232
+1.5C,93,2019,0,0.29808673,4.8301854,578.6565,5.171472,131.73886,0.05,5.450401,984.5429
+1.5C,94,2015,0,0.2798648,6.5101566,508.63226,6.759889,137.15523,0.05,7.070796,1025.2688
+1.5C,94,2016,0,0.28539985,6.3983374,572.6452,6.6824274,147.2744,0.05,6.9834785,1093.634
+1.5C,94,2017,0,0.31583044,5.5362782,631.9654,5.9056263,143.4094,0.05,6.1837378,1070.8888
+1.5C,94,2018,0,0.245476,3.5533428,438.71436,3.6586432,135.21133,0.05,3.8175077,1014.30524
+1.5C,94,2019,0,0.2949262,5.7544117,544.77515,5.9838166,134.07925,0.05,6.249082,1010.0397
+1.5C,95,2015,0,0.26051736,4.064867,649.9385,4.2871046,145.94835,0.05,4.436022,1138.5754
+1.5C,95,2016,0,0.23785073,3.3081594,628.002,3.518146,149.21622,0.05,3.6787868,1165.1063
+1.5C,95,2017,0,0.076441035,7.12659,179.2717,7.0254354,145.7484,0.05,7.39254,1136.0577
+1.5C,95,2018,0,0.09981361,6.441204,244.56175,6.432803,148.90364,0.05,6.7176285,1161.1594
+1.5C,95,2019,0,0.11431567,4.926797,287.00064,4.9219832,150.29425,0.05,5.1631613,1170.9434
+1.5C,96,2015,0,0.2994298,5.2879763,515.63007,5.522079,123.17538,0.05,5.725913,926.53156
+1.5C,96,2016,0,0.2826041,5.646958,483.78134,5.8834147,123.816055,0.05,6.111515,933.31616
+1.5C,96,2017,0,0.23906669,6.3981886,408.03656,6.7778935,125.31824,0.05,7.246374,939.99023
+1.5C,96,2018,0,0.30584225,5.256153,576.11084,5.452218,136.09457,0.05,5.661848,1015.5943
+1.5C,96,2019,0,0.27336523,6.0274367,428.75858,6.235658,119.39781,0.05,6.467002,902.4884
+1.5C,97,2015,0,0.2959629,6.3927736,559.2034,6.6734176,141.81151,0.05,7.002045,1063.4651
+1.5C,97,2016,0,0.27903688,6.174432,567.21985,6.4592433,148.6445,0.05,6.7520103,1108.3539
+1.5C,97,2017,0,0.32352084,5.486575,701.0421,5.855809,153.47134,0.05,6.1418877,1149.6948
+1.5C,97,2018,0,0.2690273,0.68703383,521.3924,0.710764,141.10316,0.05,0.739058,1067.6875
+1.5C,97,2019,0,0.29899806,5.3255305,593.3228,5.5801888,143.50021,0.05,5.849284,1083.4885
+1.5C,98,2015,0,0.2736232,6.6736865,400.57935,7.1571965,115.99501,0.05,7.471604,881.9877
+1.5C,98,2016,0,0.25821444,7.223519,329.73117,7.674944,111.273094,0.05,8.022456,848.87494
+1.5C,98,2017,0,0.31023702,6.33267,468.9831,6.8148637,127.407684,0.05,7.1715727,960.3914
+1.5C,98,2018,0,0.30694556,6.20837,453.6842,6.663639,123.6167,0.05,7.0144606,931.7826
+1.5C,98,2019,0,0.29533565,5.9336147,442.58282,6.402435,123.443504,0.05,6.729942,931.96326
+1.5C,99,2015,0,0.17306054,5.8701925,392.16156,6.002708,163.87785,0.05,6.4154906,1241.1299
+1.5C,99,2016,0,0.21027552,5.525932,500.54074,5.7915196,167.49567,0.05,6.1861854,1267.1525
+1.5C,99,2017,0,0.19312696,6.1659803,412.93768,6.3967376,160.08745,0.05,6.828303,1217.1788
+1.5C,99,2018,0,0.16981347,5.970262,392.73145,6.171352,161.16553,0.05,6.577148,1224.7399
+1.5C,99,2019,0,0.17515191,5.995888,392.31497,6.1938634,157.65312,0.05,6.607246,1200.0519
+1.5C,100,2015,0,0.53323835,8.134977,1951.6855,8.701539,249.52373,0.05,9.24037,1854.89
+1.5C,100,2016,0,0.5453416,6.591466,1988.3568,7.2145777,243.54665,0.05,7.6406775,1811.9031
+1.5C,100,2017,0,0.5581687,6.9701824,1995.3262,7.7676244,237.24417,0.05,8.28388,1769.9836
+1.5C,100,2018,0,0.44530997,8.318581,1573.6204,9.024827,235.58919,0.05,9.648304,1759.3124
+1.5C,100,2019,0,0.41519365,9.152478,1411.9681,9.848841,236.58852,0.05,10.561873,1763.9236
+1.5C,101,2015,0,0.4109151,4.8861184,857.5339,5.1510787,154.75302,0.05,5.426752,1156.4763
+1.5C,101,2016,0,0.34582105,5.9868035,692.77325,6.349803,153.13771,0.05,6.701568,1146.2949
+1.5C,101,2017,0,0.37810153,5.5389347,840.3799,6.0022435,160.09633,0.05,6.309814,1200.1936
+1.5C,101,2018,0,0.40282685,4.670849,891.5335,5.1143107,159.2626,0.05,5.408429,1192.3859
+1.5C,101,2019,0,0.4227273,4.208696,923.0044,4.668747,153.97737,0.05,4.9375668,1157.0865
+1.5C,102,2015,0,0.3109153,6.1087437,569.86786,6.5699334,136.37102,0.05,6.899087,1025.3234
+1.5C,102,2016,0,0.29681692,6.1267,598.7823,6.409273,150.14662,0.05,6.712658,1118.154
+1.5C,102,2017,0,0.30577034,6.773632,618.43896,7.1472445,150.85074,0.05,7.497509,1125.8143
+1.5C,102,2018,0,0.28257582,1.0927565,532.76984,1.1388072,143.64684,0.05,1.1894071,1075.9645
+1.5C,102,2019,0,0.3336725,4.736735,663.881,5.0744386,139.93793,0.05,5.3421593,1055.848
+1.5C,103,2015,0,0.5780769,5.3969917,1646.926,6.522838,183.77551,0.05,6.9504976,1403.3695
+1.5C,103,2016,0,0.5756111,5.1602077,1650.31,6.3521805,184.43216,0.05,6.778423,1410.3098
+1.5C,103,2017,0,0.58014405,5.2314005,1596.548,6.400259,177.2299,0.05,6.8203716,1357.521
+1.5C,103,2018,0,0.55548686,5.2811923,1561.5135,6.479249,181.81755,0.05,6.9067597,1389.0665
+1.5C,103,2019,0,0.46752638,6.361415,1282.1846,7.4448957,179.1635,0.05,7.904476,1369.6132
+1.5C,104,2015,0,0.3968008,4.430953,1027.7924,4.6125836,198.78098,0.05,4.8343573,1483.2988
+1.5C,104,2016,0,0.36728653,2.8337593,1054.809,3.0528448,192.81287,0.05,3.2499356,1447.4935
+1.5C,104,2017,0,0.41623837,2.627748,1146.8508,2.8920796,196.94608,0.05,3.0737257,1474.854
+1.5C,104,2018,0,0.33765054,5.4215817,812.2963,5.6445045,192.17899,0.05,5.9015613,1440.7762
+1.5C,104,2019,0,0.42264897,3.0361357,1179.6941,3.3242092,199.44743,0.05,3.5160477,1493.7323
+1.5C,105,2015,0,0.32119384,5.3715854,960.49457,5.916463,191.60988,0.05,6.3374147,1447.9172
+1.5C,105,2016,0,0.34530023,5.5427165,1066.2899,6.0855002,199.5503,0.05,6.447438,1501.2307
+1.5C,105,2017,0,0.28905946,5.78198,810.25903,6.2559156,182.61722,0.05,6.6642175,1382.7351
+1.5C,105,2018,0,0.28305215,6.259767,816.4783,6.6814103,194.14177,0.05,7.162633,1461.4233
+1.5C,105,2019,0,0.31311616,5.667895,950.1358,6.1728444,195.6652,0.05,6.5754824,1471.5461
+1.5C,106,2015,0,0.3059572,6.2028866,571.0285,6.504571,138.88908,0.05,6.81308,1039.832
+1.5C,106,2016,0,0.28102037,6.846969,571.8766,7.145542,150.19247,0.05,7.470404,1114.6871
+1.5C,106,2017,0,0.3575943,4.8523054,759.04254,5.325731,147.87123,0.05,5.595548,1105.1029
+1.5C,106,2018,0,0.2707955,3.2549512,518.1111,3.3851612,139.39592,0.05,3.538888,1046.0374
+1.5C,106,2019,0,0.31253907,5.5145025,595.49384,5.770903,137.60896,0.05,6.044779,1038.0004
+1.5C,107,2015,0,0.3257679,4.256026,1031.6207,4.5875607,199.85446,0.05,4.8966966,1501.2511
+1.5C,107,2016,0,0.25618374,4.9131427,863.90234,5.1435175,217.68773,0.05,5.5204678,1621.7166
+1.5C,107,2017,0,0.28226396,4.3503404,927.1794,4.570319,204.16856,0.05,4.85981,1529.8943
+1.5C,107,2018,0,0.29228282,4.030759,991.3579,4.1635256,212.4974,0.05,4.39361,1584.8772
+1.5C,107,2019,0,0.3284827,4.2393265,1117.0889,4.4446635,215.68797,0.05,4.71352,1609.22
+1.5C,108,2015,0,0.29764318,6.7772303,522.7755,7.4043913,140.20862,0.05,7.7970467,1059.0773
+1.5C,108,2016,0,0.32024226,7.1105194,533.32416,7.594783,146.07007,0.05,7.9640837,1101.2341
+1.5C,108,2017,0,0.27977487,6.4517426,479.73657,6.8254695,144.11797,0.05,7.207089,1087.9497
+1.5C,108,2018,0,0.30913863,7.2178597,507.52032,7.765668,140.13507,0.05,8.170825,1057.4827
+1.5C,108,2019,0,0.32538185,5.267438,600.6129,5.4738817,147.5258,0.05,5.6694946,1105.7235
+1.5C,109,2015,0,0.31292897,6.629512,640.2002,7.3402166,155.68216,0.05,7.8417387,1178.2269
+1.5C,109,2016,0,0.33980656,7.2629857,688.8795,7.8639245,161.29778,0.05,8.256035,1217.853
+1.5C,109,2017,0,0.26906052,6.3618884,564.83234,6.7108636,159.36559,0.05,7.079916,1202.9043
+1.5C,109,2018,0,0.3267142,6.4778028,696.7748,7.036968,158.2832,0.05,7.372354,1199.2223
+1.5C,109,2019,0,0.36919641,5.2416134,834.0245,5.6786976,167.26587,0.05,5.991897,1256.3143
+1.5C,110,2015,0,0.25784078,3.6667736,855.3445,3.794511,199.03763,0.05,3.9910846,1494.9038
+1.5C,110,2016,0,0.2501049,3.7677872,836.5227,3.8767674,202.01143,0.05,4.0978312,1513.3679
+1.5C,110,2017,0,0.26924023,3.2657535,898.22614,3.3559883,201.29732,0.05,3.5568042,1503.8447
+1.5C,110,2018,0,0.26996034,2.9506507,936.1005,3.0642674,204.27794,0.05,3.2437513,1528.6738
+1.5C,110,2019,0,0.27136332,3.2540562,925.6257,3.3685849,204.48915,0.05,3.5662115,1529.1859
+1.5C,111,2015,0,0.23268713,5.600137,421.4109,6.091269,128.15718,0.05,6.4920216,973.6755
+1.5C,111,2016,0,0.25035253,6.906352,424.8427,7.2807536,134.67403,0.05,7.6495457,1017.1363
+1.5C,111,2017,0,0.23197483,6.7281055,427.3074,7.1308446,139.41136,0.05,7.562948,1051.1271
+1.5C,111,2018,0,0.25740433,6.7026286,482.30548,7.1166186,140.32425,0.05,7.4647555,1058.0233
+1.5C,111,2019,0,0.24015693,6.064487,451.81055,6.31503,141.02719,0.05,6.6388865,1065.879
+1.5C,112,2015,0,0.39577013,6.578907,1133.1362,7.0988092,205.02481,0.05,7.4825797,1533.7839
+1.5C,112,2016,0,0.30499583,7.92247,829.7889,8.44437,196.13615,0.05,8.91568,1470.7423
+1.5C,112,2017,0,0.37179205,6.6567993,1057.341,7.18526,205.77034,0.05,7.599114,1535.8372
+1.5C,112,2018,0,0.42999238,6.1081448,1208.7839,6.6899004,203.34538,0.05,7.0730553,1520.1692
+1.5C,112,2019,0,0.42576265,6.282928,1187.2367,6.8588395,202.25848,0.05,7.2440815,1514.6642
+1.5C,113,2015,0,0.2387805,2.7141507,431.29205,2.934111,122.24866,0.05,3.1355639,929.6513
+1.5C,113,2016,0,0.2575678,3.4830227,449.32095,3.7820194,125.01336,0.05,4.0401516,949.2865
+1.5C,113,2017,0,0.25778967,3.5142126,471.05646,3.7597141,126.39072,0.05,4.005617,962.67786
+1.5C,113,2018,0,0.25868663,3.1420112,481.84756,3.3789105,130.15628,0.05,3.6225696,985.5377
+1.5C,113,2019,0,0.22862308,3.1712234,422.278,3.303958,134.34256,0.05,3.5225675,1009.9532
+1.5C,114,2015,0,0.37638783,7.453581,875.5167,7.9023514,199.1281,0.05,8.359327,1486.5852
+1.5C,114,2016,0,0.39526996,5.595868,990.65076,5.9304733,195.1624,0.05,6.2614183,1463.0629
+1.5C,114,2017,0,0.40890563,4.167295,1064.045,4.549775,198.5962,0.05,4.837934,1486.6135
+1.5C,114,2018,0,0.35739487,8.291797,779.46564,8.836127,194.93425,0.05,9.307059,1462.9559
+1.5C,114,2019,0,0.44406924,5.039471,1127.9237,5.510251,201.34084,0.05,5.8409686,1504.693
+1.5C,115,2015,0,0.29867932,6.1303043,560.84863,6.444329,137.25136,0.05,6.752572,1031.5037
+1.5C,115,2016,0,0.27612367,6.8095574,562.26447,7.1251497,148.68355,0.05,7.4478207,1105.7876
+1.5C,115,2017,0,0.3145955,5.799421,643.56647,6.1935635,147.60669,0.05,6.4975405,1103.054
+1.5C,115,2018,0,0.2575157,1.4260237,476.6384,1.4751625,137.70782,0.05,1.5402962,1036.5939
+1.5C,115,2019,0,0.3064213,5.272363,580.3323,5.508181,135.30269,0.05,5.7553625,1023.24146
+1.5C,116,2015,0,0.31923416,4.7912855,1095.4788,4.989344,224.45502,0.05,5.2698355,1673.5184
+1.5C,116,2016,0,0.2674083,4.807731,918.4688,5.0073967,218.73367,0.05,5.3768787,1636.7623
+1.5C,116,2017,0,0.3641288,3.5010962,1334.3053,3.6133125,233.70467,0.05,3.834886,1738.6947
+1.5C,116,2018,0,0.37443498,3.1976092,1379.1166,3.3145792,235.11923,0.05,3.5286767,1748.2438
+1.5C,116,2019,0,0.4245109,3.2511575,1511.8801,3.441963,230.20955,0.05,3.6648462,1712.7537
+1.5C,117,2015,0,0.35391206,5.551375,698.8688,5.878877,146.89482,0.05,6.1910872,1103.8728
+1.5C,117,2016,0,0.30556515,6.4843445,645.0417,6.837754,159.72292,0.05,7.205866,1191.0417
+1.5C,117,2017,0,0.35836768,5.4814577,794.6425,5.9179664,161.46625,0.05,6.2415648,1205.972
+1.5C,117,2018,0,0.34627655,4.8245873,766.27155,5.226251,154.72076,0.05,5.5072765,1161.765
+1.5C,117,2019,0,0.36544344,4.6444592,781.15735,5.023432,151.38722,0.05,5.3049755,1137.162
+1.5C,118,2015,0,0.4461043,5.2209144,1179.1233,5.7694397,182.6564,0.05,6.088034,1379.0265
+1.5C,118,2016,0,0.40516385,7.0002728,1078.9136,7.4470215,196.21562,0.05,7.848481,1473.983
+1.5C,118,2017,0,0.5176245,5.50193,1415.3239,6.041542,194.18237,0.05,6.3711514,1459.7743
+1.5C,118,2018,0,0.38269356,5.324651,1034.1683,5.670297,185.88617,0.05,5.967113,1402.7749
+1.5C,118,2019,0,0.46377227,5.430782,1325.7847,5.9083247,200.92657,0.05,6.236808,1509.4784
+1.5C,119,2015,0,0.3678329,6.6013603,1123.1956,7.147182,227.52754,0.05,7.5957193,1702.7628
+1.5C,119,2016,0,0.37876934,6.4946685,1184.2703,7.175991,226.80156,0.05,7.6321707,1697.4592
+1.5C,119,2017,0,0.38531142,5.494398,1284.7975,6.2130604,219.48305,0.05,6.6312423,1650.3242
+1.5C,119,2018,0,0.33098763,7.5124083,905.4974,8.15646,213.36108,0.05,8.637067,1606.0165
+1.5C,119,2019,0,0.33910605,7.3232822,970.21765,7.892318,216.50116,0.05,8.35622,1628.4066
+1.5C,120,2015,0,0.22827008,4.500802,477.60654,4.802424,147.19797,0.05,5.1042223,1127.5217
+1.5C,120,2016,0,0.24799566,4.434253,529.2434,4.7876472,147.29243,0.05,5.076766,1128.418
+1.5C,120,2017,0,0.24183379,4.3533354,556.6329,4.6351395,156.37169,0.05,4.9272747,1187.7004
+1.5C,120,2018,0,0.26442394,4.660016,573.7532,4.9671106,150.50204,0.05,5.2724943,1150.4811
+1.5C,120,2019,0,0.22153726,4.6535435,476.41306,4.856431,146.85582,0.05,5.147479,1122.5437
+1.5C,121,2015,0,0.30096546,4.6723123,612.9877,4.8507185,140.21965,0.05,5.0616446,1043.1029
+1.5C,121,2016,0,0.27987796,4.5865765,589.4143,4.7868595,137.3678,0.05,4.957451,1025.595
+1.5C,121,2017,0,0.26668242,4.3458233,520.9433,4.5004015,129.53163,0.05,4.678026,973.90063
+1.5C,121,2018,0,0.2754243,4.468163,575.0168,4.595232,140.97154,0.05,4.7747397,1051.5018
+1.5C,121,2019,0,0.2723356,4.7300363,582.84705,4.966168,139.40045,0.05,5.1554027,1038.898
+1.5C,122,2015,0,0.39414755,4.764108,961.9558,4.862421,191.60847,0.05,5.1197352,1431.265
+1.5C,122,2016,0,0.3913494,3.8569894,1048.0184,4.1230745,193.22777,0.05,4.3668823,1447.3452
+1.5C,122,2017,0,0.355169,4.1707006,852.2781,4.4021297,188.65097,0.05,4.6490593,1415.8903
+1.5C,122,2018,0,0.32230327,6.458796,685.948,6.5134706,183.93716,0.05,6.7670765,1381.7542
+1.5C,122,2019,0,0.4414344,3.6302767,1125.3462,3.8743982,195.09831,0.05,4.08934,1460.5559
+1.5C,123,2015,0,0.4918631,7.225754,1779.9672,8.078222,241.62445,0.05,8.662412,1805.2765
+1.5C,123,2016,0,0.51181716,6.3197017,1868.7651,7.32256,236.84927,0.05,7.8294897,1772.4832
+1.5C,123,2017,0,0.5253923,5.988351,1892.6016,6.937576,233.11835,0.05,7.4141445,1747.329
+1.5C,123,2018,0,0.45198375,6.665594,1600.7861,7.533935,230.65317,0.05,8.050031,1728.4218
+1.5C,123,2019,0,0.4005921,7.454089,1452.2462,8.26325,239.20345,0.05,8.843888,1786.7355
+1.5C,124,2015,0,0.5696214,5.615935,1597.9285,6.8967648,177.22598,0.05,7.3391767,1361.637
+1.5C,124,2016,0,0.56993306,5.3454766,1621.6722,6.6973395,179.27591,0.05,7.136977,1377.1335
+1.5C,124,2017,0,0.57712126,5.396603,1556.5111,6.701588,170.64868,0.05,7.1275115,1314.3777
+1.5C,124,2018,0,0.548963,5.3727255,1509.1298,6.740913,172.94344,0.05,7.176543,1331.2604
+1.5C,124,2019,0,0.48179498,6.176808,1300.7046,7.391348,173.52759,0.05,7.8533764,1333.584
+1.5C,125,2015,0,0.3162024,6.151404,597.3933,6.490083,140.55583,0.05,6.8167944,1058.356
+1.5C,125,2016,0,0.28133893,6.870772,587.43555,7.1491337,154.98499,0.05,7.483594,1155.1807
+1.5C,125,2017,0,0.3235771,5.807822,685.2889,6.19909,153.17152,0.05,6.5105715,1147.5487
+1.5C,125,2018,0,0.28561902,3.065579,582.7367,3.2052548,145.9036,0.05,3.349584,1098.8501
+1.5C,125,2019,0,0.32132417,4.952148,654.0944,5.239137,143.51474,0.05,5.50432,1083.6979
+1.5C,126,2015,0,0.54453593,3.866904,1560.8285,4.903987,166.68114,0.05,5.219846,1285.9952
+1.5C,126,2016,0,0.5286064,4.391254,1511.49,5.462779,167.59172,0.05,5.8183155,1293.089
+1.5C,126,2017,0,0.5428088,4.1821537,1497.8387,5.26736,161.98587,0.05,5.5954914,1250.7094
+1.5C,126,2018,0,0.44668448,4.8657637,1241.4287,5.8830156,164.71304,0.05,6.2694564,1270.027
+1.5C,126,2019,0,0.3502746,4.686873,965.88904,5.379194,162.09286,0.05,5.7306404,1251.0098
+1.5C,127,2015,0,0.5960493,4.4399366,1734.9791,5.2253003,180.98114,0.05,5.50447,1396.6641
+1.5C,127,2016,0,0.59240884,5.0967646,1784.2401,5.9150734,193.04669,0.05,6.2688866,1479.2362
+1.5C,127,2017,0,0.59054846,4.861968,1663.3816,5.7196016,179.82033,0.05,6.0793943,1382.7782
+1.5C,127,2018,0,0.5894687,5.2065835,1663.4136,6.0251784,179.81941,0.05,6.349532,1382.9121
+1.5C,127,2019,0,0.5580014,5.5008874,1573.7572,6.459179,179.04672,0.05,6.822526,1383.2522
+1.5C,128,2015,0,0.5528268,4.1304708,1550.827,5.1115766,170.44835,0.05,5.4364953,1310.0719
+1.5C,128,2016,0,0.55705494,3.9333823,1530.18,4.9722686,166.05693,0.05,5.296589,1280.7354
+1.5C,128,2017,0,0.5639369,4.1246543,1561.6492,5.140047,168.37662,0.05,5.475756,1295.8462
+1.5C,128,2018,0,0.5167388,4.1150703,1413.5077,5.082805,166.96565,0.05,5.409459,1285.0187
+1.5C,128,2019,0,0.3299206,5.4304037,925.9816,6.0619307,171.7249,0.05,6.4557066,1317.6765
+1.5C,129,2015,0,0.2501439,8.231677,569.5256,8.742135,164.84583,0.05,9.294907,1247.9221
+1.5C,129,2016,0,0.31088585,7.4122863,765.7973,7.9791007,178.48192,0.05,8.444377,1346.6167
+1.5C,129,2017,0,0.2745114,7.233638,653.6217,7.5998054,169.0919,0.05,7.972673,1279.2197
+1.5C,129,2018,0,0.27001974,7.6052346,637.2747,8.063862,170.03148,0.05,8.511037,1283.4106
+1.5C,129,2019,0,0.2746554,6.8774457,688.0752,7.163509,177.77916,0.05,7.5206127,1337.9424
+1.5C,130,2015,0,0.2577337,5.610324,681.6583,5.9063993,189.96138,0.05,6.1444054,1442.5316
+1.5C,130,2016,0,0.30794385,5.3745136,926.1773,5.729951,205.68794,0.05,5.979902,1557.1224
+1.5C,130,2017,0,0.30004367,4.9399467,790.57965,5.36613,188.00958,0.05,5.5973964,1424.9653
+1.5C,130,2018,0,0.27169943,5.2003727,734.7096,5.540231,192.34888,0.05,5.8453584,1457.0221
+1.5C,130,2019,0,0.26734143,5.5760884,709.1565,5.921583,195.62785,0.05,6.2760324,1477.2518
+1.5C,131,2015,0,0.274934,3.5879,558.0455,3.7476282,157.65596,0.05,3.9643319,1172.141
+1.5C,131,2016,0,0.2837144,5.203868,568.8014,5.488361,153.74428,0.05,5.729093,1146.9359
+1.5C,131,2017,0,0.2814845,5.190322,563.1034,5.357687,159.98476,0.05,5.600862,1193.853
+1.5C,131,2018,0,0.25866926,5.044106,511.80362,5.257133,152.8302,0.05,5.461037,1142.0197
+1.5C,131,2019,0,0.24698311,6.003505,514.20886,6.3097396,158.38377,0.05,6.6399245,1188.4645
+1.5C,132,2015,0,0.1295508,5.7227974,237.89197,5.698465,154.3045,0.05,6.090128,1172.8696
+1.5C,132,2016,0,0.15059237,5.9706593,300.19403,5.9769573,162.16418,0.05,6.3946986,1228.9142
+1.5C,132,2017,0,0.14546141,5.7410455,307.4217,5.7632575,160.57391,0.05,6.15917,1216.0668
+1.5C,132,2018,0,0.1626218,5.9396825,356.65964,5.9796033,171.27979,0.05,6.3982296,1292.8184
+1.5C,132,2019,0,0.13143006,5.3939586,250.74442,5.380146,157.46278,0.05,5.7519526,1190.6611
+1.5C,133,2015,0,0.3501574,5.719386,976.16125,6.1409173,212.52985,0.05,6.451536,1593.8517
+1.5C,133,2016,0,0.38477367,4.9563003,1139.9233,5.393219,221.3689,0.05,5.646779,1653.079
+1.5C,133,2017,0,0.38530928,3.702026,1190.7025,4.1390977,208.28307,0.05,4.3742857,1565.1941
+1.5C,133,2018,0,0.3360976,6.112866,898.8052,6.673749,207.66113,0.05,7.0677757,1562.5293
+1.5C,133,2019,0,0.32847264,6.5834804,891.639,7.0309567,211.18283,0.05,7.400448,1588.0072
+1.5C,134,2015,0,0.22809444,4.502726,371.68283,4.8763456,115.08085,0.05,5.200289,875.6061
+1.5C,134,2016,0,0.2436206,5.1244483,385.53506,5.506799,114.474815,0.05,5.793959,872.0931
+1.5C,134,2017,0,0.24825962,5.613669,416.15555,5.9660487,126.28555,0.05,6.3097744,949.09595
+1.5C,134,2018,0,0.24525519,5.1100483,405.56088,5.4950514,119.926094,0.05,5.8012295,908.2285
+1.5C,134,2019,0,0.23468944,5.446855,389.2556,5.6278515,129.71887,0.05,5.9133306,974.8686
+1.5C,135,2015,0,0.2879751,8.277502,546.3143,9.011372,153.47578,0.05,9.558534,1161.4246
+1.5C,135,2016,0,0.37239465,7.2608385,711.82666,7.967135,156.57065,0.05,8.374642,1184.911
+1.5C,135,2017,0,0.25233802,7.7228813,491.14783,8.082761,154.24484,0.05,8.471196,1165.8993
+1.5C,135,2018,0,0.35386023,7.6953645,699.6939,8.398136,157.04948,0.05,8.772068,1188.995
+1.5C,135,2019,0,0.32598862,7.314473,654.02295,7.956841,160.4189,0.05,8.383164,1207.8168
+1.5C,136,2015,0,0.31270793,4.926244,678.1862,5.1646023,146.42348,0.05,5.3938293,1087.0269
+1.5C,136,2016,0,0.2960389,4.912703,656.10657,5.315304,144.90318,0.05,5.587045,1077.9143
+1.5C,136,2017,0,0.37776333,3.7203016,818.3142,4.0955696,138.76839,0.05,4.282991,1039.8771
+1.5C,136,2018,0,0.2841945,4.7476687,598.54535,4.9723887,138.80101,0.05,5.1907945,1040.095
+1.5C,136,2019,0,0.3262885,4.504906,673.83856,4.830803,136.6266,0.05,5.0627146,1028.7693
+1.5C,137,2015,0,0.46368375,6.941018,1391.7133,7.860898,205.7903,0.05,8.283216,1540.8442
+1.5C,137,2016,0,0.45630336,6.9424634,1374.6921,7.7991195,210.0386,0.05,8.293069,1568.6973
+1.5C,137,2017,0,0.24510777,8.327551,683.36707,8.760569,194.21724,0.05,9.332663,1455.702
+1.5C,137,2018,0,0.47495663,6.663752,1452.3885,7.3819976,217.96353,0.05,7.8421354,1617.7552
+1.5C,137,2019,0,0.45641136,6.6435556,1384.8319,7.4617505,207.809,0.05,7.8902426,1552.9371
+1.5C,138,2015,0,0.28204173,7.401462,681.7098,7.833432,188.87782,0.05,8.216511,1426.4568
+1.5C,138,2016,0,0.319626,6.3900237,804.63104,6.8032274,196.85413,0.05,7.1287255,1485.5137
+1.5C,138,2017,0,0.2954729,6.625451,758.63684,7.054596,187.7884,0.05,7.4138513,1421.2952
+1.5C,138,2018,0,0.27216262,6.303087,662.6199,6.7268934,182.4275,0.05,7.09629,1380.8007
+1.5C,138,2019,0,0.30573052,6.4609265,775.9574,6.851166,193.50294,0.05,7.2116537,1457.5527
+1.5C,139,2015,0,0.27097294,5.7168436,857.48254,6.1512322,190.84424,0.05,6.5054703,1436.8069
+1.5C,139,2016,0,0.25050956,6.4684505,757.7666,6.8184733,189.3052,0.05,7.2078476,1426.151
+1.5C,139,2017,0,0.3157724,5.368621,963.39435,5.8059363,188.73566,0.05,6.1274056,1420.652
+1.5C,139,2018,0,0.25581867,5.9246454,783.45917,6.2832527,188.15857,0.05,6.649001,1419.86
+1.5C,139,2019,0,0.2672044,6.242838,829.9467,6.610238,194.84138,0.05,6.993542,1462.3235
+1.5C,140,2015,0,0.3193022,6.7205067,629.06726,7.038291,149.03296,0.05,7.373086,1116.6909
+1.5C,140,2016,0,0.30557266,6.0138106,645.19385,6.3727612,153.70476,0.05,6.6782494,1149.2354
+1.5C,140,2017,0,0.377086,5.191469,843.64056,5.6441503,158.24268,0.05,5.9344234,1187.6157
+1.5C,140,2018,0,0.2821298,0.20545597,562.2989,0.21455035,144.07356,0.05,0.22403759,1090.9108
+1.5C,140,2019,0,0.33527866,5.341421,711.7746,5.624632,153.89055,0.05,5.910603,1156.8917
+1.5C,141,2015,0,0.5897132,3.9979749,1693.9829,4.722258,180.86176,0.05,5.0130167,1390.1313
+1.5C,141,2016,0,0.5806997,4.5395536,1699.7789,5.238824,188.47324,0.05,5.5556693,1445.7203
+1.5C,141,2017,0,0.58999586,3.9615521,1700.4133,4.6609764,182.12497,0.05,4.962597,1397.3445
+1.5C,141,2018,0,0.57775825,4.324177,1621.1198,5.0997066,178.03981,0.05,5.4159203,1370.1014
+1.5C,141,2019,0,0.4990952,5.32082,1336.9293,6.123208,173.33507,0.05,6.467929,1339.6351
+1.5C,142,2015,0,0.3997577,4.011821,1227.6766,4.429374,204.31857,0.05,4.6656985,1534.8339
+1.5C,142,2016,0,0.40525788,4.03143,1213.6469,4.4654574,200.11882,0.05,4.718793,1505.8809
+1.5C,142,2017,0,0.35341758,5.044584,988.8204,5.4636793,193.07756,0.05,5.7239923,1454.5402
+1.5C,142,2018,0,0.38555732,5.6426044,1080.2196,6.15946,203.8366,0.05,6.4929643,1527.6696
+1.5C,142,2019,0,0.36001778,4.8406324,1099.9236,5.2877865,206.04677,0.05,5.5624223,1544.4485
+1.5C,143,2015,0,0.40935737,4.2188654,752.1451,4.694465,127.45444,0.05,4.920529,958.9312
+1.5C,143,2016,0,0.2834787,5.200463,503.73984,5.485907,122.393906,0.05,5.7136292,926.31226
+1.5C,143,2017,0,0.25862145,5.785124,483.5078,6.128104,128.06256,0.05,6.4155836,968.5295
+1.5C,143,2018,0,0.25130185,5.5346437,481.21112,5.9274554,133.34494,0.05,6.331881,995.7252
+1.5C,143,2019,0,0.3074768,4.900703,562.2196,5.200869,123.55853,0.05,5.400454,930.3292
+1.5C,144,2015,0,0.37965652,3.782486,1259.0234,4.091014,207.75546,0.05,4.3110776,1555.9281
+1.5C,144,2016,0,0.34121653,3.3697138,1164.1196,3.583754,208.91628,0.05,3.7952497,1561.7286
+1.5C,144,2017,0,0.3919768,2.8221903,1344.898,3.000828,212.13051,0.05,3.194685,1578.727
+1.5C,144,2018,0,0.38616636,2.6095428,1351.407,2.8048413,213.93167,0.05,2.9855819,1594.4688
+1.5C,144,2019,0,0.41164547,2.7111034,1462.1879,2.954843,218.06918,0.05,3.143416,1625.2681
+1.5C,145,2015,0,0.3523442,5.0594444,1129.8419,5.477635,216.46597,0.05,5.811146,1614.0536
+1.5C,145,2016,0,0.36040246,5.0644073,1158.9014,5.569518,217.18085,0.05,5.901032,1623.2605
+1.5C,145,2017,0,0.39083925,3.3676372,1318.4415,3.8502653,210.31758,0.05,4.10783,1573.3369
+1.5C,145,2018,0,0.28127486,5.9991975,886.11163,6.4102163,214.21967,0.05,6.79753,1599.5929
+1.5C,145,2019,0,0.29624557,6.159724,909.61255,6.521303,215.96489,0.05,6.890441,1609.5496
+1.5C,146,2015,0,0.4346832,4.3288665,829.01373,4.824733,132.12802,0.05,5.0474834,995.71924
+1.5C,146,2016,0,0.31519774,5.8371754,599.2099,6.339248,130.00278,0.05,6.618537,986.88776
+1.5C,146,2017,0,0.37344605,5.065894,736.5886,5.478039,136.41002,0.05,5.7122145,1027.9374
+1.5C,146,2018,0,0.36722913,5.5087504,760.24457,5.8702893,146.3638,0.05,6.113242,1094.148
+1.5C,146,2019,0,0.33529472,5.704825,653.44476,6.145866,138.48505,0.05,6.4267626,1039.1635
+1.5C,147,2015,0,0.36654264,4.6448298,1019.211,5.0716643,181.70233,0.05,5.334559,1374.7484
+1.5C,147,2016,0,0.2802621,6.337189,751.8388,6.777151,182.2398,0.05,7.1536794,1376.0934
+1.5C,147,2017,0,0.3257426,5.7404895,907.03644,6.171086,188.86798,0.05,6.4861865,1422.8646
+1.5C,147,2018,0,0.3492072,5.1865067,971.64105,5.6137395,188.69856,0.05,5.9014406,1420.6017
+1.5C,147,2019,0,0.32322037,5.5534906,866.2963,5.9772344,181.57222,0.05,6.2774405,1372.8678
+1.5C,148,2015,0,0.13385572,5.7379274,264.43674,5.846225,139.29279,0.05,6.201211,1075.0853
+1.5C,148,2016,0,0.14199807,5.697974,282.77872,5.8183503,137.88808,0.05,6.1819735,1065.0729
+1.5C,148,2017,0,0.14472671,6.404481,289.01196,6.5130243,143.35555,0.05,6.90332,1101.9703
+1.5C,148,2018,0,0.15738538,5.981133,324.24188,6.1543803,141.93115,0.05,6.5488296,1093.3674
+1.5C,148,2019,0,0.1408844,5.9916983,282.08206,6.085164,138.11354,0.05,6.4676943,1064.9418
+1.5C,149,2015,0,0.15186594,6.5051384,375.64777,6.573511,161.46812,0.05,7.021632,1233.4073
+1.5C,149,2016,0,0.18239042,8.292721,477.07703,8.394345,184.99664,0.05,8.981704,1405.0559
+1.5C,149,2017,0,0.1678544,7.4119406,469.89853,7.4054327,188.83286,0.05,7.9386964,1431.3064
+1.5C,149,2018,0,0.16431028,7.020743,433.09686,7.1183734,174.47069,0.05,7.6057196,1330.2324
+1.5C,149,2019,0,0.21631487,7.123797,635.9958,7.317097,194.39066,0.05,7.8318763,1470.6176
+1.5C,150,2015,0,0.31019405,6.061998,644.456,6.5993934,150.8822,0.05,6.903015,1142.8547
+1.5C,150,2016,0,0.32388142,7.3808894,616.0326,7.987894,154.90068,0.05,8.374515,1173.6459
+1.5C,150,2017,0,0.388513,5.5923924,826.0044,6.2589173,156.83797,0.05,6.6015043,1187.2072
+1.5C,150,2018,0,0.36390662,6.2290087,744.5164,6.8338695,158.18567,0.05,7.2205005,1193.1708
+1.5C,150,2019,0,0.36054656,5.2434826,784.37726,5.7037325,165.73726,0.05,6.0176487,1246.6571
+1.5C,151,2015,0,0.5651141,5.1403666,1701.8109,6.0001345,195.98598,0.05,6.405959,1484.3064
+1.5C,151,2016,0,0.5622704,5.492753,1673.5488,6.4397063,197.6864,0.05,6.8869686,1495.6576
+1.5C,151,2017,0,0.5669563,5.402032,1625.8414,6.3044367,190.26532,0.05,6.7388806,1440.5323
+1.5C,151,2018,0,0.5019899,5.8676734,1435.5963,6.777234,191.88672,0.05,7.2207475,1453.3643
+1.5C,151,2019,0,0.41499135,6.5485406,1185.5935,7.3149786,190.12605,0.05,7.785466,1443.0739
+1.5C,152,2015,0,0.36587307,4.9732757,689.49835,5.4676237,146.96198,0.05,5.757016,1107.0919
+1.5C,152,2016,0,0.3857245,6.7309566,660.7715,7.061447,154.0472,0.05,7.376808,1155.7052
+1.5C,152,2017,0,0.39225343,5.3334813,745.8227,5.722223,148.70796,0.05,5.994476,1119.8445
+1.5C,152,2018,0,0.34965825,6.1290083,648.6647,6.4950495,151.68065,0.05,6.798726,1139.2009
+1.5C,152,2019,0,0.35004458,5.042915,690.3881,5.24679,157.82306,0.05,5.50135,1182.7987
+1.5C,153,2015,0,0.35224277,4.5199795,616.82135,4.8972554,122.06516,0.05,5.0951586,922.061
+1.5C,153,2016,0,0.24506195,5.0977473,433.26773,5.4796367,120.2829,0.05,5.8550134,908.7869
+1.5C,153,2017,0,0.22369686,5.415628,405.90985,5.7544346,121.69583,0.05,6.1480923,922.22314
+1.5C,153,2018,0,0.22783285,4.8456287,447.03778,5.1972876,129.11584,0.05,5.552615,965.7902
+1.5C,153,2019,0,0.24043001,5.163716,406.41183,5.562363,116.369385,0.05,5.938138,880.66736
+1.5C,154,2015,0,0.5885178,4.3223004,1684.6469,5.079319,181.24379,0.05,5.3888845,1398.8783
+1.5C,154,2016,0,0.5876626,4.81808,1757.9426,5.5325317,193.2164,0.05,5.8714533,1482.2069
+1.5C,154,2017,0,0.58568776,4.7056694,1637.6072,5.4107795,181.55519,0.05,5.7569575,1395.907
+1.5C,154,2018,0,0.58102965,4.712389,1635.9431,5.5434604,179.74619,0.05,5.8952065,1384.7725
+1.5C,154,2019,0,0.5106038,5.497649,1363.011,6.3469257,173.24057,0.05,6.718875,1341.9083
+1.5C,155,2015,0,0.26673803,5.849333,409.64053,6.2305217,116.35602,0.05,6.496916,886.25616
+1.5C,155,2016,0,0.23850343,6.7210865,327.02805,7.1320086,109.58782,0.05,7.4554667,838.4788
+1.5C,155,2017,0,0.2830866,5.713554,479.49896,6.106687,130.419,0.05,6.4164944,980.77515
+1.5C,155,2018,0,0.2842752,5.680293,434.47803,6.042975,121.20067,0.05,6.3419323,915.1122
+1.5C,155,2019,0,0.27054837,5.3938336,429.94095,5.703953,126.21209,0.05,5.9843245,951.70593
+1.5C,156,2015,0,0.39112872,7.5643964,1004.8516,8.282763,186.13605,0.05,8.723538,1401.5054
+1.5C,156,2016,0,0.27517748,9.351994,705.2743,9.631488,194.21617,0.05,10.151967,1455.9619
+1.5C,156,2017,0,0.4323259,8.5076685,1145.0492,9.361194,196.44264,0.05,9.87753,1473.4437
+1.5C,156,2018,0,0.24668893,7.4376745,650.1935,7.5580907,187.5905,0.05,7.8909664,1415.2126
+1.5C,156,2019,0,0.36320716,6.9908338,1022.7157,7.4408474,198.31755,0.05,7.83744,1487.8768
+1.5C,157,2015,0,0.22558874,4.6423793,768.4308,4.7116714,214.90407,0.05,5.069634,1601.368
+1.5C,157,2016,0,0.27902743,4.2908697,921.9525,4.5328956,206.5513,0.05,4.865988,1547.4692
+1.5C,157,2017,0,0.27841267,4.522506,913.8582,4.7594013,204.23602,0.05,5.109659,1530.4308
+1.5C,157,2018,0,0.23843715,4.49199,727.67926,4.6831975,192.88257,0.05,5.0207653,1448.8346
+1.5C,157,2019,0,0.14495206,4.736545,483.0964,4.7448783,204.76668,0.05,5.081405,1528.0295
+1.5C,158,2015,0,0.33527678,10.225407,1042.3538,10.833874,229.90604,0.05,11.599273,1701.1462
+1.5C,158,2016,0,0.2719734,9.926659,801.94415,10.2935705,219.03949,0.05,11.013393,1625.4756
+1.5C,158,2017,0,0.37337792,9.379318,1173.1587,10.064262,227.86006,0.05,10.794443,1690.49
+1.5C,158,2018,0,0.2781387,10.157559,840.47705,10.650252,221.84502,0.05,11.401872,1646.2526
+1.5C,158,2019,0,0.360468,9.670839,1063.2605,10.346303,218.82776,0.05,11.067822,1624.7964
+1.5C,159,2015,0,0.48933342,7.982265,1239.5399,9.196874,203.64696,0.05,9.738237,1526.9264
+1.5C,159,2016,0,0.49788958,7.7478065,1252.9617,8.902199,207.42433,0.05,9.427928,1552.1931
+1.5C,159,2017,0,0.5093299,7.336975,1314.4563,8.415589,193.80038,0.05,8.856772,1456.9248
+1.5C,159,2018,0,0.43347377,7.1225443,1098.7944,8.089415,192.08058,0.05,8.558929,1444.2772
+1.5C,159,2019,0,0.460206,7.9247,1145.0756,9.0248575,196.0756,0.05,9.54655,1472.0403
+1.5C,160,2015,1,0.4680412,3.8129454,1402.0496,4.2046576,339.46198,0.1,4.5807576,1280.0793
+1.5C,160,2016,1,0.40837187,4.1448536,1212.326,4.441254,330.94754,0.1,4.8152213,1248.5349
+1.5C,160,2017,1,0.44970587,2.523821,1417.1809,2.7313352,345.25623,0.1,2.9044044,1298.1752
+1.5C,160,2018,1,0.47160986,2.682956,1437.592,2.9980323,341.81885,0.1,3.2675717,1285.0518
+1.5C,160,2019,1,0.37937608,3.1414356,1166.2919,3.393098,336.56653,0.1,3.7323413,1267.8702
+1.5C,161,2015,1,0.12090501,2.4826903,290.91754,2.4353673,255.88216,0.1,2.676465,997.6323
+1.5C,161,2016,1,0.10612323,2.9105191,273.63864,2.8104587,274.5196,0.1,3.0841608,1064.4081
+1.5C,161,2017,1,0.0868403,2.570237,215.46092,2.4490871,259.75674,0.1,2.7331848,1010.6743
+1.5C,161,2018,1,0.10328828,2.7372782,256.1807,2.6413908,260.15436,0.1,2.961718,1011.0663
+1.5C,161,2019,1,0.09310397,3.0081997,216.25688,2.8477337,248.43208,0.1,3.199956,970.9132
+1.5C,162,2015,1,0.5348,1.2359389,1842.018,0.74977875,372.39365,0.1,0.6762528,1444.8688
+1.5C,162,2016,1,0.40989542,0.8768235,1430.1115,0.6199883,364.7177,0.1,0.5349101,1418.2645
+1.5C,162,2017,1,0.23876104,5.045315,780.22656,5.0430984,354.44785,0.1,5.335519,1381.4498
+1.5C,162,2018,1,0.34589794,4.9041505,1129.1954,4.9185944,360.73328,0.1,5.0589633,1402.0219
+1.5C,162,2019,1,0.48726386,2.7667198,1655.5862,2.409501,374.5983,0.1,2.2386942,1452.6912
+1.5C,163,2015,1,0.42836088,5.486588,1453.3081,6.0586457,390.45404,0.1,6.7676587,1507.4268
+1.5C,163,2016,1,0.53227323,4.4844704,1856.0293,5.127016,398.5316,0.1,5.6962905,1536.7523
+1.5C,163,2017,1,0.38163653,5.167638,1288.2046,5.696995,377.44116,0.1,6.351462,1462.2484
+1.5C,163,2018,1,0.58251405,4.015214,2021.0621,4.472513,401.63058,0.1,4.87107,1546.158
+1.5C,163,2019,1,0.22900374,5.852647,774.7318,5.960091,376.516,0.1,6.7257833,1457.251
+1.5C,164,2015,1,0.59901595,0.21248174,2016.0396,0.17792155,368.80414,0.1,0.16598538,1406.8701
+1.5C,164,2016,1,0.59942204,0.08705696,2026.504,0.05450263,366.4805,0.1,0.05085793,1405.3373
+1.5C,164,2017,1,0.59940016,0.18248641,1989.9138,0.15774684,360.01093,0.1,0.14964634,1378.9945
+1.5C,164,2018,1,0.5989653,0.32463807,1988.3567,0.27507034,361.70123,0.1,0.26064828,1384.1892
+1.5C,164,2019,1,0.5986937,0.115969464,1922.0951,0.076212764,346.5198,0.1,0.067586355,1331.6433
+1.5C,165,2015,1,0.25112268,6.2733026,532.3553,6.3764086,246.90718,0.1,7.0273957,963.497
+1.5C,165,2016,1,0.17562848,5.05504,388.09335,4.9734178,250.09575,0.1,5.3506627,971.1201
+1.5C,165,2017,1,0.26385912,4.328007,604.0663,4.450052,259.13742,0.1,4.829241,1002.2216
+1.5C,165,2018,1,0.44198114,3.5149436,971.56384,3.7410102,251.52571,0.1,4.0242605,976.4789
+1.5C,165,2019,1,0.49000677,3.2250783,1182.5421,3.6014917,275.83865,0.1,3.9451044,1066.6171
+1.5C,166,2015,1,0.47567943,2.9285805,1481.252,3.177423,355.9585,0.1,3.414219,1377.6075
+1.5C,166,2016,1,0.41430238,3.5048373,1322.6321,3.8342152,364.54956,0.1,4.2593184,1405.7917
+1.5C,166,2017,1,0.4591147,3.3940501,1427.9579,3.7565808,351.7675,0.1,4.024319,1360.9502
+1.5C,166,2018,1,0.47863835,2.4626105,1475.6334,2.5922184,352.9678,0.1,2.8052936,1364.5001
+1.5C,166,2019,1,0.2979697,3.5389178,875.00244,3.7225246,322.32843,0.1,4.0318313,1252.6368
+1.5C,167,2015,1,0.09641872,5.9086814,307.65494,5.60684,345.628,0.1,6.296008,1342.8138
+1.5C,167,2016,1,0.1001907,5.9054213,311.06192,5.623606,337.5667,0.1,6.3244567,1310.3075
+1.5C,167,2017,1,0.09060012,6.0474653,280.853,5.7044272,338.07864,0.1,6.4186277,1313.8665
+1.5C,167,2018,1,0.07002791,6.055606,213.13945,5.6567698,334.50647,0.1,6.3075795,1297.5092
+1.5C,167,2019,1,0.0902006,5.762393,291.49304,5.481665,352.49924,0.1,6.060045,1364.907
+1.5C,168,2015,1,0.28885254,4.119739,824.6916,4.2358155,321.9353,0.1,4.7811217,1210.7306
+1.5C,168,2016,1,0.24036084,4.1486444,655.5322,4.1446223,306.6176,0.1,4.701227,1156.0833
+1.5C,168,2017,1,0.26773268,4.0427494,793.92413,4.0925856,333.31653,0.1,4.634365,1251.546
+1.5C,168,2018,1,0.22675887,3.7129624,638.22485,3.7399676,305.2701,0.1,4.236813,1154.7212
+1.5C,168,2019,1,0.1841099,3.628988,539.12646,3.5763166,316.98688,0.1,4.061823,1189.2748
+1.5C,169,2015,1,0.54508376,4.2359915,1729.2959,4.1884665,360.2422,0.1,4.277728,1397.961
+1.5C,169,2016,1,0.13547397,7.7011194,428.40012,7.415289,356.56992,0.1,8.2207575,1384.9248
+1.5C,169,2017,1,0.10279946,8.098739,316.85358,7.663715,348.28632,0.1,8.629342,1354.0679
+1.5C,169,2018,1,0.111225285,7.470091,350.13797,7.1366377,351.4082,0.1,7.9462714,1364.6859
+1.5C,169,2019,1,0.1393726,7.3425055,450.26996,7.1782627,361.20444,0.1,7.9235096,1400.2227
+1.5C,170,2015,1,0.24767862,6.6730223,839.3703,6.8189673,386.0719,0.1,7.694209,1493.5834
+1.5C,170,2016,1,0.4062916,6.084234,1372.7217,6.7120185,389.71625,0.1,7.4102173,1507.5331
+1.5C,170,2017,1,0.52703166,4.9308224,1742.5372,5.6632957,386.83002,0.1,6.225463,1496.6669
+1.5C,170,2018,1,0.2601717,5.8325877,899.8513,5.997233,390.17905,0.1,6.6066213,1508.3005
+1.5C,170,2019,1,0.3230628,6.121061,1119.012,6.4980927,394.99686,0.1,7.191187,1526.5923
+1.5C,171,2015,1,0.3138394,5.5437865,670.4983,5.757939,247.59564,0.1,6.2790294,965.69257
+1.5C,171,2016,1,0.21434335,5.0488973,471.51572,5.0280137,250.98813,0.1,5.401849,974.2727
+1.5C,171,2017,1,0.29936633,4.095453,682.9416,4.2526455,258.67593,0.1,4.59339,1000.6146
+1.5C,171,2018,1,0.48131165,3.1882477,1050.4529,3.4351423,249.80551,0.1,3.693827,970.3605
+1.5C,171,2019,1,0.5260836,2.970916,1249.4657,3.3546622,272.26532,0.1,3.6814299,1053.5677
+1.5C,172,2015,1,0.21222843,3.2155163,449.0141,3.3131897,227.22827,0.1,3.6903446,890.5663
+1.5C,172,2016,1,0.19912483,3.4730155,407.67593,3.489584,225.00572,0.1,3.9078002,876.4172
+1.5C,172,2017,1,0.17606157,3.7099676,382.56396,3.6857748,237.55907,0.1,4.138217,924.1974
+1.5C,172,2018,1,0.38894954,3.1375341,824.99603,3.542593,234.74348,0.1,3.9096878,913.8416
+1.5C,172,2019,1,0.27064818,3.1980162,601.03406,3.3791504,242.58069,0.1,3.7636566,941.065
+1.5C,173,2015,1,0.5734528,2.453673,1670.2262,2.5819979,328.8417,0.1,2.7233522,1273.4443
+1.5C,173,2016,1,0.39471254,3.7751477,1133.1769,4.0023866,322.72574,0.1,4.407002,1252.1399
+1.5C,173,2017,1,0.55907726,2.465297,1610.7963,2.694506,319.64716,0.1,2.8472135,1241.308
+1.5C,173,2018,1,0.56781995,2.6610918,1699.2993,2.8735766,336.3053,0.1,3.03408,1301.8392
+1.5C,173,2019,1,0.3969351,2.9374003,1093.0542,3.1732047,298.94388,0.1,3.4232635,1164.0435
+1.5C,174,2015,1,0.34621087,3.547612,950.8342,3.8700416,300.79648,0.1,4.2542906,1152.7633
+1.5C,174,2016,1,0.26466855,4.3179955,749.4107,4.463283,309.8576,0.1,4.955471,1187.0916
+1.5C,174,2017,1,0.19981909,3.9527104,573.9211,3.9691284,308.05405,0.1,4.4279413,1175.1248
+1.5C,174,2018,1,0.25858632,3.179169,770.4478,3.1681426,326.65067,0.1,3.509182,1241.847
+1.5C,174,2019,1,0.2532356,3.8033133,722.8775,3.949137,308.66168,0.1,4.355514,1177.6034
+1.5C,175,2015,1,0.2601642,5.1634674,581.2925,5.3091493,253.51796,0.1,5.8617415,984.32715
+1.5C,175,2016,1,0.35970306,3.8591058,824.3922,4.125508,259.9995,0.1,4.514289,1006.48456
+1.5C,175,2017,1,0.3021892,2.7371008,749.8105,2.8394294,270.85736,0.1,3.068657,1044.8223
+1.5C,175,2018,1,0.33399084,3.9937823,778.2656,4.1839604,262.98373,0.1,4.5163827,1016.67017
+1.5C,175,2019,1,0.5700393,1.753737,1417.3704,2.017762,273.7713,0.1,2.1703064,1059.1365
+1.5C,176,2015,1,0.15706353,2.768063,304.32025,2.7753165,206.27486,0.1,3.1110604,811.8387
+1.5C,176,2016,1,0.14148365,3.166031,279.5292,3.1011095,214.61984,0.1,3.4884963,842.1301
+1.5C,176,2017,1,0.12726665,2.9106348,262.98355,2.827664,222.48059,0.1,3.1788583,872.4823
+1.5C,176,2018,1,0.16010883,3.2947514,321.62463,3.2588193,217.84216,0.1,3.6685443,854.39813
+1.5C,176,2019,1,0.11702971,2.9363759,248.07907,2.82738,227.37344,0.1,3.1809661,886.43945
+1.5C,177,2015,1,0.5994776,0.9872632,2105.4004,0.53902644,387.25378,0.1,0.43261418,1493.0281
+1.5C,177,2016,1,0.59697145,4.277098,1834.0908,2.8942802,360.03174,0.1,2.6227467,1397.7133
+1.5C,177,2017,1,0.46819028,8.723548,1392.0446,8.914059,365.2034,0.1,9.071356,1415.0735
+1.5C,177,2018,1,0.39514166,8.555077,1165.074,9.248902,375.34662,0.1,9.966436,1448.5951
+1.5C,177,2019,1,0.3844128,7.757244,1219.3208,8.28726,390.41287,0.1,8.844806,1506.4711
+1.5C,178,2015,1,0.2944542,4.5104403,984.37946,4.8208513,372.40942,0.1,5.455131,1437.6288
+1.5C,178,2016,1,0.27729923,4.776767,933.95966,5.036079,376.59824,0.1,5.6825576,1452.1815
+1.5C,178,2017,1,0.26406682,4.9248767,874.8974,5.0902133,371.45404,0.1,5.711376,1434.7949
+1.5C,178,2018,1,0.2963399,4.874282,985.07965,5.175518,373.83258,0.1,5.8217793,1442.1177
+1.5C,178,2019,1,0.3173968,4.3818684,1089.7286,4.7845244,381.92288,0.1,5.406384,1469.8828
+1.5C,179,2015,1,0.5622823,2.7565703,1619.2882,2.9244123,326.95282,0.1,3.0658221,1266.9104
+1.5C,179,2016,1,0.44112918,3.4280243,1263.9445,3.5787573,323.3194,0.1,3.876433,1254.5118
+1.5C,179,2017,1,0.53459674,3.3131495,1517.3488,3.5928035,320.66516,0.1,3.7485952,1246.1748
+1.5C,179,2018,1,0.5817755,2.0008657,1751.0797,2.1048605,336.03323,0.1,2.1462402,1301.6613
+1.5C,179,2019,1,0.42358643,2.7394714,1168.9408,2.9137735,300.68845,0.1,3.1034138,1171.0364
+1.5C,180,2015,1,0.5862474,2.5093477,1699.4448,2.7967777,325.39355,0.1,2.919557,1261.218
+1.5C,180,2016,1,0.43238032,3.350388,1266.0743,3.5800896,324.8194,0.1,3.7473254,1260.8384
+1.5C,180,2017,1,0.46550685,3.5905428,1319.8992,4.000827,317.05676,0.1,4.2788525,1232.578
+1.5C,180,2018,1,0.48943204,3.5711102,1427.7567,4.014588,326.766,0.1,4.3322997,1265.5414
+1.5C,180,2019,1,0.3152996,3.3619692,850.5025,3.550752,294.1175,0.1,3.7920127,1145.6287
+1.5C,181,2015,1,0.59163743,4.1695223,2015.3495,4.8964763,394.18765,0.1,5.1309896,1519.9946
+1.5C,181,2016,1,0.5864813,4.5392923,2011.1062,5.359572,400.33185,0.1,5.765041,1540.364
+1.5C,181,2017,1,0.59645647,4.158137,2013.639,4.9021106,391.6642,0.1,5.122883,1509.1482
+1.5C,181,2018,1,0.59029603,3.9765005,2027.2863,4.6718674,400.0568,0.1,4.953835,1537.7621
+1.5C,181,2019,1,0.5635858,4.446092,1948.6022,5.5482464,400.81235,0.1,6.075455,1540.2344
+1.5C,182,2015,1,0.5940764,3.597797,1960.2018,3.8021429,371.13943,0.1,3.8505719,1438.6201
+1.5C,182,2016,1,0.25134274,5.6412277,865.09174,5.7597966,375.65488,0.1,6.406115,1452.1566
+1.5C,182,2017,1,0.33643132,5.476265,1089.8602,5.8363423,359.02127,0.1,6.3962607,1394.2572
+1.5C,182,2018,1,0.47249752,4.8032107,1518.2017,5.399954,359.77524,0.1,5.930685,1394.9691
+1.5C,182,2019,1,0.2559251,3.2731636,833.2514,3.287368,343.24365,0.1,3.4667022,1335.9272
+1.5C,183,2015,1,0.17531216,5.842479,380.63818,5.756557,247.14345,0.1,6.459982,962.34015
+1.5C,183,2016,1,0.1794421,4.560714,409.14313,4.4839954,256.5374,0.1,4.900133,992.23236
+1.5C,183,2017,1,0.2594816,3.4318762,626.102,3.5036077,267.03882,0.1,3.8207695,1029.161
+1.5C,183,2018,1,0.34765315,3.6763906,800.68774,3.825042,260.78253,0.1,4.1164794,1007.95447
+1.5C,183,2019,1,0.5093012,3.1853888,1224.0597,3.576582,273.90726,0.1,3.8835213,1057.73
+1.5C,184,2015,1,0.47982585,2.8200955,1486.8428,3.0655725,359.0548,0.1,3.218831,1387.7484
+1.5C,184,2016,1,0.38522515,3.412961,1218.1182,3.7638226,358.6161,0.1,4.162847,1384.5166
+1.5C,184,2017,1,0.51330775,2.888031,1599.8218,3.3383632,353.22943,0.1,3.5083654,1366.5363
+1.5C,184,2018,1,0.4831233,1.9830223,1504.0228,2.1188102,355.83456,0.1,2.2107577,1374.8308
+1.5C,184,2019,1,0.33529624,3.34556,987.8057,3.6379216,323.5502,0.1,3.9538043,1256.8468
+1.5C,185,2015,1,0.32825765,4.9166574,881.0999,5.2440557,301.273,0.1,5.7148786,1178.9193
+1.5C,185,2016,1,0.21311602,5.683347,595.90216,5.696119,315.3713,0.1,6.325659,1229.749
+1.5C,185,2017,1,0.15548407,5.1969843,427.9128,5.1325574,300.4134,0.1,5.733746,1175.3132
+1.5C,185,2018,1,0.35473087,4.665987,1003.04144,5.0798497,314.70114,0.1,5.526971,1227.9965
+1.5C,185,2019,1,0.23125999,4.8321323,623.1851,4.9449506,296.17062,0.1,5.394379,1158.6674
+1.5C,186,2015,1,0.4058585,9.034425,1272.2504,9.536296,378.7474,0.1,10.317213,1462.011
+1.5C,186,2016,1,0.25694266,8.374233,767.49854,8.54184,347.54373,0.1,9.242517,1349.7396
+1.5C,186,2017,1,0.23782328,10.45045,693.58673,10.631975,349.13318,0.1,11.664671,1356.5366
+1.5C,186,2018,1,0.19371511,11.028633,570.17316,10.943173,358.55136,0.1,12.142958,1385.2594
+1.5C,186,2019,1,0.21080239,10.95512,641.58923,10.92153,369.15134,0.1,12.188681,1425.1307
+1.5C,187,2015,1,0.24030122,5.8492928,629.776,6.013546,293.64874,0.1,6.5115976,1151.534
+1.5C,187,2016,1,0.17111665,6.6391726,476.82535,6.5446014,315.72296,0.1,7.267682,1232.5822
+1.5C,187,2017,1,0.1193973,6.3994627,324.85587,6.1668572,301.475,0.1,6.8959236,1179.2495
+1.5C,187,2018,1,0.29181248,5.747564,820.36145,6.1154714,314.67648,0.1,6.6889496,1229.6885
+1.5C,187,2019,1,0.1821085,5.6117506,494.08618,5.584139,298.0006,0.1,6.0768394,1165.8936
+1.5C,188,2015,1,0.32921326,5.1147776,886.1858,5.470646,301.7574,0.1,5.922633,1182.9146
+1.5C,188,2016,1,0.27684146,6.021432,801.9589,6.189824,328.70465,0.1,6.7746067,1279.978
+1.5C,188,2017,1,0.20269014,6.1126804,577.33264,6.1942525,314.9191,0.1,6.8595247,1228.5698
+1.5C,188,2018,1,0.34384534,5.3227077,987.7703,5.7237577,322.95023,0.1,6.19611,1258.9512
+1.5C,188,2019,1,0.36791432,3.9710417,1031.8992,4.0819445,305.87997,0.1,4.251728,1195.0885
+1.5C,189,2015,1,0.15910368,5.6526084,491.94812,5.5414095,342.12076,0.1,6.208063,1331.5708
+1.5C,189,2016,1,0.14140582,5.6654997,432.08908,5.5422425,333.17096,0.1,6.2170835,1300.0667
+1.5C,189,2017,1,0.16720465,5.5186973,505.54926,5.483153,332.81683,0.1,6.1514583,1298.9547
+1.5C,189,2018,1,0.15634206,5.664174,489.96524,5.559014,345.08826,0.1,6.2576118,1341.9972
+1.5C,189,2019,1,0.12741162,5.369594,377.84964,5.1961956,324.08694,0.1,5.8026347,1264.4229
+1.5C,190,2015,1,0.19787446,2.5953403,470.44214,2.5764241,258.32785,0.1,2.887467,991.3523
+1.5C,190,2016,1,0.169036,2.8973653,390.56018,2.7863083,258.47913,0.1,3.143243,992.786
+1.5C,190,2017,1,0.18638088,2.8198075,430.62195,2.7631526,255.43512,0.1,3.1087558,982.25867
+1.5C,190,2018,1,0.15958332,2.6555912,392.74612,2.55903,271.10004,0.1,2.8803773,1036.4617
+1.5C,190,2019,1,0.20624052,2.6818635,490.59476,2.6343365,261.5364,0.1,2.9393,1004.6571
+1.5C,191,2015,1,0.37918672,4.950124,1030.8479,5.3369217,306.9758,0.1,5.718179,1199.1207
+1.5C,191,2016,1,0.32126603,5.7119026,924.898,5.9405737,328.2274,0.1,6.4342356,1276.904
+1.5C,191,2017,1,0.20084795,6.0804777,553.81934,6.1553392,306.07373,0.1,6.808362,1195.0615
+1.5C,191,2018,1,0.39327618,5.068022,1128.3887,5.53127,323.25937,0.1,5.954576,1258.8152
+1.5C,191,2019,1,0.431151,3.7974687,1169.9021,3.9852643,298.6782,0.1,4.1129436,1167.5488
+1.5C,192,2015,1,0.22661623,6.2531705,685.2579,6.114055,355.23862,0.1,6.68268,1346.1396
+1.5C,192,2016,1,0.21898262,5.870632,705.9856,5.7417536,362.8403,0.1,6.1917157,1378.0067
+1.5C,192,2017,1,0.5408536,2.6391299,1816.4279,2.5328531,385.66205,0.1,2.6132197,1460.6196
+1.5C,192,2018,1,0.24264908,5.863469,772.19666,5.7642975,362.4078,0.1,6.244364,1376.1425
+1.5C,192,2019,1,0.57957083,2.0815165,1997.1752,2.0476065,398.82245,0.1,2.1371224,1505.1183
+1.5C,193,2015,1,0.25130725,4.185992,814.4175,4.3111453,352.54987,0.1,4.7451787,1357.1384
+1.5C,193,2016,1,0.20320404,4.676008,669.70416,4.76023,357.77792,0.1,5.236676,1374.0089
+1.5C,193,2017,1,0.26011494,4.3772726,847.62646,4.632474,355.09543,0.1,5.114809,1364.1132
+1.5C,193,2018,1,0.28504434,4.3516355,911.4561,4.7464123,348.77844,0.1,5.257221,1344.8319
+1.5C,193,2019,1,0.25989464,4.124259,801.9665,4.170301,336.82938,0.1,4.499117,1299.935
+1.5C,194,2015,1,0.29785272,4.715229,881.614,5.000666,323.47012,0.1,5.594486,1227.2465
+1.5C,194,2016,1,0.23657435,5.0402694,675.8791,5.0662346,314.48605,0.1,5.7141614,1193.0411
+1.5C,194,2017,1,0.34467945,3.9057636,1046.753,4.188368,330.6584,0.1,4.5888886,1250.7081
+1.5C,194,2018,1,0.31358683,3.5605206,960.0906,3.748168,335.6947,0.1,4.1795626,1264.3832
+1.5C,194,2019,1,0.2651743,4.2063694,793.80347,4.3703823,323.4123,0.1,4.8269444,1223.7465
+1.5C,195,2015,1,0.18748803,4.5632367,496.29135,4.583481,289.33752,0.1,5.034177,1133.4777
+1.5C,195,2016,1,0.12294002,5.0884657,351.29684,4.9166718,311.15182,0.1,5.502842,1214.3003
+1.5C,195,2017,1,0.072729304,5.0287566,198.868,4.6884003,296.86566,0.1,5.280675,1160.0544
+1.5C,195,2018,1,0.21918713,4.8451085,634.6323,4.9565167,315.7402,0.1,5.4491034,1230.8242
+1.5C,195,2019,1,0.13273068,5.058578,365.4631,4.918322,300.57407,0.1,5.46789,1174.598
+1.5C,196,2015,1,0.08623338,4.931297,301.64905,4.538658,382.63885,0.1,5.1479416,1475.9277
+1.5C,196,2016,1,0.07121075,4.098385,242.74191,3.7996624,362.14728,0.1,4.2802825,1402.4363
+1.5C,196,2017,1,0.08867673,4.6744723,293.7667,4.3565106,360.50574,0.1,4.90196,1395.7576
+1.5C,196,2018,1,0.068292744,4.304543,241.01845,3.963095,376.90405,0.1,4.4830155,1450.8846
+1.5C,196,2019,1,0.07852327,3.830172,280.29565,3.5901966,375.57465,0.1,4.038462,1448.6683
+1.5C,197,2015,1,0.12239432,3.9550407,412.35074,3.8079345,357.74628,0.1,4.2817726,1388.961
+1.5C,197,2016,1,0.11075367,3.6265118,374.7119,3.4979591,355.6117,0.1,3.9031007,1378.5448
+1.5C,197,2017,1,0.08658463,4.0117455,289.24084,3.7728534,354.83783,0.1,4.2464023,1375.5103
+1.5C,197,2018,1,0.075218335,3.7281551,255.9165,3.492,357.0467,0.1,3.9245903,1382.484
+1.5C,197,2019,1,0.08524084,3.7878094,291.54984,3.5905838,359.19788,0.1,3.9671237,1390.848
+1.5C,198,2015,1,0.5599892,2.997688,1578.9265,3.1951256,321.27,0.1,3.371077,1246.9032
+1.5C,198,2016,1,0.4262538,3.736009,1216.8882,3.9877417,321.52466,0.1,4.3265195,1249.2545
+1.5C,198,2017,1,0.45098004,3.7873478,1249.2192,4.2118244,312.11868,0.1,4.5277567,1214.5194
+1.5C,198,2018,1,0.5741914,2.5923467,1699.1329,2.7938423,333.0958,0.1,2.8689556,1291.4818
+1.5C,198,2019,1,0.4091911,2.9814296,1119.0333,3.1611834,298.5523,0.1,3.3603716,1162.9382
+1.5C,199,2015,1,0.59946054,1.6030117,1957.2552,1.6586524,358.4777,0.1,1.7203816,1390.3483
+1.5C,199,2016,1,0.5355983,3.3432424,1654.6932,4.01375,342.89215,0.1,4.4947596,1334.2943
+1.5C,199,2017,1,0.52635425,3.6017232,1632.9471,4.175093,348.73645,0.1,4.6986103,1354.2358
+1.5C,199,2018,1,0.5825153,3.4913855,1837.9121,4.0619993,358.37003,0.1,4.5525527,1387.3478
+1.5C,199,2019,1,0.59700346,2.6105876,1970.306,2.876838,367.1352,0.1,3.170869,1422.9824
+1.5C,200,2015,1,0.24203794,3.262522,530.17847,3.4329226,229.81288,0.1,3.7165353,905.9355
+1.5C,200,2016,1,0.16049184,4.7905474,386.0707,4.712133,264.91672,0.1,5.293364,1036.4506
+1.5C,200,2017,1,0.14327899,4.669441,319.62332,4.5777755,243.42972,0.1,5.102933,958.2256
+1.5C,200,2018,1,0.2716468,4.2722054,584.0162,4.514134,237.06683,0.1,4.9851837,931.1558
+1.5C,200,2019,1,0.14780591,4.2874904,344.46442,4.24357,250.49042,0.1,4.7365975,980.2872
+1.5C,201,2015,1,0.1539951,6.6921654,421.30853,6.2565565,305.00085,0.1,7.1780796,1167.6138
+1.5C,201,2016,1,0.15896596,6.4653807,438.42218,6.0786138,308.03006,0.1,6.9637685,1180.2952
+1.5C,201,2017,1,0.19560948,6.8212852,550.34296,6.4525642,312.87268,0.1,7.4158344,1198.28
+1.5C,201,2018,1,0.16290006,6.250271,465.551,5.9798307,308.26718,0.1,6.8169518,1182.6377
+1.5C,201,2019,1,0.16731781,6.484648,463.0326,6.193281,306.454,0.1,7.0681615,1172.8876
+1.5C,202,2015,1,0.5371046,1.5794597,1344.5826,1.795328,280.8526,0.1,1.9980295,1091.7311
+1.5C,202,2016,1,0.5471234,1.4926733,1498.4945,1.7167188,306.59796,0.1,1.9209012,1186.8389
+1.5C,202,2017,1,0.5334528,1.6125581,1379.5822,1.8026724,293.2804,0.1,2.0245428,1136.9315
+1.5C,202,2018,1,0.54191583,1.2889677,1380.101,1.524874,282.72223,0.1,1.7178361,1100.101
+1.5C,202,2019,1,0.536259,1.5032154,1381.7383,1.7179396,286.66226,0.1,1.9256988,1114.0879
+1.5C,203,2015,1,0.2436282,4.8685484,634.205,5.044407,278.07346,0.1,5.5378227,1091.1267
+1.5C,203,2016,1,0.13222808,5.849029,341.5321,5.63955,286.74985,0.1,6.339907,1123.5546
+1.5C,203,2017,1,0.13239698,5.1936193,333.9279,5.068082,272.9776,0.1,5.6229043,1072.0444
+1.5C,203,2018,1,0.11382572,5.6684866,290.62262,5.43011,280.80823,0.1,5.9942994,1100.2714
+1.5C,203,2019,1,0.12199579,4.9842424,329.40256,4.822289,291.51022,0.1,5.3651776,1139.0387
+1.5C,204,2015,1,0.2330065,3.360201,660.0195,3.5146706,301.6864,0.1,3.787164,1170.7555
+1.5C,204,2016,1,0.25901863,3.0906873,765.3442,3.240878,315.1874,0.1,3.4767122,1217.92
+1.5C,204,2017,1,0.14441952,3.4783719,413.25098,3.4626544,302.6214,0.1,3.7746062,1174.8888
+1.5C,204,2018,1,0.23879293,3.2097309,703.58673,3.380835,312.03226,0.1,3.6724615,1207.7389
+1.5C,204,2019,1,0.21812332,3.1419272,624.651,3.2226999,304.08765,0.1,3.4751484,1178.3682
+1.5C,205,2015,1,0.35730264,4.0761843,1265.3678,4.175505,388.96756,0.1,4.7753487,1493.3431
+1.5C,205,2016,1,0.23757222,3.70455,792.5467,3.7926893,358.30466,0.1,4.2682924,1386.0002
+1.5C,205,2017,1,0.27345458,3.9953403,923.75665,4.0813127,369.18542,0.1,4.6128397,1422.5715
+1.5C,205,2018,1,0.29923594,4.0381875,1048.1725,4.126474,382.7014,0.1,4.688553,1469.1029
+1.5C,205,2019,1,0.37127867,4.40369,1320.342,4.51154,389.5778,0.1,5.1713247,1495.8007
+1.5C,206,2015,1,0.5057997,1.9152226,1687.1744,1.5567517,360.80295,0.1,1.3971405,1403.2876
+1.5C,206,2016,1,0.35069427,0.6372671,1228.6116,0.4678139,360.28848,0.1,0.40701658,1401.2648
+1.5C,206,2017,1,0.13800783,5.5792036,437.15707,5.4337187,340.9758,0.1,5.8153863,1329.2728
+1.5C,206,2018,1,0.19463515,5.6364,638.8446,5.583346,357.83884,0.1,5.9723063,1389.8875
+1.5C,206,2019,1,0.2600774,2.9121923,894.56866,2.666526,364.41818,0.1,2.588093,1414.644
+1.5C,207,2015,1,0.10923016,4.545648,336.16534,4.3443007,331.94128,0.1,4.7834883,1289.2494
+1.5C,207,2016,1,0.0997788,5.4391155,317.7467,5.190729,342.84888,0.1,5.801667,1328.1605
+1.5C,207,2017,1,0.096890636,5.109017,323.9162,4.866322,356.802,0.1,5.4454217,1377.5127
+1.5C,207,2018,1,0.10202785,5.257858,353.99606,4.9943767,372.3956,0.1,5.614704,1433.1266
+1.5C,207,2019,1,0.09599834,4.29247,314.1718,4.1128473,348.05618,0.1,4.465779,1346.3408
+1.5C,208,2015,1,0.24126345,5.335576,624.83905,5.4408703,293.45392,0.1,5.997941,1142.478
+1.5C,208,2016,1,0.1537547,6.2428684,414.6076,6.0595675,307.03906,0.1,6.7723036,1191.0118
+1.5C,208,2017,1,0.1502342,6.2420797,382.8069,6.068079,290.0466,0.1,6.8092365,1129.3489
+1.5C,208,2018,1,0.21281011,5.595429,574.23474,5.663007,301.89447,0.1,6.2662506,1173.0078
+1.5C,208,2019,1,0.12905641,5.9722056,323.97504,5.7744784,281.7548,0.1,6.388682,1097.9703
+1.5C,209,2015,1,0.16020888,5.4858804,503.18173,5.391364,346.5306,0.1,6.0775194,1348.5593
+1.5C,209,2016,1,0.1460671,5.6036077,459.12158,5.4951687,342.40854,0.1,6.1526384,1334.6047
+1.5C,209,2017,1,0.17542428,5.470981,535.38043,5.4643536,336.04233,0.1,6.1509285,1312.2924
+1.5C,209,2018,1,0.16572532,5.6087685,526.39355,5.5328813,350.96884,0.1,6.2421217,1363.3792
+1.5C,209,2019,1,0.12342334,5.16609,375.0848,4.985083,330.0319,0.1,5.61784,1286.6145
+1.5C,210,2015,1,0.5908853,4.058724,1946.7467,4.57033,370.3674,0.1,4.7938757,1437.1335
+1.5C,210,2016,1,0.27536464,5.4702406,955.3084,5.690519,377.9098,0.1,6.3314447,1460.4844
+1.5C,210,2017,1,0.38886526,5.4732866,1270.4327,6.0518537,364.5348,0.1,6.6855397,1415.4226
+1.5C,210,2018,1,0.5095951,5.0591297,1659.2068,5.824069,367.04193,0.1,6.4109693,1422.8284
+1.5C,210,2019,1,0.25215733,4.516333,819.9985,4.5999303,350.04758,0.1,4.9686155,1362.2439
+1.5C,211,2015,1,0.35328808,3.101523,685.6433,3.2578907,214.79248,0.1,3.4985094,844.6297
+1.5C,211,2016,1,0.4549834,3.3791199,898.27814,3.7253997,222.86017,0.1,3.9719403,873.9714
+1.5C,211,2017,1,0.37325928,3.3763976,798.0438,3.581123,240.20169,0.1,3.8676443,936.64307
+1.5C,211,2018,1,0.38067424,3.4646964,745.5798,3.717258,218.72615,0.1,3.9406288,858.13745
+1.5C,211,2019,1,0.266288,4.103212,509.0841,4.2407546,215.56438,0.1,4.638559,845.22815
+1.5C,212,2015,1,0.48634428,3.2156081,1549.772,3.5327387,365.43323,0.1,3.8359885,1413.3533
+1.5C,212,2016,1,0.40128776,3.8994415,1324.591,4.3175325,374.4149,0.1,4.79758,1442.4868
+1.5C,212,2017,1,0.4482286,4.005994,1435.2876,4.526099,363.18002,0.1,4.9289956,1403.006
+1.5C,212,2018,1,0.47847784,2.9488084,1515.8157,3.149026,364.89526,0.1,3.425964,1406.8231
+1.5C,212,2019,1,0.25941557,4.3864665,790.603,4.5522623,334.7872,0.1,4.96914,1299.2643
+1.5C,213,2015,1,0.15958293,4.7860427,339.90717,4.6715317,240.94266,0.1,5.214405,938.5348
+1.5C,213,2016,1,0.15852119,3.6013608,379.46814,3.503967,261.48795,0.1,3.7820904,1011.81464
+1.5C,213,2017,1,0.284389,1.6232299,700.2194,1.6581023,259.9176,0.1,1.7397351,1004.68256
+1.5C,213,2018,1,0.37482363,1.9925543,914.8482,2.0105302,263.90598,0.1,2.0977454,1021.5633
+1.5C,213,2019,1,0.4281375,2.4945657,1024.7555,2.621884,264.7466,0.1,2.7746615,1026.2421
+1.5C,214,2015,1,0.5951752,1.660111,1841.0781,1.7964419,346.22345,0.1,1.8758961,1334.0947
+1.5C,214,2016,1,0.49689278,3.7840428,1532.6981,4.1521335,352.5124,0.1,4.422384,1358.1182
+1.5C,214,2017,1,0.47854856,3.4686015,1403.4999,3.8412352,330.5216,0.1,4.1434636,1278.356
+1.5C,214,2018,1,0.20555024,4.256281,652.4126,4.1905317,346.47995,0.1,4.6921153,1331.7676
+1.5C,214,2019,1,0.29716125,3.8574479,859.13727,4.0248566,318.78033,0.1,4.3740287,1234.8711
+1.5C,215,2015,1,0.59821194,0.06870579,2086.5967,0.06038988,387.24866,0.1,0.057751846,1463.1102
+1.5C,215,2016,1,0.59816337,0.15779883,2084.961,0.116496295,381.37592,0.1,0.1117896,1453.9032
+1.5C,215,2017,1,0.5986682,0.10020894,1998.4498,0.080957994,360.98294,0.1,0.07744267,1382.1493
+1.5C,215,2018,1,0.5983628,0.0855158,1987.0673,0.06506841,360.11948,0.1,0.058649577,1377.3025
+1.5C,215,2019,1,0.5972823,0.04950833,1940.7415,0.046725698,353.04953,0.1,0.044394955,1349.9994
+1.5C,216,2015,1,0.19306706,5.527092,626.99695,5.412693,365.7393,0.1,6.099613,1412.443
+1.5C,216,2016,1,0.121175826,5.3627663,380.61017,5.1260095,343.8165,0.1,5.7925425,1336.9873
+1.5C,216,2017,1,0.13419211,5.354653,434.42804,5.129877,354.84607,0.1,5.7867055,1376.3829
+1.5C,216,2018,1,0.16423741,5.441823,531.71265,5.3123875,358.23987,0.1,6.0063205,1386.1583
+1.5C,216,2019,1,0.21461779,5.532132,699.7828,5.459633,369.83118,0.1,6.125862,1425.2988
+1.5C,217,2015,1,0.30098048,3.075705,1140.3339,3.0949473,424.11832,0.1,3.251197,1618.8822
+1.5C,217,2016,1,0.32437202,3.1525702,1250.413,3.1071467,436.40366,0.1,3.266879,1662.8701
+1.5C,217,2017,1,0.2202518,3.2918406,819.912,3.1974154,415.39856,0.1,3.3958068,1587.4486
+1.5C,217,2018,1,0.1985123,3.6206563,737.3644,3.5672176,407.5482,0.1,3.7685497,1559.1885
+1.5C,217,2019,1,0.28045684,2.8427851,1017.26117,2.7427464,412.13367,0.1,2.8119307,1575.2179
+1.5C,218,2015,1,0.11285785,4.952746,367.99078,4.6960173,351.41864,0.1,5.304628,1356.1555
+1.5C,218,2016,1,0.1056945,4.68866,352.01758,4.4983244,352.9232,0.1,5.050433,1362.8531
+1.5C,218,2017,1,0.08420964,4.7000113,289.37418,4.441276,363.7222,0.1,4.9863286,1401.8815
+1.5C,218,2018,1,0.097186,4.6965694,349.17075,4.450995,381.24622,0.1,5.0097585,1464.2804
+1.5C,218,2019,1,0.102583855,5.0738134,354.055,4.787891,369.8002,0.1,5.4054265,1424.0397
+1.5C,219,2015,1,0.58855635,1.6272333,2005.0502,1.5659739,396.58975,0.1,1.6298157,1500.5377
+1.5C,219,2016,1,0.59139603,1.6407511,2022.0198,1.6049658,393.95474,0.1,1.6438084,1495.3209
+1.5C,219,2017,1,0.57596,2.9222612,1897.0973,2.7274766,388.93994,0.1,2.7826662,1475.4952
+1.5C,219,2018,1,0.459988,5.0293264,1455.0742,4.9283895,381.79465,0.1,5.2411737,1446.0798
+1.5C,219,2019,1,0.47063398,4.652259,1453.3212,4.6425667,364.8495,0.1,4.8070197,1393.446
+1.5C,220,2015,1,0.22107786,5.1254883,569.7405,5.1731033,288.25082,0.1,5.7006335,1127.1318
+1.5C,220,2016,1,0.15472111,5.3169518,419.1504,5.2058764,300.4008,0.1,5.8006186,1171.0492
+1.5C,220,2017,1,0.085944116,5.2980037,225.57492,4.9820232,289.54178,0.1,5.5670285,1130.5433
+1.5C,220,2018,1,0.2140163,5.2900367,591.9538,5.343976,306.93723,0.1,5.9388967,1194.7838
+1.5C,220,2019,1,0.14396276,5.460168,382.326,5.3078985,294.7332,0.1,5.9038296,1150.7993
+1.5C,221,2015,1,0.36578137,2.5348413,899.367,2.6779187,260.78067,0.1,2.8183613,1027.3707
+1.5C,221,2016,1,0.29930377,3.0278351,734.9296,3.231077,260.4119,0.1,3.5040088,1025.9591
+1.5C,221,2017,1,0.19673707,3.2605422,421.41364,3.2913494,229.84445,0.1,3.5953736,909.6573
+1.5C,221,2018,1,0.22660424,3.8297045,523.90955,3.9103253,251.06483,0.1,4.260248,987.72644
+1.5C,221,2019,1,0.3014025,2.4232016,708.2431,2.593851,250.33133,0.1,2.772888,985.0624
+1.5C,222,2015,1,0.06997532,4.6796274,235.07874,4.3534436,360.5786,0.1,4.90612,1397.9497
+1.5C,222,2016,1,0.082332775,4.705251,277.14786,4.4148326,361.94537,0.1,4.9745507,1401.3962
+1.5C,222,2017,1,0.10721532,4.634735,362.49625,4.42312,364.24393,0.1,4.983726,1411.0928
+1.5C,222,2018,1,0.06813975,4.5479894,230.16714,4.2269993,362.09415,0.1,4.761201,1399.4543
+1.5C,222,2019,1,0.08138685,4.6641207,277.64328,4.376084,365.85425,0.1,4.9157386,1414.4562
+1.5C,223,2015,1,0.47598135,2.0211315,1406.9248,2.070569,320.2852,0.1,2.124996,1241.834
+1.5C,223,2016,1,0.25288442,2.9668834,774.6089,3.0021253,323.6669,0.1,3.1266594,1255.9155
+1.5C,223,2017,1,0.22856852,2.3220308,673.9545,2.3549075,307.32764,0.1,2.4642758,1197.3658
+1.5C,223,2018,1,0.5068982,1.2962285,1561.3723,1.1991649,329.45157,0.1,1.1648147,1278.081
+1.5C,223,2019,1,0.30853766,0.9526861,915.7552,0.8698826,306.41806,0.1,0.82338256,1192.6829
+1.5C,224,2015,1,0.5959731,1.593702,1778.9487,1.7543005,330.70078,0.1,1.8259232,1279.5012
+1.5C,224,2016,1,0.38558546,3.9689994,1135.1619,4.282955,328.84317,0.1,4.6150627,1274.7129
+1.5C,224,2017,1,0.41013753,3.8849463,1179.2847,4.2214212,320.78436,0.1,4.5795918,1245.3927
+1.5C,224,2018,1,0.24929374,4.3390584,752.4936,4.3453245,330.8336,0.1,4.8389034,1278.5487
+1.5C,224,2019,1,0.2551327,3.5613003,691.0877,3.6677442,293.7395,0.1,3.9716313,1143.8782
+1.5C,225,2015,1,0.37619007,3.4464731,925.6575,3.698624,268.2255,0.1,4.0068636,1053.2758
+1.5C,225,2016,1,0.29619247,3.4082239,751.25134,3.5996425,270.1045,0.1,3.924161,1061.0337
+1.5C,225,2017,1,0.18089315,3.9584997,396.82193,3.9577343,237.7622,0.1,4.3663125,938.8856
+1.5C,225,2018,1,0.19205722,4.3258476,471.2095,4.289786,267.60892,0.1,4.7429495,1049.5115
+1.5C,225,2019,1,0.28235358,3.2102866,706.1142,3.3955104,269.4444,0.1,3.7055624,1057.2953
+1.5C,226,2015,1,0.4386572,3.368246,1386.4176,3.7093174,359.5578,0.1,3.984585,1389.6545
+1.5C,226,2016,1,0.38079315,3.798142,1265.6456,4.2824497,371.84378,0.1,4.7712255,1432.3512
+1.5C,226,2017,1,0.44314954,3.651626,1414.8651,4.167544,357.9689,0.1,4.506731,1383.0408
+1.5C,226,2018,1,0.45360568,2.7326827,1436.309,2.9785385,356.8148,0.1,3.183459,1376.9231
+1.5C,226,2019,1,0.23922682,3.6809056,716.3037,3.839791,323.0654,0.1,4.2042017,1254.628
+1.5C,227,2015,1,0.13835177,3.4090462,286.35852,3.3445647,223.00146,0.1,3.7536628,874.24023
+1.5C,227,2016,1,0.12595713,3.9747279,272.07422,3.8258786,236.33392,0.1,4.308276,923.2416
+1.5C,227,2017,1,0.14209513,3.3880463,324.00287,3.324014,244.58495,0.1,3.7376678,953.787
+1.5C,227,2018,1,0.18964694,3.8572836,417.80545,3.839227,242.37918,0.1,4.323604,942.97217
+1.5C,227,2019,1,0.11440095,3.4811342,269.92584,3.3525147,252.3625,0.1,3.7647777,979.31396
+1.5C,228,2015,1,0.12378208,5.8524356,431.49286,5.629549,389.31543,0.1,6.0648556,1493.4999
+1.5C,228,2016,1,0.13951991,5.559888,447.68585,5.4490104,352.0271,0.1,5.9113874,1361.9714
+1.5C,228,2017,1,0.142088,5.5777183,484.1143,5.450561,374.82593,0.1,5.9829173,1443.1108
+1.5C,228,2018,1,0.13362336,6.0301337,455.3444,5.8219934,375.27936,0.1,6.452191,1442.845
+1.5C,228,2019,1,0.1860209,4.7364917,622.3929,4.6642876,369.1255,0.1,4.916931,1422.1289
+1.5C,229,2015,1,0.25380704,4.1831512,456.2196,4.3382587,201.9622,0.1,4.779313,796.514
+1.5C,229,2016,1,0.16579327,5.594529,313.13187,5.4829807,219.31203,0.1,6.120672,859.8185
+1.5C,229,2017,1,0.23292969,5.412691,462.57596,5.4834356,230.88249,0.1,6.105047,902.8384
+1.5C,229,2018,1,0.19614898,5.149847,356.7336,5.157848,208.74696,0.1,5.7286696,820.5108
+1.5C,229,2019,1,0.20009314,4.9211974,366.7203,4.945067,210.326,0.1,5.502394,825.62286
+1.5C,230,2015,1,0.10327472,4.2273264,299.7108,3.9997604,322.77853,0.1,4.4183097,1258.0208
+1.5C,230,2016,1,0.069387205,4.6989236,218.667,4.357795,348.73538,0.1,4.8556194,1351.4774
+1.5C,230,2017,1,0.06292796,4.503682,192.23161,4.1542864,337.38528,0.1,4.6373463,1308.6156
+1.5C,230,2018,1,0.09589181,4.64034,308.58627,4.369552,355.4041,0.1,4.8265777,1376.7277
+1.5C,230,2019,1,0.062362567,5.2022376,193.7852,4.792386,348.40134,0.1,5.3450546,1349.6215
+1.5C,231,2015,1,0.37450272,4.768825,1134.2073,5.08848,341.0632,0.1,5.668439,1280.4209
+1.5C,231,2016,1,0.35385925,3.5966084,1038.8661,3.7502139,325.19855,0.1,4.1456513,1226.2283
+1.5C,231,2017,1,0.3912494,3.380394,1254.2236,3.5221446,349.58743,0.1,3.8029876,1308.7456
+1.5C,231,2018,1,0.3472272,3.7481735,1078.6161,3.9211805,341.91187,0.1,4.332482,1275.8695
+1.5C,231,2019,1,0.30357674,4.351545,952.1709,4.5394573,341.5954,0.1,5.0916166,1282.0851
+1.5C,232,2015,1,0.27713987,7.7873917,942.17194,8.086458,393.49432,0.1,9.0539665,1520.5105
+1.5C,232,2016,1,0.35403198,7.2567763,1201.7539,7.629892,395.16803,0.1,8.427679,1526.5092
+1.5C,232,2017,1,0.49171937,6.9132295,1607.3083,8.002766,390.70068,0.1,8.80215,1509.7181
+1.5C,232,2018,1,0.2044015,7.5668874,701.27545,7.528843,390.95288,0.1,8.326346,1510.1582
+1.5C,232,2019,1,0.38759822,6.402505,1339.0037,6.660491,398.5269,0.1,7.246007,1538.525
+1.5C,233,2015,1,0.59679013,0.22881682,2121.7507,0.23532818,400.65393,0.1,0.24220602,1504.2974
+1.5C,233,2016,1,0.5984831,0.46902618,2143.3032,0.3683112,403.0077,0.1,0.3606134,1514.2391
+1.5C,233,2017,1,0.59836626,0.4101355,2142.437,0.25856307,401.60468,0.1,0.23348418,1511.0879
+1.5C,233,2018,1,0.5968891,0.29876617,2114.7878,0.2668603,397.26492,0.1,0.2675334,1494.6116
+1.5C,233,2019,1,0.597271,0.31398052,2118.217,0.31029782,398.27625,0.1,0.31720322,1497.8741
+1.5C,234,2015,1,0.59051085,2.1313188,1779.7585,2.2518544,340.63437,0.1,2.3488579,1313.4584
+1.5C,234,2016,1,0.5639416,3.0496793,1685.5553,3.4507167,339.88022,0.1,3.7081745,1312.8353
+1.5C,234,2017,1,0.57376164,1.9985738,1686.1309,2.1437097,325.74985,0.1,2.245844,1261.6003
+1.5C,234,2018,1,0.2839602,4.3675127,848.616,4.4631653,332.15524,0.1,4.9599104,1280.0266
+1.5C,234,2019,1,0.5562505,2.2827296,1569.9193,2.48028,313.54822,0.1,2.527324,1215.5972
+1.5C,235,2015,1,0.5996685,0.10492958,2102.4998,0.10208639,376.2036,0.1,0.1017928,1453.5817
+1.5C,235,2016,1,0.59901404,0.07542308,2104.141,0.08309125,378.37137,0.1,0.08501251,1458.568
+1.5C,235,2017,1,0.59943664,0.31933206,2096.5278,0.232947,377.85602,0.1,0.21672529,1458.0753
+1.5C,235,2018,1,0.59915835,0.11739351,2106.3994,0.11156314,378.9874,0.1,0.11219274,1459.9893
+1.5C,235,2019,1,0.59978294,0.061847005,2195.0693,0.06984501,395.42667,0.1,0.072278544,1521.6744
+1.5C,236,2015,1,0.13254635,3.7366338,300.05417,3.6557102,242.82787,0.1,4.099044,948.8517
+1.5C,236,2016,1,0.14355731,4.13784,336.88486,4.0209236,257.14542,0.1,4.5232115,999.339
+1.5C,236,2017,1,0.1511517,3.909897,374.86868,3.8327835,267.79517,0.1,4.3184137,1037.1724
+1.5C,236,2018,1,0.2541291,3.8807213,600.9516,4.030889,261.39532,0.1,4.4809403,1012.8285
+1.5C,236,2019,1,0.17186935,3.9844458,431.0504,3.9469075,273.05368,0.1,4.4397583,1054.9957
+1.5C,237,2015,1,0.14575233,3.7664807,332.54755,3.725688,240.42021,0.1,4.081319,946.0273
+1.5C,237,2016,1,0.11723502,4.8022256,269.64682,4.6092587,251.90729,0.1,5.1886644,987.58606
+1.5C,237,2017,1,0.14859308,4.5350075,354.4158,4.497182,256.6259,0.1,5.0425267,1006.62604
+1.5C,237,2018,1,0.16148183,4.58954,357.17978,4.52914,242.04805,0.1,4.991193,949.6534
+1.5C,237,2019,1,0.119237244,4.204733,294.43158,4.087091,263.23212,0.1,4.576874,1027.795
+1.5C,238,2015,1,0.1105303,7.6314807,256.66153,7.1301703,276.0869,0.1,8.094224,1077.6628
+1.5C,238,2016,1,0.10921391,7.7971144,269.87454,7.259096,290.7933,0.1,8.249215,1134.0818
+1.5C,238,2017,1,0.13106516,8.177991,361.58035,7.659409,321.97995,0.1,8.719635,1247.955
+1.5C,238,2018,1,0.14943095,7.7329335,384.75696,7.3711596,298.1705,0.1,8.368842,1161.3513
+1.5C,238,2019,1,0.14832275,7.4665008,395.57336,7.1496162,309.28375,0.1,8.105265,1201.6589
+1.5C,239,2015,1,0.3281093,4.85691,729.69806,5.1043806,252.02374,0.1,5.5321007,978.40466
+1.5C,239,2016,1,0.40389705,3.7544096,927.15045,4.130646,259.61118,0.1,4.516425,1005.10236
+1.5C,239,2017,1,0.3429741,2.9958344,832.4539,3.1197577,267.8716,0.1,3.3586774,1032.2439
+1.5C,239,2018,1,0.3828579,3.6403077,891.40155,3.8608046,262.68494,0.1,4.1319184,1015.37476
+1.5C,239,2019,1,0.5759864,2.1283643,1418.961,2.3977528,274.7579,0.1,2.5826602,1062.952
+1.5C,240,2015,3,0.4851366,3.075167,1540.6029,2.959464,606.4611,0.15,3.0706236,1529.9576
+1.5C,240,2016,3,0.54778683,2.0365515,1866.9767,1.8913016,651.2432,0.15,1.983571,1634.6727
+1.5C,240,2017,3,0.57038844,1.7414447,1903.1394,1.6344138,628.2369,0.15,1.7657645,1579.3037
+1.5C,240,2018,3,0.58133656,1.1507791,1991.9203,1.0649326,631.44543,0.15,1.1404327,1589.5719
+1.5C,240,2019,3,0.5934965,0.8351171,2136.3848,0.797561,660.80927,0.15,0.8471279,1657.863
+1.5C,241,2015,3,0.43327186,2.930246,1007.1238,3.0092533,450.29443,0.15,3.5117805,1146.0173
+1.5C,241,2016,3,0.3918778,3.4156523,928.3381,3.3423378,471.7919,0.15,3.8458269,1198.5836
+1.5C,241,2017,3,0.38905215,3.2690907,958.3535,3.259074,487.98834,0.15,4.0109906,1237.8503
+1.5C,241,2018,3,0.3079783,3.4387627,723.2848,3.2749984,452.0665,0.15,3.993067,1150.52
+1.5C,241,2019,3,0.32088625,3.4962838,742.40466,3.3279605,450.6889,0.15,4.042563,1149.5404
+1.5C,242,2015,3,0.4330549,2.8179462,1555.8262,2.9449391,635.85815,0.15,3.125023,1630.6737
+1.5C,242,2016,3,0.44397917,3.3178854,1583.7004,3.4086082,644.1932,0.15,3.6966946,1650.6683
+1.5C,242,2017,3,0.34188944,3.51518,1182.4275,3.502111,608.72864,0.15,3.8430982,1565.8212
+1.5C,242,2018,3,0.4406205,2.809108,1592.9276,2.85238,637.751,0.15,3.1304958,1637.1075
+1.5C,242,2019,3,0.39869955,3.0431635,1377.126,3.0980895,607.9784,0.15,3.2627065,1563.2034
+1.5C,243,2015,3,0.2202916,3.1091213,760.93085,2.9220178,593.39856,0.15,3.5337358,1524.0383
+1.5C,243,2016,3,0.30057657,3.3180828,1049.3585,3.1967504,616.33844,0.15,3.885278,1579.9393
+1.5C,243,2017,3,0.20912087,3.41027,694.40485,3.1670878,576.4187,0.15,3.835741,1485.7089
+1.5C,243,2018,3,0.21845758,3.8878334,742.4847,3.5262496,607.9669,0.15,4.3042307,1562.8275
+1.5C,243,2019,3,0.22021666,3.285959,765.0412,3.068076,594.8385,0.15,3.716231,1528.1312
+1.5C,244,2015,3,0.5395277,2.3704393,1057.5798,2.1594977,413.1794,0.15,2.2003973,1045.2911
+1.5C,244,2016,3,0.48563585,2.7761,964.7556,2.8284988,411.08694,0.15,2.9196017,1043.8302
+1.5C,244,2017,3,0.54348755,1.3059801,1174.0176,1.0269837,418.0679,0.15,1.0054677,1059.6036
+1.5C,244,2018,3,0.532384,2.113579,1152.8917,1.722988,441.05347,0.15,1.5795213,1110.5829
+1.5C,244,2019,3,0.54342365,1.6169059,1175.3196,1.4128572,428.9206,0.15,1.3984638,1081.972
+1.5C,245,2015,3,0.43343487,3.3902411,1130.9705,3.352751,508.3792,0.15,3.5821338,1285.3107
+1.5C,245,2016,3,0.44551855,3.467068,1131.2384,3.1630306,497.04108,0.15,3.187954,1258.854
+1.5C,245,2017,3,0.5203973,1.9476657,1424.8333,1.7505748,515.2818,0.15,1.8661392,1303.2443
+1.5C,245,2018,3,0.40542817,3.2952392,1027.0303,3.2654266,488.4505,0.15,3.6256588,1235.8894
+1.5C,245,2019,3,0.41768426,3.0226486,1062.5732,2.8296647,485.48636,0.15,2.8618405,1231.2805
+1.5C,246,2015,3,0.58059484,2.3591263,1902.8009,2.444846,569.364,0.15,2.6994905,1472.0408
+1.5C,246,2016,3,0.40359718,2.7736359,1371.767,2.9719205,573.46704,0.15,3.321425,1480.8082
+1.5C,246,2017,3,0.49092647,2.627883,1572.137,2.9247677,546.85767,0.15,3.236659,1418.0375
+1.5C,246,2018,3,0.5844813,2.3261423,1902.4558,2.751274,561.29443,0.15,3.082183,1451.2021
+1.5C,246,2019,3,0.42145485,2.5263631,1303.7487,2.8076513,521.68225,0.15,3.3380008,1355.0789
+1.5C,247,2015,3,0.43990082,2.624368,1478.8479,2.672561,582.33264,0.15,3.0404212,1502.6512
+1.5C,247,2016,3,0.1669197,3.5907104,560.8081,3.2688773,576.32635,0.15,3.9464042,1488.2362
+1.5C,247,2017,3,0.12425622,3.6742845,413.30035,3.27936,566.51324,0.15,3.9581513,1466.6072
+1.5C,247,2018,3,0.24290963,3.5402973,808.9489,3.3515146,574.90643,0.15,4.0600715,1486.6935
+1.5C,247,2019,3,0.32226,3.3330572,1085.8574,3.3100157,579.8703,0.15,3.97694,1498.8867
+1.5C,248,2015,3,0.4509549,2.445879,1155.4951,2.61533,474.05487,0.15,3.0575385,1204.4802
+1.5C,248,2016,3,0.4151742,2.1574645,1018.807,2.3161294,443.47147,0.15,2.8025186,1131.8717
+1.5C,248,2017,3,0.4353101,2.2016854,1161.3063,2.3808749,484.2945,0.15,2.8969598,1229.6329
+1.5C,248,2018,3,0.3889292,2.2025564,1007.81824,2.311637,460.89236,0.15,2.7929664,1168.1897
+1.5C,248,2019,3,0.41232625,2.2112162,1082.5941,2.3631115,474.17392,0.15,2.8729227,1203.8346
+1.5C,249,2015,3,0.46718863,1.8247977,1430.0986,1.5424777,556.3244,0.15,1.5464139,1410.1295
+1.5C,249,2016,3,0.41316417,3.7851896,1240.4612,3.5973508,574.1114,0.15,3.914265,1451.0061
+1.5C,249,2017,3,0.5757528,1.6723673,1768.3519,1.4634292,574.6985,0.15,1.493423,1453.0093
+1.5C,249,2018,3,0.38604182,4.364816,1105.1818,4.214805,574.3833,0.15,5.0316133,1454.8839
+1.5C,249,2019,3,0.5457062,2.973838,1671.6273,2.6336894,602.6459,0.15,2.695282,1519.0618
+1.5C,250,2015,3,0.374,3.55014,931.8912,3.5897412,470.4161,0.15,4.3865557,1197.3602
+1.5C,250,2016,3,0.44881386,3.4990623,1082.6104,3.3696709,477.04276,0.15,3.5463996,1215.2871
+1.5C,250,2017,3,0.54154915,2.5385768,1388.0502,2.4050336,506.1551,0.15,2.4025934,1285.4108
+1.5C,250,2018,3,0.5251627,2.8811402,1276.3945,2.6935344,469.9425,0.15,2.5741491,1196.7708
+1.5C,250,2019,3,0.4249584,3.8610244,1000.80585,3.9027057,465.6318,0.15,4.242119,1189.0585
+1.5C,251,2015,3,0.377883,3.618374,914.2207,3.5790322,472.61502,0.15,4.400567,1200.9237
+1.5C,251,2016,3,0.43694746,3.6762693,1049.7914,3.3476374,482.67743,0.15,3.2117004,1224.2242
+1.5C,251,2017,3,0.54999423,1.7931445,1435.4799,1.6717573,504.59525,0.15,1.6888069,1277.7507
+1.5C,251,2018,3,0.44280425,3.5339193,1101.1368,3.5466938,485.98907,0.15,3.9338129,1233.4019
+1.5C,251,2019,3,0.36288676,3.5958135,878.31,3.5532663,470.4071,0.15,3.5545998,1198.6025
+1.5C,252,2015,3,0.39740542,3.177556,939.65106,3.2444985,454.09332,0.15,3.9420464,1155.9763
+1.5C,252,2016,3,0.37402397,3.6291409,904.00494,3.548168,475.84662,0.15,4.3164515,1210.0315
+1.5C,252,2017,3,0.44262052,3.4884882,1089.8855,3.5270119,495.12415,0.15,3.7736487,1256.1672
+1.5C,252,2018,3,0.42541724,3.4256256,1004.02814,3.449377,460.67084,0.15,4.003304,1173.785
+1.5C,252,2019,3,0.3478374,3.5070822,807.4016,3.4695926,454.75815,0.15,3.7833068,1159.5173
+1.5C,253,2015,3,0.59721845,0.5636584,1855.5262,0.43395,527.646,0.15,0.40901196,1362.0453
+1.5C,253,2016,3,0.58699924,0.6303341,1797.0095,0.48936898,527.2318,0.15,0.4808897,1362.0223
+1.5C,253,2017,3,0.5897656,3.3650193,1642.8723,3.0832353,513.0888,0.15,3.0538607,1328.23
+1.5C,253,2018,3,0.5460731,2.6322854,1566.5469,2.496966,521.85333,0.15,2.549859,1349.2047
+1.5C,253,2019,3,0.5876667,2.8024702,1776.1775,2.4610739,557.7876,0.15,2.200531,1438.713
+1.5C,254,2015,3,0.42979765,3.3688443,1012.82355,3.4986494,457.2727,0.15,4.198488,1164.6677
+1.5C,254,2016,3,0.38245624,3.8651953,915.886,3.7919142,478.52026,0.15,4.4434924,1216.2051
+1.5C,254,2017,3,0.4840305,3.4409714,1196.8949,3.351792,496.6619,0.15,3.3163686,1260.0327
+1.5C,254,2018,3,0.4580175,3.3434637,1083.9678,3.3943708,457.36914,0.15,3.4868743,1165.8926
+1.5C,254,2019,3,0.37025607,3.2013428,855.5262,3.214073,451.50647,0.15,3.4172978,1151.202
+1.5C,255,2015,3,0.21180856,5.513679,573.697,5.008794,522.74207,0.15,6.09096,1339.4641
+1.5C,255,2016,3,0.24725945,5.4942737,693.7303,5.0690885,546.0006,0.15,6.126232,1396.7406
+1.5C,255,2017,3,0.40783224,4.9993315,1112.372,4.9568434,532.4752,0.15,6.006306,1365.0663
+1.5C,255,2018,3,0.37335873,3.8752496,1060.6542,3.8844638,532.06354,0.15,4.3546352,1365.0851
+1.5C,255,2019,3,0.52198255,4.090127,1544.9636,4.0778008,584.3959,0.15,4.7076826,1491.4497
+1.5C,256,2015,3,0.5856056,3.3200698,1708.4031,2.9494333,536.1256,0.15,2.609234,1385.3082
+1.5C,256,2016,3,0.5522467,2.167006,1624.5209,1.5704422,526.97906,0.15,1.3481969,1363.9741
+1.5C,256,2017,3,0.49615473,4.065832,1419.9502,4.3894296,522.405,0.15,5.034628,1354.2008
+1.5C,256,2018,3,0.38725626,4.8095026,1112.4031,4.9551277,533.2105,0.15,5.989421,1381.2571
+1.5C,256,2019,3,0.5094146,4.3991494,1437.0624,4.611503,532.6406,0.15,5.4923573,1377.7937
+1.5C,257,2015,3,0.2976732,2.8852177,992.1313,2.8119614,567.1562,0.15,3.3215146,1463.6891
+1.5C,257,2016,3,0.3617476,2.998138,1147.4448,3.0417984,546.98334,0.15,3.6503797,1414.1702
+1.5C,257,2017,3,0.18570605,3.457402,596.5834,3.201572,549.2639,0.15,3.855563,1423.091
+1.5C,257,2018,3,0.19325137,3.56781,621.24945,3.3060098,553.1583,0.15,3.9958475,1432.8701
+1.5C,257,2019,3,0.42754152,2.7899573,1381.7543,2.950204,557.7133,0.15,3.4519846,1443.0026
+1.5C,258,2015,3,0.45313984,2.7255793,1504.55,2.95877,571.0731,0.15,3.4032707,1467.7164
+1.5C,258,2016,3,0.2493607,2.8919206,869.72095,2.863464,572.83594,0.15,3.4279869,1471.0735
+1.5C,258,2017,3,0.5396061,2.3018818,1705.9584,2.7225451,545.57117,0.15,3.2248883,1405.9347
+1.5C,258,2018,3,0.5136238,2.1770985,1675.35,2.5411975,560.8033,0.15,3.0296762,1440.7261
+1.5C,258,2019,3,0.1789062,2.3880894,565.853,2.284178,511.0396,0.15,2.7193875,1321.1616
+1.5C,259,2015,3,0.49398243,2.967611,1455.4681,3.0446749,557.67615,0.15,3.195039,1413.2444
+1.5C,259,2016,3,0.5361985,3.3829691,1592.3252,3.3433948,577.5865,0.15,3.7213943,1461.205
+1.5C,259,2017,3,0.59100807,2.2999232,1793.1693,2.267856,571.89545,0.15,2.2299247,1447.263
+1.5C,259,2018,3,0.5145959,3.2940962,1533.0118,3.4071505,568.77576,0.15,3.9455314,1442.917
+1.5C,259,2019,3,0.5738514,3.1849341,1778.0752,3.1995623,608.5317,0.15,3.5825925,1535.809
+1.5C,260,2015,3,0.2932558,3.4111056,1009.8134,3.3111575,593.0981,0.15,3.9761896,1528.0316
+1.5C,260,2016,3,0.20759921,3.5682664,716.5553,3.3144207,592.53625,0.15,3.9965363,1526.7609
+1.5C,260,2017,3,0.15646973,3.6826658,532.1016,3.3360388,582.068,0.15,4.0336475,1505.0361
+1.5C,260,2018,3,0.2806951,3.5318546,943.52673,3.402612,580.7108,0.15,4.1186724,1500.5763
+1.5C,260,2019,3,0.4920714,3.031967,1663.8822,3.2876852,596.1609,0.15,3.925612,1537.656
+1.5C,261,2015,3,0.50004,1.820341,1471.9827,1.6513462,558.4378,0.15,1.7048341,1411.8569
+1.5C,261,2016,3,0.54073006,0.6919678,1722.7548,0.6277895,585.4612,0.15,0.6603168,1473.6764
+1.5C,261,2017,3,0.5671697,1.069523,1754.0033,1.0435948,574.52264,0.15,1.1245476,1448.8969
+1.5C,261,2018,3,0.5564548,1.084101,1760.7748,1.0127215,597.5558,0.15,1.087716,1504.4508
+1.5C,261,2019,3,0.5304729,1.3570335,1675.0513,1.2930591,597.1916,0.15,1.4021065,1503.3813
+1.5C,262,2015,3,0.35298398,3.889512,870.00964,3.813281,480.51138,0.15,4.6814437,1220.5033
+1.5C,262,2016,3,0.43676856,3.8317444,1062.0471,3.6894054,488.90295,0.15,3.4944346,1241.7451
+1.5C,262,2017,3,0.5148234,3.015872,1296.1088,2.859197,507.35114,0.15,2.9053092,1284.5388
+1.5C,262,2018,3,0.5363619,2.5512822,1369.9203,2.3126938,489.60687,0.15,2.3184042,1242.3057
+1.5C,262,2019,3,0.28695253,4.3914123,702.43365,4.1307335,485.66132,0.15,4.7337923,1233.6342
+1.5C,263,2015,3,0.49265826,2.9278443,1230.3436,2.7327244,489.48462,0.15,2.7031317,1241.3152
+1.5C,263,2016,3,0.47770232,2.530722,1221.8999,2.4067984,503.30624,0.15,2.3397574,1272.1667
+1.5C,263,2017,3,0.49001202,1.7311673,1322.1271,1.5517547,514.9132,0.15,1.5775449,1303.0879
+1.5C,263,2018,3,0.34552184,3.5636303,840.8724,3.4114316,477.28482,0.15,4.120197,1210.6965
+1.5C,263,2019,3,0.35370725,3.3606532,884.26483,3.2750363,485.3868,0.15,4.037126,1233.1587
+1.5C,264,2015,3,0.505914,3.0405893,1496.9293,3.1392255,556.66095,0.15,3.317668,1413.838
+1.5C,264,2016,3,0.5705056,2.892429,1776.5282,2.9476137,596.86053,0.15,2.9576087,1510.1072
+1.5C,264,2017,3,0.5902839,2.535779,1820.1239,2.5929677,584.8353,0.15,2.6079876,1478.3914
+1.5C,264,2018,3,0.5261225,3.3416414,1570.3884,3.4098163,575.36914,0.15,3.94985,1459.6719
+1.5C,264,2019,3,0.56425506,3.2744555,1771.6737,3.3081846,613.79004,0.15,3.295283,1550.4755
+1.5C,265,2015,3,0.4107914,4.0758424,996.5908,4.136353,477.24808,0.15,5.026223,1212.8668
+1.5C,265,2016,3,0.40883523,4.436051,1004.12524,4.3319473,497.9627,0.15,4.8865232,1264.7092
+1.5C,265,2017,3,0.48989025,3.9023018,1232.087,3.834058,514.7422,0.15,4.010305,1303.5222
+1.5C,265,2018,3,0.5631588,1.9215062,1465.49,1.6721394,489.9402,0.15,1.6672271,1245.3104
+1.5C,265,2019,3,0.31411377,4.5521393,753.238,4.407025,482.456,0.15,4.846458,1226.7074
+1.5C,266,2015,3,0.43751746,3.4745986,1078.7471,3.3951423,491.9225,0.15,3.42179,1247.5464
+1.5C,266,2016,3,0.4442081,3.0681107,1114.4824,2.77244,495.31348,0.15,2.5663614,1254.1978
+1.5C,266,2017,3,0.5054217,1.4476713,1379.3793,1.2960136,515.24677,0.15,1.3484533,1303.3586
+1.5C,266,2018,3,0.3845894,3.497638,915.82983,3.4790785,467.84634,0.15,3.9297495,1186.6609
+1.5C,266,2019,3,0.39668894,3.432706,987.4258,3.4165528,481.36435,0.15,3.633464,1224.3965
+1.5C,267,2015,3,0.45150998,2.2955046,1135.2347,2.0693543,478.87457,0.15,1.9454236,1198.422
+1.5C,267,2016,3,0.4812072,2.065008,1234.231,1.871171,480.975,0.15,1.8599113,1202.5372
+1.5C,267,2017,3,0.4663957,1.6480882,1276.9479,1.5110775,508.47128,0.15,1.5071694,1267.7069
+1.5C,267,2018,3,0.3840844,2.532836,974.10236,2.4989321,479.69324,0.15,2.9785178,1203.7349
+1.5C,267,2019,3,0.3547004,2.1503403,929.551,2.239521,474.24173,0.15,2.600599,1184.6696
+1.5C,268,2015,3,0.39256963,2.8673413,923.32086,2.8455753,457.5826,0.15,3.021205,1165.8798
+1.5C,268,2016,3,0.46870825,1.5147762,1154.5728,1.289359,466.83975,0.15,1.2779554,1187.7396
+1.5C,268,2017,3,0.3995107,2.8182867,956.4114,2.8196387,458.6999,0.15,2.8713439,1170.1918
+1.5C,268,2018,3,0.38075516,2.9067185,786.66785,2.7419302,401.95587,0.15,2.6358924,1032.7661
+1.5C,268,2019,3,0.36842808,3.3302827,840.8087,3.2381108,448.60236,0.15,3.4298952,1146.0787
+1.5C,269,2015,3,0.54104704,2.1997786,1817.9531,2.2362182,586.6151,0.15,2.3755202,1512.7192
+1.5C,269,2016,3,0.20583342,3.5552797,702.17664,3.2980149,588.12103,0.15,3.9854598,1516.8076
+1.5C,269,2017,3,0.120574415,3.7835784,409.22305,3.3611846,578.9581,0.15,4.061332,1497.1139
+1.5C,269,2018,3,0.23804404,3.6209288,799.64966,3.407236,581.20654,0.15,4.1316104,1502.0686
+1.5C,269,2019,3,0.30319118,3.508921,1039.7412,3.4399066,592.1979,0.15,4.1433053,1529.0562
+1.5C,270,2015,3,0.47331226,2.0166905,1254.8484,1.7858334,508.70273,0.15,1.7435188,1265.8386
+1.5C,270,2016,3,0.49918833,1.7489151,1368.4247,1.591095,517.4476,0.15,1.6579235,1285.4735
+1.5C,270,2017,3,0.46558774,1.7200089,1320.6846,1.6056,529.9112,0.15,1.6548729,1314.1079
+1.5C,270,2018,3,0.3960863,2.701162,1048.68,2.603554,508.6841,0.15,3.0492585,1266.6333
+1.5C,270,2019,3,0.35901362,2.3606377,999.1587,2.3161082,515.0197,0.15,2.601582,1276.9861
+1.5C,271,2015,3,0.5696324,1.8062232,1244.5277,1.4898361,436.97458,0.15,1.477519,1104.1058
+1.5C,271,2016,3,0.5537227,1.8836393,1201.4889,1.6981953,421.99796,0.15,1.682641,1070.8077
+1.5C,271,2017,3,0.5812633,1.0749935,1300.2981,0.8659728,429.45493,0.15,0.88267404,1086.9675
+1.5C,271,2018,3,0.57603043,0.9480926,1358.0726,0.7594768,454.71002,0.15,0.7732775,1147.9419
+1.5C,271,2019,3,0.55991316,1.2359444,1327.6224,0.99049723,462.4019,0.15,0.9828835,1164.4686
+1.5C,272,2015,3,0.3167738,3.4215655,718.1829,3.440895,401.64474,0.15,3.6040187,1054.5607
+1.5C,272,2016,3,0.26220122,3.7879066,591.12366,3.689148,402.7606,0.15,4.1450324,1057.8793
+1.5C,272,2017,3,0.12267716,3.7108526,253.8072,3.427665,358.6078,0.15,4.0150914,946.3557
+1.5C,272,2018,3,0.1303508,4.152899,295.45062,3.8017564,400.76785,0.15,4.491931,1050.8497
+1.5C,272,2019,3,0.18486789,4.1757774,412.16418,3.9763174,392.35977,0.15,4.6702423,1030.1709
+1.5C,273,2015,3,0.39041474,3.5170777,934.69183,3.5856857,462.81265,0.15,4.3612704,1179.5763
+1.5C,273,2016,3,0.3819906,3.9864664,900.34033,3.8947313,471.54648,0.15,4.393744,1201.7228
+1.5C,273,2017,3,0.47568935,3.629429,1175.9435,3.5941527,497.72794,0.15,3.5728202,1265.6334
+1.5C,273,2018,3,0.4526188,3.7478702,1063.0664,3.8145847,466.21414,0.15,4.2138824,1188.4432
+1.5C,273,2019,3,0.41966414,3.7247837,955.52435,3.7687385,453.26816,0.15,4.1895514,1157.959
+1.5C,274,2015,3,0.38540283,2.2915752,909.0561,2.2962291,452.1959,0.15,2.8281803,1146.6234
+1.5C,274,2016,3,0.40317103,2.4074252,852.10266,2.4002824,417.5884,0.15,2.9551969,1063.2654
+1.5C,274,2017,3,0.39206156,2.2859354,851.9239,2.2778149,430.42593,0.15,2.8103855,1094.6617
+1.5C,274,2018,3,0.40631443,2.4383292,889.4551,2.4557383,421.5137,0.15,2.9836898,1074.5446
+1.5C,274,2019,3,0.3670738,2.5454803,845.9059,2.4862955,447.52072,0.15,3.0131502,1137.9734
+1.5C,275,2015,3,0.40830815,3.0471478,1236.292,2.950298,517.72144,0.15,2.9586778,1343.8585
+1.5C,275,2016,3,0.4420694,1.2675246,1376.5167,0.68593824,522.17413,0.15,0.40844545,1351.4478
+1.5C,275,2017,3,0.24144626,3.846219,711.0315,3.7745917,500.64362,0.15,4.2530475,1300.7533
+1.5C,275,2018,3,0.20810404,3.6487572,623.72156,3.4788492,509.84543,0.15,3.9581366,1319.3513
+1.5C,275,2019,3,0.3903545,2.3669505,1225.7042,1.9337596,528.181,0.15,1.6874751,1365.902
+1.5C,276,2015,3,0.41812608,3.0532851,975.18805,3.0685728,457.51355,0.15,3.748902,1164.7982
+1.5C,276,2016,3,0.30566457,3.3630974,734.8786,3.1577933,474.85742,0.15,3.9001193,1203.4001
+1.5C,276,2017,3,0.3899017,3.116084,965.13153,3.0697458,492.7648,0.15,3.641568,1248.6553
+1.5C,276,2018,3,0.2883968,3.1670427,676.296,3.0118783,446.66232,0.15,3.6975522,1136.3832
+1.5C,276,2019,3,0.30854282,3.0817134,724.92126,2.9653275,449.4424,0.15,3.6432822,1145.7504
+1.5C,277,2015,3,0.43154514,3.651694,1091.8334,3.6494484,497.44562,0.15,4.281731,1260.5743
+1.5C,277,2016,3,0.42137313,3.8020694,1103.1471,3.7795444,511.08826,0.15,4.5820007,1294.5094
+1.5C,277,2017,3,0.50378823,3.3449032,1302.0924,3.3578956,516.4955,0.15,3.5191681,1308.1273
+1.5C,277,2018,3,0.5601442,1.5801744,1437.437,1.2797905,477.46716,0.15,1.1968619,1213.3752
+1.5C,277,2019,3,0.36213773,4.012361,901.7034,3.8479035,490.8981,0.15,4.2342777,1246.2446
+1.5C,278,2015,3,0.1932767,3.5439358,596.12756,3.2855344,527.9229,0.15,3.9707115,1355.9553
+1.5C,278,2016,3,0.43865445,3.3255749,1388.381,3.2478294,566.95197,0.15,3.527488,1455.4656
+1.5C,278,2017,3,0.31259558,3.4664948,966.2264,3.4238355,543.38446,0.15,3.8256812,1397.6898
+1.5C,278,2018,3,0.51482546,2.9369874,1589.3608,2.9877582,565.4643,0.15,2.7556438,1454.5718
+1.5C,278,2019,3,0.5454965,2.9603436,1768.9183,3.0542161,591.99097,0.15,3.3554037,1515.2778
+1.5C,279,2015,3,0.40760097,3.9137082,909.0135,3.976488,450.2523,0.15,4.756921,1149.7268
+1.5C,279,2016,3,0.49104896,2.3648863,1175.6266,2.0121722,464.1384,0.15,1.9601701,1183.5375
+1.5C,279,2017,3,0.39439744,3.9996336,914.21356,4.012691,473.07437,0.15,4.61605,1206.9501
+1.5C,279,2018,3,0.4400062,4.087061,947.27655,3.7192678,439.5301,0.15,3.3830485,1125.7721
+1.5C,279,2019,3,0.43580344,4.06729,942.5228,4.1319046,442.68896,0.15,4.278948,1133.8126
+1.5C,280,2015,3,0.51085025,3.058013,1622.2246,3.3702464,565.16187,0.15,4.044283,1453.209
+1.5C,280,2016,3,0.20386845,2.9906433,694.98566,2.8382416,560.56433,0.15,3.4024367,1441.0142
+1.5C,280,2017,3,0.46435964,2.818288,1463.3145,3.1604111,545.43243,0.15,3.8024404,1404.8263
+1.5C,280,2018,3,0.4150247,2.1830723,1357.7941,2.3746278,547.54785,0.15,2.77655,1408.3379
+1.5C,280,2019,3,0.29828236,2.7052052,904.31696,2.7618625,502.45795,0.15,3.242322,1300.0475
+1.5C,281,2015,3,0.52227044,2.131857,1551.7853,1.8634394,550.89874,0.15,1.7748259,1395.3927
+1.5C,281,2016,3,0.49006233,3.7145464,1417.2155,3.601711,561.5584,0.15,3.750109,1420.7653
+1.5C,281,2017,3,0.5794505,2.0384464,1743.1062,1.7925694,566.5904,0.15,1.6050721,1433.7535
+1.5C,281,2018,3,0.36720046,4.512171,1015.51733,4.2874413,561.38,0.15,5.2092075,1422.9269
+1.5C,281,2019,3,0.56615806,3.3022006,1720.3638,3.0588927,601.3808,0.15,2.8734999,1516.8788
+1.5C,282,2015,3,0.43521473,2.831617,1528.6315,2.8739092,608.4799,0.15,3.1620345,1565.2665
+1.5C,282,2016,3,0.28468058,3.5744596,1015.00323,3.385949,616.9126,0.15,4.0487804,1585.0463
+1.5C,282,2017,3,0.27991042,3.432953,961.34845,3.3204794,588.291,0.15,3.9721253,1517.0536
+1.5C,282,2018,3,0.28318575,3.9975715,981.82666,3.7967744,609.8644,0.15,4.438414,1570.5818
+1.5C,282,2019,3,0.53587073,2.7519844,1851.7135,2.9598715,608.7528,0.15,3.0876484,1564.9889
+1.5C,283,2015,3,0.4547892,3.4992938,1310.3098,3.461734,558.9306,0.15,4.1059785,1415.0883
+1.5C,283,2016,3,0.53134257,3.2531419,1589.6912,3.2311068,582.55133,0.15,3.6687033,1470.6547
+1.5C,283,2017,3,0.5892888,2.5601559,1803.2261,2.5626423,587.0366,0.15,2.707057,1481.0127
+1.5C,283,2018,3,0.5510503,2.9580297,1673.0435,2.9739456,585.14575,0.15,3.2804358,1480.0542
+1.5C,283,2019,3,0.56056684,2.8581693,1788.2534,2.871378,613.21295,0.15,3.236101,1543.7507
+1.5C,284,2015,3,0.5729463,2.8289,1634.814,2.9749367,540.8844,0.15,3.357306,1375.283
+1.5C,284,2016,3,0.5697992,2.8926342,1662.0966,3.0482135,550.8102,0.15,2.7460082,1400.949
+1.5C,284,2017,3,0.4276805,3.8810167,1214.2859,3.9904184,534.0754,0.15,4.7877026,1358.8584
+1.5C,284,2018,3,0.58750176,2.2967618,1575.4393,2.2472866,496.08594,0.15,2.2648644,1269.3617
+1.5C,284,2019,3,0.58766073,3.3310697,1604.4176,3.5709841,524.20856,0.15,3.7080386,1337.5748
+1.5C,285,2015,3,0.48169503,1.7504985,1466.9047,1.4647459,551.45557,0.15,1.4225568,1398.7549
+1.5C,285,2016,3,0.43365648,4.0695734,1262.6996,3.9150631,558.18146,0.15,4.2858524,1415.5187
+1.5C,285,2017,3,0.5874895,1.3754542,1817.3649,1.1643333,576.00397,0.15,1.1878842,1456.6987
+1.5C,285,2018,3,0.3661411,4.6139026,1025.1212,4.404437,561.71967,0.15,5.285141,1424.2258
+1.5C,285,2019,3,0.5542008,3.3767145,1717.0748,3.2167134,610.48883,0.15,3.2156773,1540.1451
+1.5C,286,2015,3,0.5030923,1.9424696,1186.3256,1.7706237,452.73758,0.15,1.7795432,1147.787
+1.5C,286,2016,3,0.4411801,2.6828022,1018.82605,2.6147423,454.94858,0.15,2.8822305,1151.6011
+1.5C,286,2017,3,0.48371348,1.5507932,1227.1951,1.3376973,479.2494,0.15,1.341048,1214.4828
+1.5C,286,2018,3,0.44878376,2.6557808,1026.1859,2.6731086,438.44052,0.15,2.9745579,1115.0542
+1.5C,286,2019,3,0.42291507,2.4270022,1024.3306,2.1965516,462.47006,0.15,2.1753192,1173.208
+1.5C,287,2015,3,0.4296005,3.7582092,1093.9926,3.9293053,487.0301,0.15,4.737255,1240.2972
+1.5C,287,2016,3,0.404618,4.0580516,987.4445,4.059042,476.67786,0.15,4.5153685,1214.7722
+1.5C,287,2017,3,0.4785871,3.531377,1163.5814,3.3120687,488.90204,0.15,3.0940797,1245.1941
+1.5C,287,2018,3,0.43296382,4.200159,1033.4229,4.2244616,473.6628,0.15,4.3429112,1208.6178
+1.5C,287,2019,3,0.4064017,4.2694373,953.3317,4.2377505,469.5605,0.15,4.9444003,1198.8834
+1.5C,288,2015,3,0.442705,3.2582488,1105.0833,3.2754724,490.25555,0.15,3.520762,1243.6953
+1.5C,288,2016,3,0.4277815,3.4167995,1040.781,3.1820445,482.49808,0.15,3.126279,1222.0846
+1.5C,288,2017,3,0.53048223,1.3335359,1404.4031,1.144373,503.85953,0.15,1.175223,1274.5964
+1.5C,288,2018,3,0.372537,3.3506417,901.45416,3.3021452,465.6335,0.15,3.6974022,1182.4615
+1.5C,288,2019,3,0.39677015,3.3741605,946.8767,3.3433323,464.4302,0.15,3.7001216,1182.5054
+1.5C,289,2015,3,0.4794011,2.7856693,1194.6108,3.0107546,468.77716,0.15,3.3167682,1190.5814
+1.5C,289,2016,3,0.4026357,2.6867197,986.8555,2.8205042,455.0593,0.15,3.4401925,1159.5477
+1.5C,289,2017,3,0.41033494,2.779373,1077.1249,2.8851762,486.74646,0.15,3.5303597,1235.0508
+1.5C,289,2018,3,0.37958434,2.4671915,955.801,2.5906043,452.04788,0.15,3.1443768,1146.5226
+1.5C,289,2019,3,0.36169982,2.654724,936.91144,2.7202694,468.93387,0.15,3.312076,1190.0569
+1.5C,290,2015,3,0.545863,2.493267,1013.7487,2.6013987,328.4113,0.15,2.657352,863.11615
+1.5C,290,2016,3,0.54147,3.026731,971.33813,3.544968,329.58127,0.15,4.1283307,865.36194
+1.5C,290,2017,3,0.5136983,3.1224093,1030.1808,3.5465863,364.18213,0.15,4.0517917,950.5551
+1.5C,290,2018,3,0.37029687,3.1437955,672.9916,3.3647025,326.6284,0.15,3.9965467,856.9408
+1.5C,290,2019,3,0.42682427,2.961638,743.2263,3.2355497,315.45267,0.15,3.8394477,828.73816
+1.5C,291,2015,3,0.42609006,4.0876303,1216.945,3.9772043,568.20026,0.15,4.7902374,1437.0035
+1.5C,291,2016,3,0.53919864,3.1428194,1658.6428,3.0078154,602.5937,0.15,3.2752633,1517.1511
+1.5C,291,2017,3,0.5911525,2.530116,1830.6062,2.423391,595.7999,0.15,2.241863,1499.6038
+1.5C,291,2018,3,0.56861126,2.8957913,1748.8818,2.8692896,597.92694,0.15,3.0930393,1507.3956
+1.5C,291,2019,3,0.5651352,2.9933374,1811.862,2.9987094,621.66327,0.15,3.147755,1562.6038
+1.5C,292,2015,3,0.41316047,3.5858133,1038.2264,3.7093222,480.86118,0.15,4.5177507,1222.939
+1.5C,292,2016,3,0.41718,3.9483848,997.7607,3.891133,477.25424,0.15,4.129039,1215.6064
+1.5C,292,2017,3,0.512709,2.6533892,1269.3845,2.591872,494.34064,0.15,2.5211306,1256.8593
+1.5C,292,2018,3,0.43561742,4.1651273,1052.0306,4.117073,483.86853,0.15,4.3304996,1232.007
+1.5C,292,2019,3,0.40533715,3.8227968,940.5664,3.865983,460.86255,0.15,4.189929,1177.0907
+1.5C,293,2015,3,0.43661988,3.0531187,1425.1213,3.2233453,569.6391,0.15,3.8197854,1463.4905
+1.5C,293,2016,3,0.2652207,2.9989252,910.4819,2.9485874,572.7845,0.15,3.5389233,1469.1489
+1.5C,293,2017,3,0.5422059,2.459135,1707.3368,2.8881898,548.87427,0.15,3.4379792,1412.443
+1.5C,293,2018,3,0.3325351,2.3729458,1108.3866,2.46445,553.5894,0.15,2.906841,1421.7327
+1.5C,293,2019,3,0.22966917,2.6100657,722.49036,2.5688393,513.65826,0.15,3.0533242,1327.3864
+1.5C,294,2015,3,0.07356529,3.9824634,210.96481,3.5212965,481.35474,0.15,4.19495,1251.7644
+1.5C,294,2016,3,0.07347555,4.4265795,232.11095,3.8910334,536.1099,0.15,4.6585546,1385.9622
+1.5C,294,2017,3,0.05348299,4.303298,160.23657,3.73794,506.63022,0.15,4.4693456,1312.8779
+1.5C,294,2018,3,0.06151971,4.4706464,193.39117,3.8907957,533.6155,0.15,4.6631494,1378.7787
+1.5C,294,2019,3,0.05586049,4.4411893,170.50017,3.8453774,522.2438,0.15,4.612547,1350.8845
+1.5C,295,2015,3,0.4378484,3.5869827,1539.0582,3.5541317,600.80756,0.15,4.3744593,1515.1598
+1.5C,295,2016,3,0.4449416,3.4035363,1519.0283,3.3722541,595.71985,0.15,4.106435,1500.455
+1.5C,295,2017,3,0.49831226,3.3477318,1746.558,3.413457,613.4207,0.15,4.1317987,1543.125
+1.5C,295,2018,3,0.41356263,3.4649024,1500.0239,3.4648983,617.218,0.15,4.2329464,1550.3907
+1.5C,295,2019,3,0.4538118,3.4366255,1615.0925,3.4934967,607.8374,0.15,4.2832417,1529.7772
+1.5C,296,2015,3,0.48840225,1.878399,1250.5077,1.5840291,482.81448,0.15,1.4454387,1209.7
+1.5C,296,2016,3,0.38575962,2.384395,947.7267,2.4447691,465.6901,0.15,3.002756,1162.5864
+1.5C,296,2017,3,0.43342447,2.454184,1128.0638,2.3072202,498.18698,0.15,2.2554789,1240.1531
+1.5C,296,2018,3,0.40738943,2.4893765,1045.4777,2.4538364,493.87344,0.15,2.883716,1231.3522
+1.5C,296,2019,3,0.35190454,2.1825564,906.02264,2.2798533,472.34317,0.15,2.772995,1177.31
+1.5C,297,2015,3,0.22065352,2.8110733,776.1351,2.6401248,593.5698,0.15,3.1923172,1526.8837
+1.5C,297,2016,3,0.23059623,3.0156934,827.5771,2.8203933,610.5151,0.15,3.4204133,1568.8501
+1.5C,297,2017,3,0.24179149,2.9425793,820.4962,2.783256,579.0087,0.15,3.3707922,1494.4895
+1.5C,297,2018,3,0.26164407,3.3764265,906.2835,3.1334567,608.52264,0.15,3.8246155,1566.8806
+1.5C,297,2019,3,0.2754582,3.0621896,990.66064,2.9151032,615.5431,0.15,3.5416775,1581.7211
+1.5C,298,2015,3,0.26530358,3.636028,760.10175,3.4033203,518.2812,0.15,4.0345902,1323.8469
+1.5C,298,2016,3,0.2908488,3.4188237,864.7429,3.278693,534.1225,0.15,3.9870987,1362.1642
+1.5C,298,2017,3,0.4106453,3.7679007,1145.3235,3.6372967,538.5916,0.15,3.7635593,1374.8667
+1.5C,298,2018,3,0.33119586,3.388399,955.124,3.2770505,527.6685,0.15,3.940339,1346.1218
+1.5C,298,2019,3,0.55568093,3.2877953,1694.1383,3.0704808,590.83484,0.15,3.033048,1500.2863
+1.5C,299,2015,3,0.25850147,2.8782227,954.58344,2.745349,623.42584,0.15,3.2784994,1599.8801
+1.5C,299,2016,3,0.46127507,2.592261,1681.3809,2.721511,637.7804,0.15,3.0238652,1634.79
+1.5C,299,2017,3,0.3728729,2.64984,1295.1659,2.6847928,593.9086,0.15,3.1882634,1528.698
+1.5C,299,2018,3,0.39236918,3.2137418,1428.1058,3.1933622,636.6333,0.15,3.6803777,1635.1238
+1.5C,299,2019,3,0.30583733,2.5927117,1120.5217,2.555888,618.1853,0.15,2.756729,1587.6907
+1.5C,300,2015,3,0.36143026,2.4719746,1274.8029,2.4478369,601.6251,0.15,2.7697625,1549.6431
+1.5C,300,2016,3,0.30073157,3.2773466,1056.7487,3.1316657,604.4742,0.15,3.6926224,1557.2878
+1.5C,300,2017,3,0.17102659,3.7681165,568.7192,3.4391515,571.1099,0.15,4.1524324,1476.8845
+1.5C,300,2018,3,0.19382194,3.9449813,657.25684,3.6128101,592.6051,0.15,4.38555,1529.377
+1.5C,300,2019,3,0.5781163,1.9230483,1980.3231,1.9784869,590.7291,0.15,2.0682821,1525.2915
+1.5C,301,2015,3,0.15865305,3.7146282,331.3733,3.4065573,368.82526,0.15,4.1078258,960.86804
+1.5C,301,2016,3,0.14900018,3.7680535,322.76868,3.4201648,384.28802,0.15,4.061561,995.03217
+1.5C,301,2017,3,0.20781161,3.090269,472.64093,2.9410663,395.7891,0.15,3.4571066,1022.6318
+1.5C,301,2018,3,0.24528393,3.7698715,517.14087,3.6065195,386.7293,0.15,4.2519393,1001.5245
+1.5C,301,2019,3,0.45445776,3.0864487,1039.1837,3.3058736,414.02408,0.15,3.8628366,1071.4492
+1.5C,302,2015,3,0.4501592,1.9642786,1379.14,1.9490898,557.55597,0.15,2.0906606,1412.2253
+1.5C,302,2016,3,0.44604394,3.4506743,1319.2761,3.2481773,563.6975,0.15,3.3369088,1426.3679
+1.5C,302,2017,3,0.5795174,1.8615998,1754.8107,1.5400237,567.7558,0.15,1.4777714,1438.7349
+1.5C,302,2018,3,0.28420505,4.6514277,780.11664,4.286381,547.7441,0.15,5.193425,1390.2891
+1.5C,302,2019,3,0.5367992,3.6597776,1634.901,3.6855125,606.49316,0.15,3.9552746,1531.3319
+1.5C,303,2015,3,0.52306455,3.108954,1213.905,3.278783,447.90146,0.15,3.5993528,1144.005
+1.5C,303,2016,3,0.5541072,3.0031521,1336.3341,2.9639568,463.47086,0.15,2.6768343,1182.2888
+1.5C,303,2017,3,0.48288134,3.2611105,1150.7548,3.462602,463.92255,0.15,4.169193,1186.0117
+1.5C,303,2018,3,0.46219093,3.4270184,1014.27124,3.5735855,425.09482,0.15,3.9423842,1091.8982
+1.5C,303,2019,3,0.50898755,3.5000226,1160.347,3.5285556,450.42142,0.15,3.4522977,1151.9
+1.5C,304,2015,3,0.17208576,3.1930902,522.05054,2.9212155,523.23267,0.15,3.5331383,1342.0571
+1.5C,304,2016,3,0.25979832,3.7708802,816.03455,3.5593934,566.692,0.15,4.3258815,1452.7185
+1.5C,304,2017,3,0.21145351,3.561351,638.8161,3.2723837,541.42224,0.15,3.9863038,1391.0364
+1.5C,304,2018,3,0.31831402,3.8197594,969.89386,3.6467125,557.6725,0.15,3.9844506,1432.2443
+1.5C,304,2019,3,0.45195326,3.4010968,1450.5785,3.4989429,589.80994,0.15,4.2490997,1507.4443
+1.5C,305,2015,3,0.23034124,3.4414494,680.9529,3.186679,528.0024,0.15,3.7703688,1350.3818
+1.5C,305,2016,3,0.29927468,3.3300843,909.8591,3.1919663,549.0739,0.15,3.8983254,1399.8633
+1.5C,305,2017,3,0.35821867,3.4191844,1023.7595,3.3342257,535.73474,0.15,3.8559768,1371.6249
+1.5C,305,2018,3,0.33733386,3.3149831,975.7462,3.2418454,527.45197,0.15,3.9570715,1349.2163
+1.5C,305,2019,3,0.5483491,2.8862314,1714.7787,2.6201754,588.9445,0.15,2.5232499,1499.344
+1.5C,306,2015,3,0.4280358,3.3950756,1006.2955,3.4116602,466.0156,0.15,4.027044,1185.2554
+1.5C,306,2016,3,0.33148164,3.664528,786.60583,3.4579456,477.16754,0.15,4.2803574,1209.9441
+1.5C,306,2017,3,0.42380002,3.2927587,1068.1328,3.2000873,506.10403,0.15,3.1248488,1281.5756
+1.5C,306,2018,3,0.3152814,3.378374,743.9162,3.251471,455.17163,0.15,3.9953365,1158.0973
+1.5C,306,2019,3,0.33158204,3.297394,789.373,3.192977,461.37402,0.15,3.9304898,1174.9828
+1.5C,307,2015,3,0.5374615,2.5699158,1776.6086,2.7820415,580.0114,0.15,3.2268474,1488.082
+1.5C,307,2016,3,0.26947778,3.0458543,941.26074,2.995806,583.2253,0.15,3.5978646,1493.6046
+1.5C,307,2017,3,0.5924083,2.226938,1880.4156,2.648206,553.49603,0.15,2.974298,1424.123
+1.5C,307,2018,3,0.5451586,1.9197015,1783.1252,2.2362418,561.4969,0.15,2.5885959,1440.194
+1.5C,307,2019,3,0.28933015,2.2616951,927.6022,2.3288412,521.7445,0.15,2.668203,1347.2502
+1.5C,308,2015,3,0.5756458,1.6661875,1939.3074,1.5642257,576.3707,0.15,1.5686098,1488.5299
+1.5C,308,2016,3,0.42675772,2.6133416,1460.1078,2.8054912,578.96277,0.15,3.1097932,1493.2288
+1.5C,308,2017,3,0.46900463,2.359658,1510.9957,2.4042945,545.72345,0.15,2.5803833,1415.0243
+1.5C,308,2018,3,0.5891206,2.1672904,1950.8583,2.5048428,570.5034,0.15,2.7668774,1472.8748
+1.5C,308,2019,3,0.4338779,2.4451263,1364.2927,2.742381,530.0699,0.15,3.2031045,1375.1825
+1.5C,309,2015,3,0.44552004,2.6482651,1151.4719,2.8242424,481.71274,0.15,3.3371549,1219.9736
+1.5C,309,2016,3,0.42574114,2.3502295,1046.3314,2.5404856,446.29733,0.15,3.077845,1138.694
+1.5C,309,2017,3,0.44921207,2.4497097,1190.0377,2.6314733,491.33456,0.15,3.1926663,1244.5314
+1.5C,309,2018,3,0.44192082,2.2389903,1160.7883,2.4393806,475.7249,0.15,2.728013,1201.4904
+1.5C,309,2019,3,0.4225923,2.4511108,1121.0862,2.60051,485.413,0.15,3.170104,1229.5363
+1.5C,310,2015,3,0.46187565,4.1080055,1210.8123,4.1218977,521.8686,0.15,4.688278,1320.0361
+1.5C,310,2016,3,0.4633003,3.051497,1254.7241,2.8396978,516.40784,0.15,2.7798405,1308.0101
+1.5C,310,2017,3,0.5500574,2.136406,1528.839,1.9199616,531.0835,0.15,1.943356,1344.3784
+1.5C,310,2018,3,0.54489386,2.2116153,1458.5305,1.9714743,503.0103,0.15,1.9322098,1275.8043
+1.5C,310,2019,3,0.31405306,4.6608787,825.9177,4.346187,521.54645,0.15,5.228398,1320.463
+1.5C,311,2015,3,0.5916969,1.3980887,1787.6946,1.333261,529.59064,0.15,1.3459347,1368.4515
+1.5C,311,2016,3,0.56708646,0.54297197,1786.8726,0.48841634,535.98334,0.15,0.50778323,1385.6028
+1.5C,311,2017,3,0.5832565,3.4723413,1651.8962,3.8704104,519.27405,0.15,4.183661,1345.6725
+1.5C,311,2018,3,0.5175048,3.3425074,1512.0841,3.3362093,535.10034,0.15,3.4960823,1384.5931
+1.5C,311,2019,3,0.5711893,3.66737,1704.3539,3.7245038,554.8526,0.15,3.7058465,1432.4844
+1.5C,312,2015,3,0.55104065,2.7735155,1635.4529,2.8084123,549.26276,0.15,2.9287727,1402.5658
+1.5C,312,2016,3,0.58101135,1.9033015,1754.2039,1.7707295,552.6118,0.15,1.8286921,1407.9729
+1.5C,312,2017,3,0.5987282,0.76956356,1910.3732,0.62616056,561.88416,0.15,0.6261395,1430.999
+1.5C,312,2018,3,0.5216819,2.913485,1553.0918,2.912096,546.52203,0.15,3.2443855,1394.1034
+1.5C,312,2019,3,0.5953224,1.3999453,1934.3885,1.094681,585.4349,0.15,1.0013022,1489.1029
+1.5C,313,2015,3,0.3881546,5.097456,926.9073,5.0935836,486.78735,0.15,5.9498763,1237.0679
+1.5C,313,2016,3,0.42174816,5.3669915,1030.6863,5.2944317,519.3467,0.15,5.895307,1316.4532
+1.5C,313,2017,3,0.42390162,5.4629917,998.3851,5.3613257,521.08435,0.15,5.339022,1320.0199
+1.5C,313,2018,3,0.52227604,3.5349562,1258.3698,2.9822621,492.1446,0.15,2.8467972,1249.3202
+1.5C,313,2019,3,0.34834585,5.687468,807.3088,5.431425,493.7081,0.15,6.5983205,1253.6355
+1.5C,314,2015,3,0.19195937,2.751002,706.9883,2.5299792,618.6239,0.15,3.0637002,1589.1222
+1.5C,314,2016,3,0.27498695,2.908335,1011.1405,2.7645075,631.0313,0.15,3.3592637,1618.9225
+1.5C,314,2017,3,0.2211759,2.809558,777.9256,2.613338,598.358,0.15,3.1697755,1541.9218
+1.5C,314,2018,3,0.27833155,3.1731398,1000.65594,2.973612,628.6561,0.15,3.623327,1616.5347
+1.5C,314,2019,3,0.19225153,3.0414605,695.1419,2.7647421,614.62354,0.15,3.360727,1579.8164
+1.5C,315,2015,3,0.25778988,2.9417048,936.0776,2.810848,615.11176,0.15,3.4028537,1578.8057
+1.5C,315,2016,3,0.32018498,3.1213422,1158.5986,3.0348983,625.39703,0.15,3.6170034,1604.2361
+1.5C,315,2017,3,0.23992698,3.2011404,840.0917,3.012231,598.77386,0.15,3.6517298,1540.5107
+1.5C,315,2018,3,0.25176588,3.5544546,914.4825,3.3198047,635.94495,0.15,3.8067584,1631.6145
+1.5C,315,2019,3,0.19035758,3.2898767,696.72925,2.994433,620.2406,0.15,3.6369858,1590.458
+1.5C,316,2015,3,0.55469084,1.7540497,1363.6266,1.5557294,481.29504,0.15,1.5844314,1210.3936
+1.5C,316,2016,3,0.52048343,1.8824753,1347.9617,1.7824762,503.64172,0.15,1.8201741,1264.7455
+1.5C,316,2017,3,0.5576074,0.9457153,1520.5009,0.85616577,518.43634,0.15,0.9060311,1303.7043
+1.5C,316,2018,3,0.5377897,2.1601193,1365.4235,2.0540605,492.0465,0.15,2.1004195,1243.5245
+1.5C,316,2019,3,0.44025803,2.4739933,1061.7919,2.268502,467.47467,0.15,2.3217502,1183.2241
+1.5C,317,2015,3,0.24307163,3.8038735,695.24945,3.5531416,517.4067,0.15,4.212857,1325.9886
+1.5C,317,2016,3,0.31162483,3.9522314,915.79755,3.788712,549.06683,0.15,4.6312904,1401.8619
+1.5C,317,2017,3,0.36298478,3.858436,1014.2814,3.7823443,531.2678,0.15,4.2220836,1362.8763
+1.5C,317,2018,3,0.31397817,3.967297,892.0554,3.8452256,526.5673,0.15,4.6735544,1351.1373
+1.5C,317,2019,3,0.5408025,3.3459322,1677.6129,3.0439825,589.70026,0.15,2.69171,1503.1266
+1.5C,318,2015,3,0.5317929,2.5133972,1757.1522,2.94622,572.60406,0.15,3.4444408,1473.5592
+1.5C,318,2016,3,0.39643386,2.4763846,1369.9346,2.7306433,579.0114,0.15,3.2667778,1486.3599
+1.5C,318,2017,3,0.44982767,2.4622512,1445.6365,2.786367,546.60486,0.15,3.349864,1409.845
+1.5C,318,2018,3,0.5611545,2.2199936,1845.3405,2.7205126,570.8078,0.15,3.2490318,1467.055
+1.5C,318,2019,3,0.18421139,2.484088,599.43976,2.3876567,526.69354,0.15,2.8492184,1361.3652
+1.5C,319,2015,3,0.4316663,3.9326434,1214.3918,3.8521795,559.4638,0.15,4.669971,1414.7113
+1.5C,319,2016,3,0.55437756,2.6282938,1721.0702,1.9445612,600.2866,0.15,1.6202799,1509.1788
+1.5C,319,2017,3,0.5937652,2.2526057,1828.653,1.7233088,588.9612,0.15,1.3875237,1481.9147
+1.5C,319,2018,3,0.5709941,3.015168,1764.7222,3.022167,607.9606,0.15,3.3629007,1529.3992
+1.5C,319,2019,3,0.54421926,3.4558797,1667.7004,3.375615,612.79285,0.15,3.459652,1540.3619
+1.5C,320,2015,4,0.51810056,7.2245436,1333.9921,8.687085,148.53395,0.05,9.123551,1164.0804
+1.5C,320,2016,4,0.19422221,10.914269,498.61993,11.191343,153.97351,0.05,11.831015,1199.4756
+1.5C,320,2017,4,0.21523683,11.232483,542.6239,11.784389,150.5099,0.05,12.421698,1176.1151
+1.5C,320,2018,4,0.44879618,10.353861,1157.5352,11.632462,157.63255,0.05,12.275515,1228.1461
+1.5C,320,2019,4,0.27755558,11.50658,685.9042,12.291534,149.40704,0.05,12.893301,1167.4326
+1.5C,321,2015,4,0.27532014,10.663157,476.70633,10.606451,118.43359,0.05,10.903396,897.4662
+1.5C,321,2016,4,0.29292688,12.650608,507.9422,13.363144,119.02904,0.05,13.718796,900.3206
+1.5C,321,2017,4,0.26756525,12.224422,448.15,12.732079,113.60068,0.05,13.151876,864.4412
+1.5C,321,2018,4,0.3251284,10.966341,601.65674,11.21628,130.1457,0.05,11.683805,976.4198
+1.5C,321,2019,4,0.30443603,8.833967,572.5498,9.151246,121.1943,0.05,9.5410595,917.4149
+1.5C,322,2015,4,0.41330466,11.726455,868.79224,12.17365,146.79953,0.05,12.694927,1100.3054
+1.5C,322,2016,4,0.3503666,13.813166,667.51056,14.992969,133.62209,0.05,15.610268,1012.1451
+1.5C,322,2017,4,0.44373897,8.782571,927.14075,9.37351,140.612,0.05,9.799564,1057.827
+1.5C,322,2018,4,0.42004603,9.550543,944.42255,9.864766,152.83359,0.05,10.325059,1144.6052
+1.5C,322,2019,4,0.4266121,10.709126,892.80853,10.977818,144.43837,0.05,11.440481,1081.8655
+1.5C,323,2015,4,0.47480768,6.381152,1427.0327,7.5202227,180.53009,0.05,7.9205184,1368.1897
+1.5C,323,2016,4,0.47562194,7.417946,1426.6497,8.230373,184.99844,0.05,8.634589,1397.0195
+1.5C,323,2017,4,0.46969292,7.0612073,1449.6792,7.998075,187.57887,0.05,8.394261,1413.1918
+1.5C,323,2018,4,0.4218548,9.175625,1276.861,10.15642,184.25403,0.05,10.598059,1390.4956
+1.5C,323,2019,4,0.43989378,8.013075,1348.1805,8.834703,185.44647,0.05,9.2247305,1400.9642
+1.5C,324,2015,4,0.2219005,12.256871,454.15436,13.409845,120.63929,0.05,14.104585,943.5188
+1.5C,324,2016,4,0.18612461,13.469736,391.9908,14.3538475,125.24173,0.05,15.139212,978.8196
+1.5C,324,2017,4,0.35491768,12.832197,868.2208,15.011848,146.85362,0.05,15.790903,1138.4255
+1.5C,324,2018,4,0.32465073,12.905315,698.8756,14.730243,130.22812,0.05,15.470726,1015.65594
+1.5C,324,2019,4,0.27852753,11.229972,670.0086,12.843213,138.49117,0.05,13.520747,1074.8075
+1.5C,325,2015,4,0.09465568,24.485601,298.66626,24.20614,206.58029,0.05,25.677788,1589.8579
+1.5C,325,2016,4,0.114145115,25.838778,359.84274,25.67394,211.72667,0.05,27.33544,1626.6249
+1.5C,325,2017,4,0.080981255,23.631668,258.5983,23.150663,209.80159,0.05,24.636663,1608.8098
+1.5C,325,2018,4,0.09729977,24.603815,315.43903,24.32201,212.22238,0.05,25.876,1627.7802
+1.5C,325,2019,4,0.0759471,24.54697,242.97021,23.99185,209.07832,0.05,25.441607,1605.1886
+1.5C,326,2015,4,0.44253948,11.191187,978.916,11.868496,151.54324,0.05,12.38728,1138.5814
+1.5C,326,2016,4,0.46611422,10.24233,971.1291,10.746307,142.21452,0.05,11.160739,1075.5912
+1.5C,326,2017,4,0.5000589,9.414934,1077.5801,10.068077,148.21631,0.05,10.565223,1116.188
+1.5C,326,2018,4,0.4979118,8.022215,1141.741,8.724321,155.20929,0.05,9.199123,1164.8047
+1.5C,326,2019,4,0.45730352,10.533936,1020.8171,10.881139,153.54698,0.05,11.372761,1150.5819
+1.5C,327,2015,4,0.35999712,11.431195,952.2356,11.970136,168.60042,0.05,12.3756075,1250.0042
+1.5C,327,2016,4,0.41275838,8.524075,1131.5061,9.413816,170.23889,0.05,9.812257,1260.2595
+1.5C,327,2017,4,0.43848765,6.454803,1236.2745,7.0097528,175.15497,0.05,7.3084316,1294.22
+1.5C,327,2018,4,0.30972275,11.566781,843.1372,12.300581,169.21796,0.05,12.967879,1254.1456
+1.5C,327,2019,4,0.29230347,11.1167345,808.8741,12.006778,169.44054,0.05,12.6132765,1253.6323
+1.5C,328,2015,4,0.21744594,4.4983444,645.2831,4.6929812,164.36319,0.05,4.9949107,1254.4071
+1.5C,328,2016,4,0.19939071,4.562911,544.74615,4.6902604,161.54811,0.05,4.998524,1233.2484
+1.5C,328,2017,4,0.22370309,4.850038,664.43567,4.999252,169.00777,0.05,5.331397,1291.748
+1.5C,328,2018,4,0.21191175,4.864718,641.16113,4.9898167,172.48637,0.05,5.3209867,1315.5996
+1.5C,328,2019,4,0.20922922,4.739375,632.71326,4.8757825,171.594,0.05,5.1935644,1305.8225
+1.5C,329,2015,4,0.20326301,6.5580516,573.79944,6.7293434,162.36913,0.05,7.1288667,1231.7139
+1.5C,329,2016,4,0.23286831,7.2783527,620.14844,7.5281096,157.79506,0.05,7.9118834,1199.6853
+1.5C,329,2017,4,0.2744316,6.0831013,775.7664,6.411611,164.65897,0.05,6.751131,1247.6309
+1.5C,329,2018,4,0.22641665,6.899438,624.6954,7.301842,162.18568,0.05,7.7573204,1229.035
+1.5C,329,2019,4,0.2485886,6.0828815,700.53485,6.339093,161.54346,0.05,6.70706,1224.2401
+1.5C,330,2015,4,0.32280907,13.719752,979.30676,15.615074,185.52145,0.05,16.481955,1429.941
+1.5C,330,2016,4,0.3112754,13.953106,985.24817,15.185047,192.25098,0.05,15.709843,1480.0381
+1.5C,330,2017,4,0.37864828,12.974817,1149.1644,15.173794,183.36568,0.05,15.963711,1416.1178
+1.5C,330,2018,4,0.21974535,13.714175,680.4345,14.747319,187.7624,0.05,15.666912,1445.167
+1.5C,330,2019,4,0.3118461,14.07305,894.8716,15.804814,176.39635,0.05,16.775408,1363.6832
+1.5C,331,2015,4,0.16727577,13.080325,428.33682,13.709922,147.27031,0.05,14.387462,1144.9216
+1.5C,331,2016,4,0.1006185,14.080321,268.38928,14.235271,153.02429,0.05,15.013534,1185.3853
+1.5C,331,2017,4,0.11102754,13.841873,281.38657,14.092644,145.79553,0.05,14.846402,1133.8168
+1.5C,331,2018,4,0.12974368,14.178969,340.10788,14.616635,149.88393,0.05,15.394061,1163.8196
+1.5C,331,2019,4,0.10376772,13.738902,256.91122,13.878056,142.94629,0.05,14.563035,1112.5474
+1.5C,332,2015,4,0.46755752,8.59495,1439.6938,9.960577,185.57042,0.05,10.469449,1401.2916
+1.5C,332,2016,4,0.3607673,11.158638,1079.6929,12.055588,183.33862,0.05,12.6222315,1380.2513
+1.5C,332,2017,4,0.42421156,8.855669,1316.7094,9.857855,187.5319,0.05,10.298589,1409.704
+1.5C,332,2018,4,0.41159618,10.24017,1257.8641,11.246466,187.21611,0.05,11.736454,1407.3242
+1.5C,332,2019,4,0.4231206,9.797742,1323.4625,10.73728,189.99255,0.05,11.20714,1428.4625
+1.5C,333,2015,4,0.30088866,10.236337,1187.7047,10.485139,231.60005,0.05,11.277011,1732.458
+1.5C,333,2016,4,0.2534634,9.929232,957.0867,10.109019,226.13258,0.05,10.842342,1694.483
+1.5C,333,2017,4,0.3179738,9.645658,1287.4475,9.861836,232.85188,0.05,10.554859,1740.3469
+1.5C,333,2018,4,0.30293304,10.622465,1212.7003,10.796317,240.00917,0.05,11.6107025,1787.5006
+1.5C,333,2019,4,0.35883948,9.375805,1434.6205,9.728798,234.69359,0.05,10.416116,1756.1323
+1.5C,334,2015,4,0.27509925,9.408095,439.37366,10.437423,107.085556,0.05,11.145973,811.6929
+1.5C,334,2016,4,0.33610046,8.540187,675.7215,8.325799,128.45018,0.05,8.460662,960.6232
+1.5C,334,2017,4,0.30719122,9.61185,548.97894,10.753601,119.95583,0.05,11.326291,904.89404
+1.5C,334,2018,4,0.30789685,10.02847,539.6526,10.892056,119.63742,0.05,11.19491,899.74347
+1.5C,334,2019,4,0.30765298,9.207264,492.6486,9.838553,108.77836,0.05,10.136647,829.7542
+1.5C,335,2015,4,0.24886225,12.120167,406.85913,12.356647,114.35701,0.05,12.655706,869.76
+1.5C,335,2016,4,0.27917606,12.553354,458.97015,13.410452,115.71985,0.05,13.765815,878.86035
+1.5C,335,2017,4,0.23847394,13.181134,377.42,13.91711,112.10488,0.05,14.564347,854.46246
+1.5C,335,2018,4,0.30494818,8.963423,544.8354,9.292776,123.57378,0.05,9.671383,931.6288
+1.5C,335,2019,4,0.2674565,9.960403,470.6736,9.938056,115.737595,0.05,10.180834,878.3685
+1.5C,336,2015,4,0.38098544,9.615798,1030.6466,11.157562,152.2876,0.05,11.600696,1188.6436
+1.5C,336,2016,4,0.3278052,10.3573,959.2753,11.565374,164.79047,0.05,11.97694,1280.6265
+1.5C,336,2017,4,0.17778641,11.352118,498.5506,11.975913,154.8408,0.05,12.497284,1208.4167
+1.5C,336,2018,4,0.3932988,9.582203,1127.4558,11.33485,160.14877,0.05,11.743497,1246.3899
+1.5C,336,2019,4,0.4816451,5.7014318,1311.1168,6.177273,150.68091,0.05,6.2234287,1177.332
+1.5C,337,2015,4,0.35017538,8.844908,981.9767,9.649805,165.92194,0.05,10.064343,1256.706
+1.5C,337,2016,4,0.3156282,9.838299,897.55585,10.496897,168.24284,0.05,10.95404,1273.958
+1.5C,337,2017,4,0.37848276,9.232225,1082.1678,9.995911,171.79153,0.05,10.378876,1296.9883
+1.5C,337,2018,4,0.3458529,9.21612,984.0747,9.972739,170.46489,0.05,10.424609,1288.5176
+1.5C,337,2019,4,0.38248113,9.366425,1127.5671,10.179582,176.18437,0.05,10.564905,1330.8197
+1.5C,338,2015,4,0.38408673,15.0025215,888.15814,16.046562,159.26865,0.05,16.968922,1195.4786
+1.5C,338,2016,4,0.37017342,14.627037,811.4092,15.609224,150.62387,0.05,16.430185,1138.297
+1.5C,338,2017,4,0.40604073,14.387264,917.39386,15.340747,159.32277,0.05,16.249748,1200.2335
+1.5C,338,2018,4,0.42875913,13.746464,1009.70856,14.9671135,160.42351,0.05,15.884381,1206.3925
+1.5C,338,2019,4,0.3818206,16.101246,916.0113,17.195957,163.5555,0.05,18.176556,1226.978
+1.5C,339,2015,4,0.29181328,11.746371,778.26575,13.178402,149.89471,0.05,13.765852,1174.5634
+1.5C,339,2016,4,0.25948736,11.383788,759.9462,12.47212,165.03853,0.05,13.023273,1283.4792
+1.5C,339,2017,4,0.17066081,11.882791,491.41376,12.531952,158.85118,0.05,13.0951185,1238.4854
+1.5C,339,2018,4,0.32472914,10.4239025,935.34375,12.044782,159.91083,0.05,12.530108,1245.8705
+1.5C,339,2019,4,0.3970614,7.148331,1105.8002,7.6823487,154.39458,0.05,7.7848835,1205.7451
+1.5C,340,2015,4,0.22735833,11.922649,621.1387,12.683706,158.02225,0.05,13.207076,1218.372
+1.5C,340,2016,4,0.20479923,13.059521,583.71277,14.096807,165.48663,0.05,14.909695,1270.4775
+1.5C,340,2017,4,0.20439155,12.491855,581.41327,13.473088,162.63066,0.05,14.155493,1254.9518
+1.5C,340,2018,4,0.18825808,12.383257,583.35236,13.281602,175.06152,0.05,13.983773,1342.6569
+1.5C,340,2019,4,0.24796256,9.934101,733.18567,10.692702,168.23563,0.05,11.13246,1292.8556
+1.5C,341,2015,4,0.35079113,12.6448345,919.1701,13.656421,168.22496,0.05,14.18724,1250.6027
+1.5C,341,2016,4,0.4368374,9.115692,1222.2914,9.9992285,175.51894,0.05,10.383213,1300.5251
+1.5C,341,2017,4,0.4684306,6.218763,1328.1908,6.8257647,175.07538,0.05,7.1089044,1301.364
+1.5C,341,2018,4,0.34746927,10.863519,982.6691,11.3822975,176.1796,0.05,11.851747,1301.1833
+1.5C,341,2019,4,0.30450472,11.743672,837.74084,12.499108,172.3865,0.05,13.130402,1278.1732
+1.5C,342,2015,4,0.3993927,8.237571,734.2874,8.83713,123.75069,0.05,9.212084,936.1023
+1.5C,342,2016,4,0.31218705,10.334949,564.0038,10.592478,121.34091,0.05,10.893358,919.96216
+1.5C,342,2017,4,0.3063319,11.095075,548.2315,11.359267,119.96169,0.05,11.722733,911.96576
+1.5C,342,2018,4,0.33398643,11.162504,659.6532,11.537305,133.9356,0.05,11.942667,1002.65234
+1.5C,342,2019,4,0.32376334,11.806362,606.3953,12.428926,128.72394,0.05,12.827333,969.0034
+1.5C,343,2015,4,0.22589584,11.433009,378.7998,12.7753,98.58644,0.05,13.513932,778.8779
+1.5C,343,2016,4,0.23448777,12.040575,391.4033,13.27053,101.96854,0.05,14.067597,800.5864
+1.5C,343,2017,4,0.2166206,13.29334,376.94626,14.216311,107.95451,0.05,14.930934,846.8325
+1.5C,343,2018,4,0.23982356,12.685949,407.19183,14.095446,103.17103,0.05,14.917381,811.2247
+1.5C,343,2019,4,0.24274746,11.6960945,428.1713,13.030002,105.39329,0.05,13.805367,824.4675
+1.5C,344,2015,4,0.5127038,6.329094,1462.1992,6.9651895,162.68535,0.05,7.1327324,1259.5304
+1.5C,344,2016,4,0.51321435,7.8543925,1444.8915,8.908471,163.78291,0.05,9.110176,1268.0066
+1.5C,344,2017,4,0.53161204,6.865245,1461.6046,8.124994,157.44003,0.05,8.331742,1219.521
+1.5C,344,2018,4,0.5890161,3.4372861,1735.6117,3.3223882,165.73761,0.05,3.3029232,1282.5249
+1.5C,344,2019,4,0.52021307,3.1491206,1460.6959,3.0121655,155.01804,0.05,2.9936395,1202.8496
+1.5C,345,2015,4,0.39686435,10.061935,836.34973,10.517203,142.99568,0.05,11.064396,1071.2397
+1.5C,345,2016,4,0.33107206,13.260343,621.0502,13.971033,131.32307,0.05,14.4500065,991.4768
+1.5C,345,2017,4,0.3686948,9.389547,746.4639,9.862709,135.58685,0.05,10.355824,1021.382
+1.5C,345,2018,4,0.33362138,13.077382,693.7126,13.413073,145.92957,0.05,13.949128,1090.3112
+1.5C,345,2019,4,0.37013844,12.460386,729.4871,13.288438,135.9729,0.05,13.783245,1021.2381
+1.5C,346,2015,4,0.49473655,6.7852907,1487.242,7.993921,180.68646,0.05,8.378288,1368.4219
+1.5C,346,2016,4,0.4061753,9.825555,1210.5361,10.674888,183.29562,0.05,11.114468,1381.3169
+1.5C,346,2017,4,0.48037615,7.6998043,1477.1324,8.64676,187.53952,0.05,9.00867,1411.2977
+1.5C,346,2018,4,0.46357286,8.650246,1416.0737,9.629425,188.22281,0.05,10.018466,1414.9674
+1.5C,346,2019,4,0.45729715,8.806396,1409.3112,9.647377,189.00793,0.05,10.007891,1422.9731
+1.5C,347,2015,4,0.32792333,13.803331,740.10455,15.361096,140.57399,0.05,15.832418,1077.799
+1.5C,347,2016,4,0.32986435,13.914564,740.4937,15.906502,139.65996,0.05,16.76469,1072.1561
+1.5C,347,2017,4,0.31412593,11.785967,740.2741,12.582043,144.53134,0.05,12.971807,1104.0942
+1.5C,347,2018,4,0.32074383,13.431239,702.1315,15.34524,135.9645,0.05,16.123743,1048.4652
+1.5C,347,2019,4,0.32565454,12.44183,719.6299,13.851707,134.37877,0.05,14.329602,1034.2008
+1.5C,348,2015,4,0.26686805,13.212098,674.37506,14.537218,149.41022,0.05,15.184551,1158.4384
+1.5C,348,2016,4,0.37292832,12.288799,1008.73346,14.511028,159.67096,0.05,15.173561,1232.901
+1.5C,348,2017,4,0.27177143,12.648623,701.2628,14.122755,149.50261,0.05,14.801239,1158.9517
+1.5C,348,2018,4,0.35174766,12.044124,931.5828,13.989423,154.27328,0.05,14.595774,1193.4528
+1.5C,348,2019,4,0.32801566,11.760843,842.212,13.338184,150.82866,0.05,13.890451,1168.9664
+1.5C,349,2015,4,0.25725257,10.877762,854.6883,11.337072,201.6074,0.05,11.850971,1544.3976
+1.5C,349,2016,4,0.2283865,10.781547,728.67737,11.174717,194.83916,0.05,11.646828,1498.8502
+1.5C,349,2017,4,0.22629009,10.345862,682.2909,10.979635,185.76038,0.05,11.553319,1428.1676
+1.5C,349,2018,4,0.22957005,10.635112,710.0762,11.271479,190.07277,0.05,11.833317,1461.7987
+1.5C,349,2019,4,0.14030816,11.525027,446.70258,11.671134,196.39403,0.05,12.262127,1509.7302
+1.5C,350,2015,4,0.53740954,10.887461,1552.9398,11.745658,190.33948,0.05,12.225903,1432.5155
+1.5C,350,2016,4,0.5464685,8.331013,1641.0269,8.995525,192.4302,0.05,9.426476,1449.0369
+1.5C,350,2017,4,0.5762444,8.266143,1685.4642,8.788439,189.05511,0.05,9.179688,1427.0446
+1.5C,350,2018,4,0.54483527,9.985951,1581.7502,11.05009,188.49185,0.05,11.529552,1420.0857
+1.5C,350,2019,4,0.49874297,9.423746,1479.6466,10.229169,188.07655,0.05,10.716875,1414.6129
+1.5C,351,2015,4,0.5971548,3.613615,1844.6699,3.831916,175.70123,0.05,3.8625412,1351.9203
+1.5C,351,2016,4,0.40524092,4.667044,1258.84,5.057604,171.39778,0.05,5.156203,1322.5565
+1.5C,351,2017,4,0.57098633,4.455547,1712.7118,5.265033,168.27304,0.05,5.37965,1299.3092
+1.5C,351,2018,4,0.519714,1.9048009,1613.898,1.9532332,170.35841,0.05,1.9657782,1312.8195
+1.5C,351,2019,4,0.4728322,2.0758104,1368.5798,2.2274988,157.57967,0.05,2.2440367,1221.4355
+1.5C,352,2015,4,0.343507,9.4310465,618.1484,9.406837,123.05533,0.05,9.628574,925.60944
+1.5C,352,2016,4,0.3297006,9.908322,589.92773,9.729744,123.67764,0.05,9.995064,932.26605
+1.5C,352,2017,4,0.2754554,1.1703014,485.85074,1.2583148,125.231445,0.05,1.3427464,939.339
+1.5C,352,2018,4,0.36410034,8.549541,731.3564,8.355597,135.69841,0.05,8.600095,1012.6052
+1.5C,352,2019,4,0.32627648,10.609701,539.5957,10.772577,119.16231,0.05,11.047423,900.7005
+1.5C,353,2015,4,0.15798022,26.391167,446.44662,27.293991,184.42009,0.05,28.800709,1424.1112
+1.5C,353,2016,4,0.12652552,27.16797,360.26364,27.774717,186.17293,0.05,29.45572,1437.5128
+1.5C,353,2017,4,0.13176347,27.067776,364.12827,27.698572,182.24306,0.05,29.388433,1408.2732
+1.5C,353,2018,4,0.154512,26.939142,427.924,27.968073,183.53357,0.05,29.673098,1416.8259
+1.5C,353,2019,4,0.17192109,25.738577,488.70554,27.101398,184.54466,0.05,28.57346,1422.3467
+1.5C,354,2015,4,0.23581375,13.900735,447.92545,15.19374,118.287094,0.05,16.035027,920.81024
+1.5C,354,2016,4,0.2242759,15.324879,419.06766,16.423038,120.58768,0.05,17.402227,936.1446
+1.5C,354,2017,4,0.15545066,15.120214,309.6718,15.606546,124.7725,0.05,16.59287,964.40515
+1.5C,354,2018,4,0.23163283,13.733448,409.668,14.94605,112.356026,0.05,15.83707,877.00354
+1.5C,354,2019,4,0.22236355,13.086213,395.2047,14.19491,110.88969,0.05,15.056668,864.9043
+1.5C,355,2015,4,0.5982761,2.9595203,1874.3835,3.0939085,177.26164,0.05,3.117588,1363.4127
+1.5C,355,2016,4,0.5477456,5.332099,1645.6874,5.981576,170.79172,0.05,6.1025653,1318.4504
+1.5C,355,2017,4,0.5563981,4.8758955,1644.8242,5.9425616,166.0413,0.05,6.1083097,1281.3909
+1.5C,355,2018,4,0.41416094,1.8965087,1294.8491,1.8724589,169.12804,0.05,1.8744152,1302.5042
+1.5C,355,2019,4,0.4377238,2.8197706,1258.2621,3.0318732,156.63174,0.05,3.07021,1214.4497
+1.5C,356,2015,4,0.43128702,11.722461,931.5994,12.448425,149.38066,0.05,13.041581,1119.2805
+1.5C,356,2016,4,0.42168468,11.895517,840.2313,12.394841,136.83812,0.05,12.845503,1036.7084
+1.5C,356,2017,4,0.44522327,10.620102,923.7502,11.265746,142.99725,0.05,11.759727,1076.2672
+1.5C,356,2018,4,0.43437603,10.228686,983.62115,10.571693,155.43053,0.05,11.055341,1164.7499
+1.5C,356,2019,4,0.39449513,12.6473465,827.46625,13.545337,147.75664,0.05,14.115839,1105.347
+1.5C,357,2015,4,0.47976252,6.7517405,1240.5112,6.805942,162.87846,0.05,6.9511466,1229.916
+1.5C,357,2016,4,0.3736848,8.244794,935.3705,9.3259535,158.93051,0.05,9.75232,1206.9102
+1.5C,357,2017,4,0.5122698,7.7840414,1293.8812,8.822772,164.94765,0.05,9.0214405,1244.756
+1.5C,357,2018,4,0.3371536,8.3665495,857.25476,8.6465,159.24706,0.05,8.804727,1206.3862
+1.5C,357,2019,4,0.47053978,7.6193805,1252.2445,9.107274,167.96101,0.05,9.406917,1263.864
+1.5C,358,2015,4,0.4242749,11.20634,794.4562,11.217011,129.95398,0.05,11.574471,982.17596
+1.5C,358,2016,4,0.32749644,15.18493,606.6665,15.008665,133.95033,0.05,15.32937,1013.29486
+1.5C,358,2017,4,0.33649534,15.67351,601.8653,16.142252,133.52022,0.05,16.43936,1012.04474
+1.5C,358,2018,4,0.34421444,15.13285,672.21326,15.592821,136.4119,0.05,15.975935,1028.7057
+1.5C,358,2019,4,0.35277286,14.408098,679.1866,15.552032,133.67152,0.05,16.147661,1008.4611
+1.5C,359,2015,4,0.4927261,12.058446,1730.6456,13.349853,215.82596,0.05,13.8057,1647.2769
+1.5C,359,2016,4,0.47125632,10.619948,1708.5568,12.01507,217.81012,0.05,12.413484,1662.5317
+1.5C,359,2017,4,0.5153628,9.101429,1831.9829,10.204827,214.97429,0.05,10.651187,1642.0089
+1.5C,359,2018,4,0.36949846,12.433437,1305.6594,13.890285,212.45497,0.05,14.538769,1624.2716
+1.5C,359,2019,4,0.49533588,10.365697,1716.4781,11.086103,207.71442,0.05,11.410284,1592.0593
+1.5C,360,2015,4,0.22313611,10.33872,540.6882,11.446729,138.71353,0.05,12.123996,1074.9906
+1.5C,360,2016,4,0.21131566,10.960589,553.6939,11.988611,150.9374,0.05,12.693395,1162.2878
+1.5C,360,2017,4,0.21875817,10.412422,554.0181,11.497486,144.23947,0.05,12.176182,1117.423
+1.5C,360,2018,4,0.19058551,10.074521,533.0108,10.937029,157.02145,0.05,11.54023,1206.0986
+1.5C,360,2019,4,0.22782575,9.416017,578.7615,10.012278,145.4534,0.05,10.388872,1123.4005
+1.5C,361,2015,4,0.27741688,12.120916,688.73785,13.397658,144.2348,0.05,14.024636,1107.4602
+1.5C,361,2016,4,0.22102751,13.960445,552.3777,14.944677,146.67996,0.05,15.72594,1124.4917
+1.5C,361,2017,4,0.28646004,11.746399,758.6597,12.896213,154.33548,0.05,13.466549,1173.62
+1.5C,361,2018,4,0.29167214,9.553732,760.5429,10.366084,152.79968,0.05,10.795326,1165.7502
+1.5C,361,2019,4,0.35992828,7.719799,973.77203,8.7234535,153.13441,0.05,9.087589,1171.4556
+1.5C,362,2015,4,0.2229305,11.954843,418.73383,13.051537,114.90538,0.05,13.849839,896.82196
+1.5C,362,2016,4,0.17758532,13.600857,327.3766,14.217576,117.35543,0.05,15.116264,911.1393
+1.5C,362,2017,4,0.13542782,14.168953,251.88022,14.447758,118.70924,0.05,15.3620205,918.6474
+1.5C,362,2018,4,0.21465634,12.341028,397.1712,13.38948,113.24841,0.05,14.208951,882.0966
+1.5C,362,2019,4,0.28666088,11.552091,545.54407,13.162549,115.86672,0.05,13.968904,900.7596
+1.5C,363,2015,4,0.3111688,18.065418,1121.6001,19.503136,221.88416,0.05,20.564734,1692.9137
+1.5C,363,2016,4,0.27044514,17.632357,949.0592,18.878973,214.47676,0.05,19.841232,1635.85
+1.5C,363,2017,4,0.27873802,18.560104,985.84937,19.842281,219.24525,0.05,20.859726,1671.4453
+1.5C,363,2018,4,0.19806454,18.773394,693.273,19.586412,214.26181,0.05,20.81594,1634.1617
+1.5C,363,2019,4,0.18757169,17.98026,683.278,18.686857,218.28899,0.05,19.806412,1662.898
+1.5C,364,2015,4,0.5882746,4.6448755,1729.0146,5.1040864,167.64378,0.05,5.1892266,1294.7444
+1.5C,364,2016,4,0.46051493,4.1840954,1373.2384,4.395088,165.92133,0.05,4.436197,1282.9629
+1.5C,364,2017,4,0.5700762,4.302662,1661.1748,4.930224,162.94493,0.05,5.019924,1262.1948
+1.5C,364,2018,4,0.57536596,1.5549358,1718.7687,1.7809262,163.37256,0.05,1.815737,1264.9526
+1.5C,364,2019,4,0.52667266,1.8333277,1507.1671,1.9506247,155.71841,0.05,1.962034,1209.4667
+1.5C,365,2015,4,0.35367686,10.968026,646.20874,11.269984,128.74503,0.05,11.675167,962.7692
+1.5C,365,2016,4,0.29885066,13.036383,518.2882,13.511336,125.62054,0.05,13.917826,948.3788
+1.5C,365,2017,4,0.30772653,10.316073,586.89636,10.201793,133.45184,0.05,10.4639225,998.0002
+1.5C,365,2018,4,0.36270785,9.804076,761.0533,9.770427,147.5491,0.05,10.057677,1095.6785
+1.5C,365,2019,4,0.33931705,11.071725,618.9364,11.233295,130.88954,0.05,11.566373,979.6825
+1.5C,366,2015,4,0.56381905,7.178385,1501.0603,9.001648,153.93968,0.05,9.48766,1202.7277
+1.5C,366,2016,4,0.47867188,9.716772,1249.948,11.224148,156.53537,0.05,11.865131,1220.2712
+1.5C,366,2017,4,0.38947994,9.903781,1007.23755,11.316062,154.08954,0.05,11.937444,1203.9344
+1.5C,366,2018,4,0.5463278,9.733392,1443.618,11.590754,160.59346,0.05,12.272157,1250.8551
+1.5C,366,2019,4,0.32004434,11.451228,800.6654,12.500089,151.79692,0.05,13.151944,1185.0769
+1.5C,367,2015,4,0.40349257,9.806189,725.5837,10.145866,123.45383,0.05,10.5411215,933.8947
+1.5C,367,2016,4,0.3416656,11.015589,603.3719,11.151253,121.6422,0.05,11.465288,920.9908
+1.5C,367,2017,4,0.31398803,9.762299,533.47797,10.326244,114.30949,0.05,10.740214,871.85236
+1.5C,367,2018,4,0.37895754,10.207596,742.96594,10.420184,135.33475,0.05,10.79517,1013.49817
+1.5C,367,2019,4,0.39217553,9.994693,748.18567,10.268633,128.33334,0.05,10.646828,967.0357
+1.5C,368,2015,4,0.2081147,12.015789,369.193,13.061917,106.89343,0.05,13.83819,838.9178
+1.5C,368,2016,4,0.16614287,12.626174,288.68408,13.19088,107.3678,0.05,14.005061,837.7399
+1.5C,368,2017,4,0.1822869,14.419025,327.50748,15.161805,113.99537,0.05,16.056381,886.54675
+1.5C,368,2018,4,0.20424514,12.57936,364.2471,13.605581,108.07,0.05,14.428098,843.8892
+1.5C,368,2019,4,0.23992245,12.886994,438.04532,14.146384,112.717964,0.05,15.017869,877.5635
+1.5C,369,2015,4,0.3911765,12.843885,776.2013,14.71365,124.9477,0.05,15.244394,965.84674
+1.5C,369,2016,4,0.48362625,11.235643,961.7924,13.505032,126.38686,0.05,14.133054,976.0965
+1.5C,369,2017,4,0.37552196,11.556048,786.09576,12.947526,130.72873,0.05,13.4439,1005.1672
+1.5C,369,2018,4,0.41530716,11.307674,789.46515,13.161783,118.55118,0.05,13.598739,921.122
+1.5C,369,2019,4,0.3590777,11.12361,677.6987,12.759138,116.15749,0.05,13.355631,900.7921
+1.5C,370,2015,4,0.40677187,10.99334,833.47156,11.455965,143.02097,0.05,11.97995,1071.3983
+1.5C,370,2016,4,0.34539843,13.141762,642.39923,14.158215,131.32677,0.05,14.574865,991.4717
+1.5C,370,2017,4,0.39863494,8.825366,799.3699,9.19362,135.53566,0.05,9.611701,1020.9567
+1.5C,370,2018,4,0.3583337,12.329008,741.1324,12.545695,145.92346,0.05,12.982193,1090.2134
+1.5C,370,2019,4,0.39351445,11.56167,774.76886,12.373822,135.89929,0.05,12.784927,1020.65155
+1.5C,371,2015,4,0.5428528,6.84705,1406.727,6.890673,172.88422,0.05,7.2435694,1296.8411
+1.5C,371,2016,4,0.4760211,8.327869,1110.9526,8.298907,161.9615,0.05,8.65314,1219.2183
+1.5C,371,2017,4,0.5088443,8.762186,1149.7275,8.8619995,160.8001,0.05,9.280482,1214.0167
+1.5C,371,2018,4,0.49894857,8.944191,1184.151,8.880418,167.85431,0.05,9.256746,1261.4637
+1.5C,371,2019,4,0.48268995,7.593051,1206.7046,7.740846,167.63562,0.05,8.122529,1260.0441
+1.5C,372,2015,4,0.3619996,9.187328,942.499,9.323974,162.74263,0.05,9.584598,1205.8907
+1.5C,372,2016,4,0.2791633,12.10773,691.7629,13.365627,157.30116,0.05,14.213692,1161.1499
+1.5C,372,2017,4,0.31905666,10.882088,847.59875,11.052698,168.464,0.05,11.364664,1238.5663
+1.5C,372,2018,4,0.28958482,12.266781,758.7713,13.051471,166.80455,0.05,13.791383,1229.4492
+1.5C,372,2019,4,0.25287908,11.41378,655.86017,12.645535,160.42966,0.05,13.423492,1180.3357
+1.5C,373,2015,4,0.24607386,12.402575,490.90884,13.050989,130.12137,0.05,13.771412,986.6624
+1.5C,373,2016,4,0.22257341,13.50793,419.6822,14.310684,123.5124,0.05,15.127211,934.8212
+1.5C,373,2017,4,0.23699315,13.328629,459.00345,13.98517,126.24679,0.05,14.7257,960.8365
+1.5C,373,2018,4,0.24936303,14.786888,522.5464,15.475235,140.13655,0.05,16.281393,1052.9746
+1.5C,373,2019,4,0.2425073,13.23555,496.2016,13.83471,131.92126,0.05,14.584794,998.6429
+1.5C,374,2015,4,0.4369705,12.831692,864.47296,12.961494,139.7447,0.05,13.418518,1062.479
+1.5C,374,2016,4,0.33662853,16.91972,679.3767,18.19493,143.65395,0.05,18.93602,1091.2709
+1.5C,374,2017,4,0.41228908,13.690335,824.76135,14.116269,140.51492,0.05,14.58181,1073.6638
+1.5C,374,2018,4,0.37251252,15.651079,796.29456,16.439379,148.88416,0.05,17.080952,1126.4644
+1.5C,374,2019,4,0.39377722,14.616745,825.5521,16.005316,145.66891,0.05,16.684328,1102.1057
+1.5C,375,2015,4,0.3786884,9.677077,729.8671,10.023565,129.83972,0.05,10.357696,977.77765
+1.5C,375,2016,4,0.2823183,13.653834,511.47153,14.350398,128.75748,0.05,14.802511,977.00256
+1.5C,375,2017,4,0.30454615,12.215492,599.0737,12.209051,134.16306,0.05,12.488422,1012.90765
+1.5C,375,2018,4,0.34363106,11.354083,726.1657,11.39559,147.56549,0.05,11.683842,1103.6145
+1.5C,375,2019,4,0.3417401,10.463578,673.59937,10.854227,133.96646,0.05,11.188193,1007.19916
+1.5C,376,2015,4,0.5349087,8.433252,1406.6613,10.568171,152.73187,0.05,11.161859,1192.1898
+1.5C,376,2016,4,0.3463191,11.930401,891.12524,13.226561,152.84027,0.05,14.029748,1191.5548
+1.5C,376,2017,4,0.24741475,12.189383,635.22345,13.047515,151.93195,0.05,13.801257,1187.369
+1.5C,376,2018,4,0.48399508,11.120396,1259.3674,13.183269,157.23634,0.05,14.000291,1223.8555
+1.5C,376,2019,4,0.22602473,12.225143,563.1747,13.007692,148.36813,0.05,13.790987,1157.2637
+1.5C,377,2015,4,0.418708,11.730123,904.09906,12.371519,149.72646,0.05,12.94886,1121.9135
+1.5C,377,2016,4,0.40666106,11.924685,812.83344,12.46052,137.10143,0.05,12.889095,1038.7283
+1.5C,377,2017,4,0.44411218,9.973725,927.6772,10.623806,143.2371,0.05,11.079181,1078.1
+1.5C,377,2018,4,0.4317734,9.561881,981.09094,9.831309,155.65263,0.05,10.298653,1166.4407
+1.5C,377,2019,4,0.39599085,12.035177,838.27423,12.496832,147.95946,0.05,13.057556,1106.895
+1.5C,378,2015,4,0.26135835,11.303533,921.8381,12.017347,217.20296,0.05,12.630085,1661.892
+1.5C,378,2016,4,0.23070039,12.087003,845.7869,12.708208,225.36923,0.05,13.351859,1721.3965
+1.5C,378,2017,4,0.23667614,11.315465,844.1836,11.75156,218.31262,0.05,12.246699,1670.651
+1.5C,378,2018,4,0.14908391,11.84015,539.5036,12.0631275,219.48422,0.05,12.840153,1679.6277
+1.5C,378,2019,4,0.22706215,11.381255,777.0817,11.950897,209.75592,0.05,12.631007,1610.4542
+1.5C,379,2015,4,0.5937636,6.1768603,1735.882,7.789319,172.01736,0.05,8.228817,1318.5753
+1.5C,379,2016,4,0.5977903,6.2249074,1774.8317,7.6230145,172.9998,0.05,8.049795,1331.6749
+1.5C,379,2017,4,0.5979925,4.917952,1796.3591,6.133207,173.20708,0.05,6.490126,1333.8639
+1.5C,379,2018,4,0.5983795,5.1871724,1775.7888,6.3184905,169.95523,0.05,6.6748195,1312.265
+1.5C,379,2019,4,0.5938431,4.6197114,1703.623,5.662197,166.71123,0.05,6.003432,1285.1027
+1.5C,380,2015,4,0.5753318,7.2872543,1540.7965,9.1292925,156.40106,0.05,9.63628,1214.6875
+1.5C,380,2016,4,0.47963384,9.938396,1234.6741,11.501608,155.3443,0.05,12.178007,1207.0862
+1.5C,380,2017,4,0.43481618,8.9720125,1158.398,10.435265,155.3185,0.05,11.006277,1208.854
+1.5C,380,2018,4,0.549995,9.213614,1449.7775,11.161476,158.77031,0.05,11.845273,1230.9279
+1.5C,380,2019,4,0.31325778,10.299187,774.1372,11.264807,147.15524,0.05,11.902931,1142.7311
+1.5C,381,2015,4,0.40268612,7.470048,756.2295,7.970489,125.393555,0.05,8.316867,943.87195
+1.5C,381,2016,4,0.31402612,10.797843,555.8115,10.947847,120.50858,0.05,11.250471,911.55084
+1.5C,381,2017,4,0.2820546,11.010116,503.40842,11.035807,121.085625,0.05,11.319937,917.44507
+1.5C,381,2018,4,0.30146933,11.903603,595.54626,12.485784,135.19527,0.05,13.010589,1009.5571
+1.5C,381,2019,4,0.32993758,10.210576,600.3235,10.699516,122.542496,0.05,11.038208,923.29205
+1.5C,382,2015,4,0.5596807,11.000601,2056.9973,12.652588,231.6624,0.05,13.166697,1761.6481
+1.5C,382,2016,4,0.5220954,12.183944,1956.5879,13.730511,233.50888,0.05,14.307465,1775.0239
+1.5C,382,2017,4,0.5076828,11.669938,1872.1735,12.969002,230.37747,0.05,13.601651,1753.5364
+1.5C,382,2018,4,0.35707772,16.567263,1301.5519,18.098995,227.81157,0.05,19.009235,1735.9634
+1.5C,382,2019,4,0.5684458,9.102631,2053.4182,10.157611,221.77498,0.05,10.592511,1692.5892
+1.5C,383,2015,4,0.17074819,18.937553,423.69156,19.773222,154.40411,0.05,20.980234,1191.7113
+1.5C,383,2016,4,0.18332508,19.60892,465.11282,20.593271,158.62317,0.05,21.880562,1224.9215
+1.5C,383,2017,4,0.19048154,18.914537,478.28937,20.032549,156.14998,0.05,21.17144,1205.6049
+1.5C,383,2018,4,0.2008321,20.09825,511.4627,20.977829,163.91823,0.05,22.045404,1263.1323
+1.5C,383,2019,4,0.30438414,18.809372,817.54767,20.813732,173.07533,0.05,21.83802,1326.6099
+1.5C,384,2015,4,0.23617919,12.329916,434.8171,13.719107,110.25669,0.05,14.479853,865.2619
+1.5C,384,2016,4,0.21869189,14.416033,387.91473,15.523937,112.88837,0.05,16.490423,882.5584
+1.5C,384,2017,4,0.24733287,12.904053,486.41608,13.637456,121.25116,0.05,14.14216,945.7267
+1.5C,384,2018,4,0.24563332,13.369667,440.56607,14.671076,111.10604,0.05,15.380285,870.01843
+1.5C,384,2019,4,0.24639079,11.289197,469.44498,12.53061,112.776535,0.05,13.154179,882.2427
+1.5C,385,2015,4,0.2752792,10.023633,446.90155,10.240747,111.94726,0.05,10.512928,844.8229
+1.5C,385,2016,4,0.32439724,8.894057,630.1089,8.645236,133.2152,0.05,8.858663,994.84814
+1.5C,385,2017,4,0.27516583,8.320673,483.79456,8.984757,121.163925,0.05,9.501179,909.6069
+1.5C,385,2018,4,0.30031663,11.078562,538.67334,11.516579,124.123474,0.05,11.687564,931.9385
+1.5C,385,2019,4,0.26464516,10.031422,392.2008,10.932795,105.495316,0.05,11.56669,803.97034
+1.5C,386,2015,4,0.21886204,12.159336,500.3119,12.946386,133.71394,0.05,13.487755,1038.6644
+1.5C,386,2016,4,0.22294338,13.329961,504.44788,14.315832,135.5199,0.05,15.035283,1053.763
+1.5C,386,2017,4,0.21465228,10.620425,501.6912,11.080226,137.61116,0.05,11.468042,1069.1499
+1.5C,386,2018,4,0.23497011,11.719134,590.7397,12.429144,145.64948,0.05,12.94928,1129.5878
+1.5C,386,2019,4,0.24466671,8.707314,613.3063,9.25876,142.21796,0.05,9.62645,1103.4596
+1.5C,387,2015,4,0.4177885,11.380237,832.6305,11.864218,139.71774,0.05,12.340647,1049.3732
+1.5C,387,2016,4,0.310675,13.823035,597.3573,14.444058,135.82944,0.05,14.931475,1027.2151
+1.5C,387,2017,4,0.41103703,9.279642,858.194,9.519038,138.50739,0.05,9.884757,1044.4099
+1.5C,387,2018,4,0.4054665,11.056389,871.3116,11.433176,149.43639,0.05,11.86316,1116.4789
+1.5C,387,2019,4,0.4112033,9.508086,890.5323,10.271586,143.94336,0.05,10.733431,1076.9828
+1.5C,388,2015,4,0.33394405,10.731628,565.2286,10.987841,123.52095,0.05,11.315784,925.5844
+1.5C,388,2016,4,0.28337583,12.669036,457.60925,13.515484,118.47748,0.05,14.184476,893.15424
+1.5C,388,2017,4,0.28785443,10.218686,495.90048,10.948162,121.278206,0.05,11.457602,910.18317
+1.5C,388,2018,4,0.32827276,9.944333,620.404,9.689706,135.55339,0.05,9.84325,1007.44604
+1.5C,388,2019,4,0.32061723,10.717618,538.20245,11.042811,120.51075,0.05,11.322179,904.5992
+1.5C,389,2015,4,0.39947745,11.179728,1042.3689,12.133274,167.70522,0.05,12.582,1246.6268
+1.5C,389,2016,4,0.4595099,8.15326,1285.9343,9.155572,175.18602,0.05,9.543753,1297.9824
+1.5C,389,2017,4,0.48365307,6.1283464,1362.1681,6.867237,174.65475,0.05,7.1598845,1298.2074
+1.5C,389,2018,4,0.35994586,11.03943,1013.1581,11.750363,175.73476,0.05,12.266554,1297.8602
+1.5C,389,2019,4,0.33126265,11.324733,910.30597,12.196648,172.11662,0.05,12.810908,1276.062
+1.5C,390,2015,4,0.3029794,9.935063,531.61163,9.95109,121.12539,0.05,10.18468,911.5675
+1.5C,390,2016,4,0.33215535,9.000954,648.25165,9.039787,133.71992,0.05,9.312983,1002.5023
+1.5C,390,2017,4,0.290884,8.305053,527.34106,8.896343,126.33333,0.05,9.362556,948.93585
+1.5C,390,2018,4,0.31636247,10.838273,617.3066,10.419734,134.8689,0.05,10.598597,1007.3998
+1.5C,390,2019,4,0.2890933,10.512195,455.63907,11.217648,113.93795,0.05,11.619903,868.7208
+1.5C,391,2015,4,0.31112528,9.298798,615.33417,9.112076,134.75247,0.05,9.264661,1002.5819
+1.5C,391,2016,4,0.30774704,9.11599,638.52386,9.250894,133.87933,0.05,9.416169,999.2132
+1.5C,391,2017,4,0.28678358,8.48208,544.71497,8.61011,124.75558,0.05,8.821726,937.73395
+1.5C,391,2018,4,0.28919712,8.974052,548.63293,8.934551,130.65294,0.05,9.110771,977.23956
+1.5C,391,2019,4,0.3150362,7.5283756,641.3328,7.312661,129.88213,0.05,7.481317,971.3006
+1.5C,392,2015,4,0.32711565,8.526122,606.42523,8.463585,119.29061,0.05,8.657082,908.96606
+1.5C,392,2016,4,0.31108138,11.343107,558.3596,11.363624,118.92959,0.05,11.518633,901.3406
+1.5C,392,2017,4,0.24337591,12.216957,393.43774,13.3736515,111.53502,0.05,14.160591,852.1535
+1.5C,392,2018,4,0.36815947,9.368085,706.8072,9.550367,131.221,0.05,9.8242235,986.13025
+1.5C,392,2019,4,0.31776693,10.568958,601.8563,11.185601,125.12227,0.05,11.545849,944.92395
+1.5C,393,2015,4,0.42028183,10.669161,898.4157,11.168713,146.7536,0.05,11.677617,1099.9547
+1.5C,393,2016,4,0.35312185,12.891433,683.87213,13.671375,133.61661,0.05,14.084856,1012.09375
+1.5C,393,2017,4,0.42665955,9.600483,886.4015,10.21095,140.82268,0.05,10.684775,1059.4188
+1.5C,393,2018,4,0.40222955,10.691546,892.32745,10.911521,153.08278,0.05,11.36165,1146.4863
+1.5C,393,2019,4,0.4024067,11.287437,842.96594,11.615277,144.68079,0.05,12.059998,1083.7062
+1.5C,394,2015,4,0.40979576,7.5482755,751.6439,7.8902283,121.008354,0.05,8.202495,915.6635
+1.5C,394,2016,4,0.33857295,10.416172,607.533,10.7174835,120.12855,0.05,11.051945,909.077
+1.5C,394,2017,4,0.28982434,12.5311575,465.68018,12.990449,112.48505,0.05,13.364806,856.13654
+1.5C,394,2018,4,0.37851536,10.124018,720.011,10.220069,133.79367,0.05,10.588035,1001.722
+1.5C,394,2019,4,0.39562806,8.776418,748.0382,9.116283,126.2014,0.05,9.502858,950.2998
+1.5C,395,2015,4,0.52531683,7.6253037,1446.0857,8.2106285,181.38603,0.05,8.592116,1363.1355
+1.5C,395,2016,4,0.55326784,7.1646733,1560.1578,7.4229145,189.6818,0.05,7.83685,1421.5734
+1.5C,395,2017,4,0.5495672,6.782453,1537.7683,6.7961216,184.05754,0.05,7.1160216,1384.6125
+1.5C,395,2018,4,0.5566034,7.7089367,1566.1969,7.9633193,188.52812,0.05,8.35341,1412.8875
+1.5C,395,2019,4,0.54714257,6.9381304,1585.5212,7.530897,190.41495,0.05,7.9361024,1425.9406
+1.5C,396,2015,4,0.1980239,11.630324,336.96167,12.601306,102.12771,0.05,13.353276,802.6231
+1.5C,396,2016,4,0.15312363,12.38372,260.78333,12.862462,105.046936,0.05,13.654193,820.2872
+1.5C,396,2017,4,0.15875182,14.207781,273.7663,14.745934,109.91724,0.05,15.666679,855.60236
+1.5C,396,2018,4,0.1886906,12.155715,323.05878,13.041389,103.40461,0.05,13.824627,809.2955
+1.5C,396,2019,4,0.22514717,12.067356,396.3949,13.183268,107.58732,0.05,13.990154,838.202
+1.5C,397,2015,4,0.5274391,6.3846316,1607.7183,7.790217,185.06137,0.05,8.214766,1401.1869
+1.5C,397,2016,4,0.54654443,6.7529974,1670.4723,7.7473974,190.06497,0.05,8.12791,1433.8643
+1.5C,397,2017,4,0.5358144,6.746669,1677.8855,7.9390326,192.32709,0.05,8.343854,1448.648
+1.5C,397,2018,4,0.51461405,7.068825,1568.3744,8.177123,185.54851,0.05,8.532841,1400.7107
+1.5C,397,2019,4,0.5063139,7.730363,1572.0126,8.98555,189.40489,0.05,9.413773,1429.0311
+1.5C,398,2015,4,0.20210342,12.699527,502.4466,13.570578,144.09378,0.05,14.206433,1119.7417
+1.5C,398,2016,4,0.21742156,12.337963,587.26764,13.384591,153.7318,0.05,14.018991,1188.6648
+1.5C,398,2017,4,0.16531667,13.51958,417.861,14.264846,145.4469,0.05,15.007896,1128.8564
+1.5C,398,2018,4,0.24532884,13.146843,651.3073,14.413939,152.98334,0.05,15.0919485,1184.4363
+1.5C,398,2019,4,0.18518478,12.971194,478.0557,13.710616,148.58441,0.05,14.34283,1153.7092
+1.5C,399,2015,4,0.5948478,4.3806643,1933.7919,4.4020185,187.29124,0.05,4.4122148,1435.0258
+1.5C,399,2016,4,0.5040737,4.3888335,1620.3695,4.8389354,180.73758,0.05,4.920305,1388.7642
+1.5C,399,2017,4,0.59522223,3.7136831,1855.2474,4.2021694,175.05402,0.05,4.251258,1347.5459
+1.5C,399,2018,4,0.50578415,2.1335208,1646.6085,2.193756,178.95302,0.05,2.211346,1373.9602
+1.5C,399,2019,4,0.4882437,3.0276268,1459.2599,3.405184,164.93385,0.05,3.4539022,1275.1599
+2C,0,2015,2,0.37692326,14.081681,887.26984,13.981649,472.44168,0.15,15.111978,1205.0266
+2C,0,2016,2,0.44634336,13.938574,1041.7032,14.407445,478.67407,0.15,17.024967,1219.5743
+2C,0,2017,2,0.4377962,14.103598,985.92096,14.294332,475.41962,0.15,14.788691,1212.5574
+2C,0,2018,2,0.37698293,14.828051,842.58954,14.776173,456.24487,0.15,15.489342,1167.1268
+2C,0,2019,2,0.45528173,11.675013,1029.0638,12.116033,460.31943,0.15,12.548955,1177.3986
+2C,1,2015,2,0.5935642,6.1170573,1722.4227,7.219894,493.6266,0.15,8.698866,1290.607
+2C,1,2016,2,0.5774539,6.559982,1703.4458,7.548447,505.4304,0.15,8.847085,1319.6554
+2C,1,2017,2,0.55101115,6.3898797,1616.457,7.3339562,499.2316,0.15,8.42046,1304.1299
+2C,1,2018,2,0.51337737,6.8609495,1531.1162,7.587008,512.8048,0.15,9.212215,1336.7952
+2C,1,2019,2,0.32330906,6.7779894,984.7158,6.822179,509.0055,0.15,8.254645,1326.6805
+2C,2,2015,2,0.5961079,0.19959307,2351.4685,0.19274786,718.3229,0.15,0.18671352,1815.8035
+2C,2,2016,2,0.5667933,2.9990056,2077.4248,2.0152383,690.0063,0.15,1.3838905,1746.8207
+2C,2,2017,2,0.58548284,0.72058326,2261.0828,0.7259379,717.7793,0.15,0.7204158,1814.9492
+2C,2,2018,2,0.5952149,0.44140437,2412.1584,0.21152182,743.15656,0.15,0.15381745,1873.8456
+2C,2,2019,2,0.58598816,3.2129083,2232.227,2.5247555,711.9499,0.15,2.1071928,1799.7866
+2C,3,2015,2,0.26768205,13.464332,623.1529,13.307224,475.09995,0.15,14.249482,1217.139
+2C,3,2016,2,0.35079008,14.790625,865.09454,14.408426,510.4221,0.15,13.888648,1303.2922
+2C,3,2017,2,0.46144924,5.3392015,1204.7131,4.6460385,515.93964,0.15,3.9720397,1317.3542
+2C,3,2018,2,0.43623877,11.186268,1129.9954,9.863213,514.9071,0.15,9.278303,1315.2568
+2C,3,2019,2,0.5171609,7.253698,1361.2158,7.2004614,541.12695,0.15,6.69841,1375.8999
+2C,4,2015,2,0.5231117,7.6539273,1330.7164,7.19754,498.69855,0.15,6.913681,1260.6538
+2C,4,2016,2,0.53467435,3.7275822,1416.9727,3.115624,509.9666,0.15,2.9185772,1287.346
+2C,4,2017,2,0.54132986,2.755589,1464.0142,2.0859756,511.2241,0.15,1.8460438,1292.5876
+2C,4,2018,2,0.47003257,9.824683,1149.3505,9.801663,482.64478,0.15,9.816131,1223.6829
+2C,4,2019,2,0.3984648,10.964959,967.83514,10.444613,486.98267,0.15,9.871544,1236.5132
+2C,5,2015,2,0.59024924,3.5476143,1418.1117,3.130278,461.5024,0.15,3.0168936,1169.7415
+2C,5,2016,2,0.5679811,5.621453,1308.8281,5.6143794,456.16434,0.15,4.926746,1157.8162
+2C,5,2017,2,0.58866525,4.9167733,1376.3601,3.5536704,459.0345,0.15,2.8779535,1163.5288
+2C,5,2018,2,0.5929071,0.86598706,1482.3169,0.4449622,472.76587,0.15,0.354678,1196.0797
+2C,5,2019,2,0.5842358,2.885799,1485.4226,1.5595644,493.82217,0.15,1.1410472,1245.7024
+2C,6,2015,2,0.5297981,6.902309,1684.2579,6.897217,585.9074,0.15,7.718868,1473.0001
+2C,6,2016,2,0.54226696,7.6985164,1701.024,7.4239297,587.13513,0.15,8.510217,1478.0261
+2C,6,2017,2,0.54371214,6.465832,1739.9078,6.2391453,589.83325,0.15,7.2172675,1487.63
+2C,6,2018,2,0.5006581,8.628488,1540.742,8.290552,576.08014,0.15,9.30061,1453.5074
+2C,6,2019,2,0.4738592,9.794865,1467.3357,9.344542,588.6135,0.15,10.890299,1482.729
+2C,7,2015,2,0.43820143,9.463932,1219.8877,9.227834,524.28375,0.15,10.723549,1322.8246
+2C,7,2016,2,0.44352832,10.188383,1269.5603,9.79697,537.49786,0.15,11.364152,1355.3308
+2C,7,2017,2,0.42944986,7.6380253,1316.2511,7.4319177,544.0539,0.15,8.488782,1372.9633
+2C,7,2018,2,0.31136778,12.740864,818.7153,11.882627,510.47614,0.15,13.997254,1292.6069
+2C,7,2019,2,0.25847778,13.116417,705.1787,11.867257,535.3663,0.15,14.429525,1352.148
+2C,8,2015,2,0.5165026,7.318181,1704.4744,7.2831125,596.27844,0.15,7.9969625,1504.6638
+2C,8,2016,2,0.53424716,8.421626,1744.4144,8.471487,603.67786,0.15,9.497623,1528.2186
+2C,8,2017,2,0.5640416,6.743635,1909.0822,6.744214,615.0333,0.15,7.149547,1553.1332
+2C,8,2018,2,0.47759873,8.372925,1550.0228,8.529562,583.11646,0.15,9.716769,1476.7789
+2C,8,2019,2,0.5159585,7.1577787,1622.3894,7.207606,563.6366,0.15,8.103737,1431.7142
+2C,9,2015,2,0.54664505,6.5930557,1137.0178,6.0870514,418.4397,0.15,5.645536,1066.6968
+2C,9,2016,2,0.44998422,9.5316725,948.5724,9.741927,427.49152,0.15,10.008392,1087.6447
+2C,9,2017,2,0.52939063,7.0186396,1119.8535,6.744264,423.47278,0.15,6.073095,1082.3748
+2C,9,2018,2,0.47695568,8.856557,1038.664,9.306132,436.83453,0.15,9.770888,1110.6768
+2C,9,2019,2,0.5108778,7.558001,1149.5636,7.728254,449.20355,0.15,7.73414,1138.154
+2C,10,2015,2,0.47515738,8.1690235,1174.3529,7.333034,489.41165,0.15,6.594193,1241.1514
+2C,10,2016,2,0.48998198,6.5645075,1249.2253,5.940021,506.50793,0.15,5.393381,1279.3685
+2C,10,2017,2,0.47616526,3.7479722,1269.3376,3.0405364,506.53775,0.15,2.7305562,1282.9973
+2C,10,2018,2,0.34951514,11.140261,844.74585,10.736716,481.60382,0.15,13.041215,1221.0996
+2C,10,2019,2,0.34320068,10.694973,831.9352,10.28818,481.6125,0.15,12.631023,1224.2156
+2C,11,2015,2,0.474996,11.0361805,1286.9369,10.029808,545.85065,0.15,9.041778,1382.6553
+2C,11,2016,2,0.49896434,5.8625565,1538.7681,5.1360893,588.59186,0.15,4.8299794,1483.1985
+2C,11,2017,2,0.58507216,2.1192098,1836.3159,1.6627315,588.91626,0.15,1.4812078,1484.9167
+2C,11,2018,2,0.5438797,11.159898,1548.7008,10.912987,584.5919,0.15,11.224452,1474.5299
+2C,11,2019,2,0.54532856,3.709814,1723.1877,2.9521344,599.573,0.15,2.316646,1510.9148
+2C,12,2015,2,0.4928768,8.120296,1147.7806,7.0459557,467.6806,0.15,6.312425,1185.7003
+2C,12,2016,2,0.46009246,9.270829,1117.2198,8.043892,497.60248,0.15,7.4915533,1255.0643
+2C,12,2017,2,0.44760826,4.449679,1146.727,3.8559499,494.90457,0.15,3.3456225,1252.3541
+2C,12,2018,2,0.39010915,10.178651,954.9316,10.124367,474.22552,0.15,12.276349,1202.1489
+2C,12,2019,2,0.36822185,10.077377,863.7257,9.824906,468.83636,0.15,11.396154,1189.8834
+2C,13,2015,2,0.5925133,0.3735367,2291.0515,0.37255475,699.8151,0.15,0.35469046,1769.1295
+2C,13,2016,2,0.55631536,5.167864,1966.1439,4.079529,678.97327,0.15,3.3159916,1717.6417
+2C,13,2017,2,0.5739043,2.2842884,2101.9775,2.2606397,684.8368,0.15,2.3002453,1734.15
+2C,13,2018,2,0.58734626,1.4699228,2296.9697,1.0675005,721.6693,0.15,0.81107056,1819.2269
+2C,13,2019,2,0.5740527,6.508171,2067.7676,5.864578,685.2599,0.15,5.176913,1732.5474
+2C,14,2015,2,0.28906116,10.763142,1006.3229,9.937361,622.73486,0.15,10.814691,1597.4067
+2C,14,2016,2,0.31263795,12.448603,1077.1725,12.366264,620.5206,0.15,13.051521,1591.3654
+2C,14,2017,2,0.23975684,13.385441,809.2301,12.295616,602.4049,0.15,14.124674,1546.853
+2C,14,2018,2,0.24795179,10.56609,848.0283,9.798708,601.0252,0.15,11.02978,1544.4955
+2C,14,2019,2,0.34755212,7.778749,1171.7456,6.9527946,600.159,0.15,6.616688,1541.0879
+2C,15,2015,2,0.37723136,8.777873,857.0511,8.6484375,448.32034,0.15,10.242152,1141.456
+2C,15,2016,2,0.3207735,9.619534,774.50824,9.16543,475.33932,0.15,11.322523,1203.637
+2C,15,2017,2,0.3631307,8.677199,859.9949,8.444554,478.87842,0.15,10.436441,1212.893
+2C,15,2018,2,0.36522016,8.0747385,852.6167,8.170502,435.56198,0.15,8.530393,1108.8064
+2C,15,2019,2,0.29864705,8.842933,712.10297,8.491079,453.0884,0.15,10.436847,1152.475
+2C,16,2015,2,0.47493753,13.754944,1226.9286,14.30774,513.66156,0.15,15.203791,1305.4927
+2C,16,2016,2,0.5893434,10.354255,1654.1321,8.144923,548.3878,0.15,6.810587,1389.3722
+2C,16,2017,2,0.48092932,11.988243,1279.057,12.58793,517.95306,0.15,14.7440405,1314.5829
+2C,16,2018,2,0.54056126,13.176371,1353.6267,13.92227,497.99905,0.15,13.155186,1270.3822
+2C,16,2019,2,0.5648038,12.632753,1432.8185,13.56993,509.27545,0.15,13.397545,1296.2952
+2C,17,2015,2,0.58661425,1.2218022,1903.9314,1.0008318,518.34827,0.15,0.92623013,1353.1013
+2C,17,2016,2,0.49033228,3.0168605,1624.0038,2.9554589,534.52,0.15,2.6303256,1394.2979
+2C,17,2017,2,0.42934427,5.0939918,1385.7482,5.1306477,530.082,0.15,5.643599,1382.4685
+2C,17,2018,2,0.46436334,5.2195063,1495.028,5.431696,529.66364,0.15,5.1084795,1380.1678
+2C,17,2019,2,0.5399485,4.1849623,1719.9874,4.422333,525.2416,0.15,4.556436,1368.12
+2C,18,2015,2,0.5418539,5.168432,1619.2234,6.1147637,496.5612,0.15,6.7966456,1292.071
+2C,18,2016,2,0.23012242,8.478679,721.778,8.361717,511.88544,0.15,9.858654,1328.905
+2C,18,2017,2,0.1294625,8.329595,390.7091,7.6929216,485.24496,0.15,9.155151,1264.0863
+2C,18,2018,2,0.14912987,7.837745,474.8938,7.3769,509.19235,0.15,8.775831,1321.2723
+2C,18,2019,2,0.37703288,7.1418962,1248.7292,7.9606714,542.2173,0.15,9.37149,1404.9087
+2C,19,2015,2,0.23432858,18.12597,582.99023,16.959372,500.32336,0.15,20.010107,1281.0995
+2C,19,2016,2,0.2317859,20.38773,615.3225,18.642023,555.35205,0.15,22.336092,1416.9625
+2C,19,2017,2,0.2973125,20.012451,748.0993,18.887154,541.9581,0.15,22.253431,1386.8801
+2C,19,2018,2,0.42162383,14.429329,1120.1348,14.859704,528.03595,0.15,14.784787,1353.2786
+2C,19,2019,2,0.58023715,9.970213,1689.906,9.992759,573.34216,0.15,9.949022,1460.3522
+2C,20,2015,2,0.5870298,2.8797553,2184.9614,1.6308933,648.58276,0.15,1.2289753,1668.1509
+2C,20,2016,2,0.5571342,12.488187,1859.4562,10.814787,638.87665,0.15,9.960564,1644.0438
+2C,20,2017,2,0.43895668,17.714891,1393.8224,18.665821,630.98456,0.15,20.325745,1625.4465
+2C,20,2018,2,0.593959,8.279826,2118.9714,6.7511396,669.3473,0.15,6.135515,1718.195
+2C,20,2019,2,0.2941126,15.073881,1042.8257,14.041958,649.9031,0.15,14.754209,1671.488
+2C,21,2015,2,0.48275563,10.504196,1133.7421,11.254729,460.8206,0.15,13.127648,1175.1136
+2C,21,2016,2,0.516834,10.006442,1211.2651,10.884826,460.3397,0.15,12.328403,1174.9248
+2C,21,2017,2,0.4360657,10.871825,997.6911,11.275074,457.95132,0.15,13.738437,1169.0063
+2C,21,2018,2,0.28027168,11.560615,610.0834,11.004098,425.4714,0.15,13.447579,1091.244
+2C,21,2019,2,0.49851272,11.284148,1121.6869,11.971683,453.66763,0.15,14.003735,1160.5042
+2C,22,2015,2,0.33288684,6.5227313,921.6261,6.338007,480.9296,0.15,6.631421,1226.7538
+2C,22,2016,2,0.47837442,8.458057,1252.4542,9.194191,475.87723,0.15,9.979205,1214.7784
+2C,22,2017,2,0.4456671,4.9745917,1214.8835,4.8530197,471.02518,0.15,4.995999,1201.691
+2C,22,2018,2,0.42840362,8.259984,1186.3984,8.636401,503.04138,0.15,9.126423,1277.9279
+2C,22,2019,2,0.5342002,2.7828934,1480.0105,1.9947876,494.61957,0.15,1.7456081,1258.0061
+2C,23,2015,2,0.573536,1.4929268,1696.7336,1.5322921,519.40076,0.15,1.688519,1323.4417
+2C,23,2016,2,0.51901835,4.810278,1455.358,4.510174,511.77243,0.15,4.554227,1303.1656
+2C,23,2017,2,0.54960364,2.9790864,1624.5693,2.7968538,530.1081,0.15,2.8637428,1344.8611
+2C,23,2018,2,0.54602534,5.170824,1551.2096,4.4588447,517.9602,0.15,4.253988,1319.2893
+2C,23,2019,2,0.5515197,2.4408727,1636.1527,2.235117,524.0315,0.15,2.2417793,1333.7363
+2C,24,2015,2,0.2732915,10.078942,827.15955,10.037473,542.3994,0.15,8.749115,1401.422
+2C,24,2016,2,0.32216495,15.453125,1041.9225,14.793213,595.80164,0.15,17.028532,1533.1559
+2C,24,2017,2,0.18408015,17.23732,564.8254,15.5854225,567.4042,0.15,18.881197,1462.7494
+2C,24,2018,2,0.5254886,8.312318,1749.7706,8.045855,595.52606,0.15,7.4553766,1532.9788
+2C,24,2019,2,0.34228352,14.055862,1096.1936,13.562289,590.20984,0.15,15.455571,1519.0514
+2C,25,2015,2,0.51720476,5.57418,1031.4716,4.883504,397.60626,0.15,4.5892906,1008.28796
+2C,25,2016,2,0.41890305,7.8206315,842.76337,7.6846704,402.7922,0.15,7.644169,1022.1805
+2C,25,2017,2,0.48377082,5.5875397,997.4888,4.698505,402.20566,0.15,4.232119,1022.5505
+2C,25,2018,2,0.49341458,6.1872497,1086.9438,5.5133204,432.425,0.15,5.1967626,1090.4624
+2C,25,2019,2,0.48644647,4.9434423,1005.70703,4.2850184,406.58362,0.15,3.789476,1028.4792
+2C,26,2015,2,0.5654359,4.588558,1260.0559,3.4894357,441.1415,0.15,3.088695,1114.086
+2C,26,2016,2,0.5534698,4.820682,1177.1865,4.236347,411.4422,0.15,3.8902693,1045.772
+2C,26,2017,2,0.5811115,1.7743424,1313.3468,1.1309084,429.9225,0.15,0.9249293,1087.8623
+2C,26,2018,2,0.5799986,1.5661886,1388.7683,1.0166998,461.41467,0.15,0.82440555,1163.4397
+2C,26,2019,2,0.5672072,2.7733805,1336.94,1.8632338,457.50708,0.15,1.548856,1152.8573
+2C,27,2015,2,0.5183919,7.910496,1502.8225,7.9124365,549.36163,0.15,8.806502,1384.3772
+2C,27,2016,2,0.5367913,6.7142587,1597.9993,6.4339333,555.1145,0.15,7.174582,1398.3352
+2C,27,2017,2,0.5351962,4.708907,1675.3132,4.62782,562.1667,0.15,5.1350193,1417.5364
+2C,27,2018,2,0.49098322,9.6339855,1368.9303,9.272388,536.0966,0.15,10.071318,1355.5609
+2C,27,2019,2,0.4670882,10.766171,1365.5024,10.453724,572.0587,0.15,11.520221,1438.8799
+2C,28,2015,2,0.58295554,5.058818,1751.4701,4.7492266,566.20514,0.15,4.7169766,1426.6896
+2C,28,2016,2,0.58229476,3.8904238,1773.6871,3.329956,566.05133,0.15,3.418271,1425.9283
+2C,28,2017,2,0.57117856,4.8414655,1774.4008,4.5995655,579.1117,0.15,4.7767224,1459.5094
+2C,28,2018,2,0.5691939,6.670314,1644.147,6.0886936,550.04517,0.15,6.307108,1391.372
+2C,28,2019,2,0.55206764,6.3924074,1679.6132,6.354227,579.8567,0.15,6.6718035,1459.5193
+2C,29,2015,2,0.42766964,10.599823,1189.8618,10.310399,532.1333,0.15,12.067911,1343.3491
+2C,29,2016,2,0.50687236,7.16703,1487.128,7.0936513,529.41925,0.15,7.991859,1337.7476
+2C,29,2017,2,0.46454865,7.363308,1399.2744,7.1849675,544.1256,0.15,8.023276,1372.4886
+2C,29,2018,2,0.4251664,9.674756,1164.0596,9.35433,512.45703,0.15,10.386898,1297.2452
+2C,29,2019,2,0.2685471,13.9313345,748.58356,12.685497,544.9642,0.15,15.382082,1373.8892
+2C,30,2015,2,0.54648083,3.8054428,1676.3229,4.016296,528.61816,0.15,4.929269,1371.1335
+2C,30,2016,2,0.3972065,3.284355,1210.5823,3.4326346,505.928,0.15,4.16297,1313.9432
+2C,30,2017,2,0.48369405,3.0561087,1521.7397,3.3524313,525.9815,0.15,4.066384,1361.7432
+2C,30,2018,2,0.5808439,3.7217877,1782.288,4.044092,530.49426,0.15,4.837409,1372.9027
+2C,30,2019,2,0.55160666,3.4659936,1725.9563,3.8516133,535.98883,0.15,4.6923237,1387.4648
+2C,31,2015,2,0.497405,10.635242,1744.444,10.209866,632.6978,0.15,11.111109,1629.3948
+2C,31,2016,2,0.5135633,6.7937636,1861.2194,5.8126287,625.55884,0.15,5.4924912,1611.5665
+2C,31,2017,2,0.4201652,16.027899,1372.7517,15.9900875,620.09314,0.15,18.544868,1599.0083
+2C,31,2018,2,0.5763768,8.855671,2054.8447,7.4425273,651.88513,0.15,7.0730324,1676.06
+2C,31,2019,2,0.42340252,13.51296,1461.0135,13.506452,621.26105,0.15,15.368017,1603.2166
+2C,32,2015,2,0.52670634,7.3114862,1704.3385,7.8337245,559.79004,0.15,9.165021,1420.225
+2C,32,2016,2,0.41925725,9.277902,1349.649,9.3173485,573.8483,0.15,10.942429,1450.9811
+2C,32,2017,2,0.5507101,6.405995,1838.0166,6.700307,591.65564,0.15,7.69969,1492.7806
+2C,32,2018,2,0.449326,7.618333,1515.248,7.828142,578.2847,0.15,8.990733,1460.046
+2C,32,2019,2,0.45585915,8.7474165,1544.8392,8.944356,587.2078,0.15,10.438221,1483.4985
+2C,33,2015,2,0.56182915,5.3760276,1220.4205,6.1172876,375.6884,0.15,6.8173237,975.5409
+2C,33,2016,2,0.57871985,5.628332,1318.3536,6.528884,398.9214,0.15,7.436992,1031.7185
+2C,33,2017,2,0.5178178,4.5717096,1187.4625,5.087477,393.2591,0.15,5.8009086,1016.61346
+2C,33,2018,2,0.5652218,5.3246536,1270.4288,5.9866138,393.13434,0.15,6.6084476,1018.7559
+2C,33,2019,2,0.5971724,3.500859,1423.2153,3.9709568,404.21158,0.15,4.3925962,1046.8455
+2C,34,2015,2,0.49109286,14.234081,1551.2916,15.088881,577.5734,0.15,17.470703,1500.0299
+2C,34,2016,2,0.5456988,14.246008,1682.4877,15.61772,571.3195,0.15,18.423258,1482.4319
+2C,34,2017,2,0.5866454,14.072883,1791.6539,15.761957,569.9477,0.15,18.465462,1478.2046
+2C,34,2018,2,0.5233826,14.073236,1656.3215,15.309044,581.9809,0.15,17.99927,1508.0571
+2C,34,2019,2,0.39181656,15.947626,1258.9808,16.423132,586.3335,0.15,19.532764,1519.794
+2C,35,2015,2,0.3027073,9.580981,556.37,9.831967,325.089,0.15,11.749879,852.4818
+2C,35,2016,2,0.3095669,10.205233,558.1731,10.303013,330.7883,0.15,12.295818,864.55774
+2C,35,2017,2,0.3356507,10.200342,642.15155,10.480015,349.66553,0.15,12.249542,913.40594
+2C,35,2018,2,0.43578994,10.07807,796.1795,11.024304,337.3464,0.15,13.058616,882.2129
+2C,35,2019,2,0.3667538,9.510632,714.63666,10.032153,351.77487,0.15,11.912313,914.9638
+2C,36,2015,2,0.5304605,5.330679,1361.5674,4.4768553,499.7683,0.15,4.021573,1260.767
+2C,36,2016,2,0.54783845,4.2564764,1484.3127,3.745946,524.38983,0.15,3.509304,1320.0394
+2C,36,2017,2,0.5577471,1.2265468,1532.1378,1.0576762,508.3104,0.15,0.9697096,1284.218
+2C,36,2018,2,0.5526628,4.8493853,1456.0591,4.150093,496.18213,0.15,4.001951,1256.9431
+2C,36,2019,2,0.43810678,8.549206,1089.9098,7.736565,489.15128,0.15,7.5905585,1238.9445
+2C,37,2015,2,0.57940775,3.0963523,1254.9818,2.3036432,411.63205,0.15,2.0332308,1049.3727
+2C,37,2016,2,0.4976576,10.1326885,1040.8169,10.494366,432.596,0.15,11.531776,1098.3656
+2C,37,2017,2,0.5787997,2.8655,1319.8876,2.2039056,439.7424,0.15,1.9992179,1118.1526
+2C,37,2018,2,0.54424804,9.539481,1215.9529,8.633068,448.1473,0.15,8.053845,1135.1112
+2C,37,2019,2,0.5617728,7.2950215,1284.0343,7.4079,457.3697,0.15,7.491837,1156.0581
+2C,38,2015,2,0.534397,3.8836384,1906.145,3.5473082,606.79553,0.15,3.4682677,1565.8408
+2C,38,2016,2,0.5656278,5.7879024,1977.9308,5.593886,596.1886,0.15,5.583785,1540.4939
+2C,38,2017,2,0.5042929,3.314878,1745.6123,2.973554,569.7839,0.15,2.921908,1479.6265
+2C,38,2018,2,0.5769175,3.5818853,2017.9199,3.8173828,588.1836,0.15,3.902965,1521.319
+2C,38,2019,2,0.48637626,3.3253562,1684.384,3.067133,568.9625,0.15,2.9435027,1475.4819
+2C,39,2015,2,0.5575942,3.426866,1344.2977,3.7915869,403.8681,0.15,4.1273975,1044.9706
+2C,39,2016,2,0.50322586,4.5606236,1252.2266,4.882414,419.9614,0.15,5.1155415,1084.4128
+2C,39,2017,2,0.5589335,3.5505068,1395.7441,3.9082508,423.8208,0.15,4.305014,1090.3533
+2C,39,2018,2,0.56863886,2.0675225,1502.2511,2.2412934,435.89316,0.15,2.4124372,1123.9408
+2C,39,2019,2,0.5669727,2.0651643,1510.4824,2.1289883,440.92642,0.15,2.2166646,1136.0472
+2C,40,2015,2,0.37586173,7.546513,1268.251,6.609394,579.3402,0.15,6.287435,1490.5659
+2C,40,2016,2,0.27021262,12.922737,794.9376,12.355639,516.63416,0.15,14.2795925,1340.3915
+2C,40,2017,2,0.16841854,14.365184,504.17957,13.101156,529.1488,0.15,15.834028,1370.303
+2C,40,2018,2,0.28414428,13.120138,915.2329,12.986267,563.238,0.15,15.662168,1452.1831
+2C,40,2019,2,0.1503019,14.886453,482.38538,13.356157,564.0254,0.15,16.173712,1454.3339
+2C,41,2015,2,0.57396346,2.6395965,1495.5721,2.7520142,437.23337,0.15,2.9675484,1124.0653
+2C,41,2016,2,0.5451829,4.702531,1414.3414,5.1224275,447.86798,0.15,5.330018,1150.5504
+2C,41,2017,2,0.5176617,3.4361365,1392.0768,3.721067,452.69022,0.15,3.9725046,1158.7686
+2C,41,2018,2,0.5037872,4.554111,1384.3557,4.8062754,472.15796,0.15,5.334571,1208.5159
+2C,41,2019,2,0.5583097,2.762215,1514.3683,2.947022,456.45013,0.15,3.179278,1170.5708
+2C,42,2015,2,0.44131547,9.88729,1520.0767,10.375291,598.24756,0.15,12.461469,1552.3854
+2C,42,2016,2,0.54674727,10.292671,1874.1802,11.236079,611.7679,0.15,13.544429,1585.4424
+2C,42,2017,2,0.5885777,10.3203125,1998.7771,11.468525,613.2135,0.15,13.617318,1588.0997
+2C,42,2018,2,0.46444044,10.182686,1643.5681,10.652645,620.6414,0.15,12.772871,1606.34
+2C,42,2019,2,0.5061723,10.042226,1769.004,10.6861105,616.63245,0.15,12.699743,1597.5826
+2C,43,2015,2,0.37023896,12.924021,1261.3998,12.59711,636.18567,0.15,14.910379,1636.7998
+2C,43,2016,2,0.29243973,13.021827,1080.8628,12.369089,674.62836,0.15,15.0756035,1730.9724
+2C,43,2017,2,0.2784006,12.450009,1022.48956,11.820314,660.44305,0.15,14.407516,1697.3157
+2C,43,2018,2,0.30467275,12.910519,1117.1776,12.238418,670.23083,0.15,14.345989,1720.7311
+2C,43,2019,2,0.31364343,13.022482,1147.9161,12.430275,667.51904,0.15,15.099796,1714.0939
+2C,44,2015,2,0.541195,5.5586596,1385.6946,4.704538,499.1466,0.15,4.2632017,1259.1827
+2C,44,2016,2,0.55024415,4.7425823,1486.6731,4.1556892,523.70044,0.15,3.936759,1318.2809
+2C,44,2017,2,0.56021816,1.5217932,1532.0259,1.3343891,507.7061,0.15,1.280429,1282.6776
+2C,44,2018,2,0.5559728,5.452418,1458.5361,4.782682,495.61053,0.15,4.582559,1255.4757
+2C,44,2019,2,0.430743,9.939149,1040.6312,9.365503,488.89,0.15,9.29897,1238.283
+2C,45,2015,2,0.4141291,5.802743,1276.4473,6.166014,531.0281,0.15,7.4638233,1377.0236
+2C,45,2016,2,0.42537785,5.8200545,1368.004,6.180484,554.81647,0.15,7.484131,1434.4933
+2C,45,2017,2,0.4280273,5.932349,1298.262,6.3613014,526.93835,0.15,7.7092,1368.9293
+2C,45,2018,2,0.37800515,5.9065733,1183.6515,6.1045876,544.81335,0.15,7.402198,1409.7826
+2C,45,2019,2,0.37212744,5.807014,1104.1779,6.0828443,506.9794,0.15,7.350231,1319.6045
+2C,46,2015,2,0.540635,3.1919732,1416.1166,3.321287,439.25345,0.15,3.5221202,1127.9423
+2C,46,2016,2,0.50118333,5.3450875,1332.4751,5.7828984,458.512,0.15,6.4450965,1175.6167
+2C,46,2017,2,0.56893307,2.1199522,1539.831,2.2599921,456.10062,0.15,2.4072146,1166.0433
+2C,46,2018,2,0.55582494,2.9756472,1567.05,3.164766,482.0663,0.15,3.448777,1230.378
+2C,46,2019,2,0.5725062,2.133704,1607.886,2.2075353,472.1211,0.15,2.3219304,1206.4427
+2C,47,2015,2,0.5898613,2.5940359,2299.9673,1.7488241,702.93744,0.15,1.4179192,1792.5438
+2C,47,2016,2,0.51754,13.020371,1803.9862,12.484593,669.4464,0.15,13.208224,1708.8511
+2C,47,2017,2,0.57769495,1.7940067,2211.3523,1.1043767,692.04584,0.15,0.9077004,1765.7393
+2C,47,2018,2,0.59582686,4.6115313,2399.1477,4.39131,732.20825,0.15,4.1296325,1860.5563
+2C,47,2019,2,0.5868079,2.768973,2265.0532,2.5553324,685.859,0.15,2.4546945,1751.5547
+2C,48,2015,2,0.4443298,5.9909534,1024.0259,6.077591,439.583,0.15,6.0336633,1121.7013
+2C,48,2016,2,0.51779556,3.0683136,1275.8705,2.33929,455.34763,0.15,1.9637566,1159.672
+2C,48,2017,2,0.42675304,7.2812777,967.82947,7.464935,446.44553,0.15,8.286624,1136.8912
+2C,48,2018,2,0.4513988,6.1107135,957.4149,5.3616295,400.58902,0.15,4.744676,1029.058
+2C,48,2019,2,0.45782134,5.0268364,1069.0192,4.2399364,436.48627,0.15,3.7305045,1117.5021
+2C,49,2015,2,0.4052162,10.106764,958.8839,10.107563,465.86816,0.15,12.368555,1184.6467
+2C,49,2016,2,0.3547119,11.041501,869.40643,10.684649,487.70517,0.15,13.200783,1235.4661
+2C,49,2017,2,0.4467836,9.66618,1110.5504,9.01947,496.3394,0.15,8.326005,1259.1544
+2C,49,2018,2,0.34355664,10.65077,834.7841,10.434946,462.6247,0.15,12.358512,1178.6824
+2C,49,2019,2,0.3459333,10.433653,818.2691,10.306482,458.6446,0.15,10.052137,1169.6235
+2C,50,2015,2,0.53163224,7.8306,1786.6846,7.4894004,601.1055,0.15,7.007505,1542.4279
+2C,50,2016,2,0.2218304,9.021312,718.0915,8.521553,549.5136,0.15,10.314017,1421.0183
+2C,50,2017,2,0.27297872,8.914955,931.6969,8.664807,583.4673,0.15,10.494206,1502.6426
+2C,50,2018,2,0.3722981,8.345644,1321.044,8.634485,609.16626,0.15,10.457703,1562.5834
+2C,50,2019,2,0.32563585,8.502244,1083.1823,8.4154825,571.1513,0.15,10.232728,1471.0488
+2C,51,2015,2,0.5878369,4.9071054,1376.1956,4.2701983,454.11316,0.15,4.0629487,1150.9451
+2C,51,2016,2,0.58277357,5.967344,1392.1241,5.600179,457.65747,0.15,5.448573,1161.8406
+2C,51,2017,2,0.5850316,7.0303073,1379.4324,6.9879465,463.4577,0.15,6.8230286,1175.0103
+2C,51,2018,2,0.5614536,5.376524,1366.413,4.4909,465.7623,0.15,4.166665,1181.655
+2C,51,2019,2,0.5863188,6.8845096,1458.056,7.352057,477.24542,0.15,7.8125854,1210.346
+2C,52,2015,2,0.37594444,6.84118,1053.6947,6.622362,505.2775,0.15,8.1845455,1299.419
+2C,52,2016,2,0.32985935,6.749542,1039.5804,6.293598,573.02466,0.15,7.813324,1467.7615
+2C,52,2017,2,0.29998812,6.291088,942.9152,5.9536486,552.08234,0.15,7.3290462,1414.1707
+2C,52,2018,2,0.3853066,6.9164605,1169.3878,6.6191516,548.3155,0.15,8.086238,1409.5562
+2C,52,2019,2,0.35709313,6.2251067,1130.1067,6.093745,550.527,0.15,7.482821,1413.9025
+2C,53,2015,2,0.59586304,2.8114529,1702.8339,3.3751938,473.57953,0.15,3.7722106,1228.7391
+2C,53,2016,2,0.21504845,3.8065534,629.59656,3.6627417,468.00314,0.15,4.3977356,1214.7567
+2C,53,2017,2,0.16601685,4.1476727,499.36273,3.8715212,475.88818,0.15,4.63754,1235.801
+2C,53,2018,2,0.34630808,3.996759,983.85095,4.1864543,459.95633,0.15,5.0261164,1195.4532
+2C,53,2019,2,0.49612862,3.560649,1454.7394,4.03374,485.3836,0.15,4.8624296,1258.77
+2C,54,2015,2,0.24172662,15.334655,840.3852,14.551552,639.26764,0.15,17.613518,1644.5067
+2C,54,2016,2,0.24356571,14.702002,837.07526,14.112257,631.2064,0.15,17.047165,1625.7966
+2C,54,2017,2,0.19052808,15.954169,644.05035,14.615623,636.25085,0.15,17.758202,1637.2573
+2C,54,2018,2,0.22661653,15.747263,769.10266,14.748335,634.62885,0.15,17.908627,1634.4744
+2C,54,2019,2,0.18618686,14.951828,623.7458,13.82558,613.6653,0.15,16.726507,1582.9982
+2C,55,2015,2,0.59504944,3.1385841,2102.625,3.0366786,591.9948,0.15,2.9990478,1520.113
+2C,55,2016,2,0.3458009,6.2151885,1246.511,6.3759155,590.266,0.15,7.253211,1511.9796
+2C,55,2017,2,0.57679105,6.158633,1894.577,7.2866626,564.6187,0.15,8.520143,1452.1066
+2C,55,2018,2,0.5786223,4.9458213,1927.7495,6.206879,564.16364,0.15,7.1692243,1448.4805
+2C,55,2019,2,0.37849623,4.6498704,1249.7064,4.799907,534.5598,0.15,4.996083,1379.9685
+2C,56,2015,2,0.41372588,10.463652,909.1931,10.631658,439.4142,0.15,10.453027,1122.115
+2C,56,2016,2,0.44618183,6.6020174,1072.4,5.1839533,468.46848,0.15,4.4141674,1191.2773
+2C,56,2017,2,0.3954619,10.216448,894.066,9.6790695,455.97757,0.15,8.500553,1160.7258
+2C,56,2018,2,0.39476416,10.215703,849.37585,9.193705,429.30258,0.15,7.806844,1098.301
+2C,56,2019,2,0.39988112,8.446506,862.5164,8.372999,433.18845,0.15,7.0412393,1108.3453
+2C,57,2015,2,0.3176569,6.4145355,1061.5841,6.42867,647.89124,0.15,6.6636057,1658.4637
+2C,57,2016,2,0.37263292,8.531352,1230.8806,8.681914,677.34784,0.15,8.146301,1729.5499
+2C,57,2017,2,0.34389368,10.4801445,1062.0243,10.423057,645.8738,0.15,11.089007,1654.0559
+2C,57,2018,2,0.25021505,10.696747,788.5791,10.421989,662.12787,0.15,10.779979,1693.3542
+2C,57,2019,2,0.20801663,11.570851,622.4435,10.55744,625.40857,0.15,12.905349,1606.1416
+2C,58,2015,2,0.59454423,2.6170254,2302.6025,2.5798018,689.4794,0.15,2.7868862,1748.1139
+2C,58,2016,2,0.55519,10.239954,1909.7141,8.924982,656.83344,0.15,8.5387945,1667.4958
+2C,58,2017,2,0.583725,6.798109,2105.5327,6.8362474,673.19794,0.15,7.346884,1709.3228
+2C,58,2018,2,0.5907692,3.7505794,2320.084,3.558813,703.50934,0.15,3.6023562,1780.1942
+2C,58,2019,2,0.56325936,8.172394,2046.8066,7.263974,667.1362,0.15,6.9839735,1693.4644
+2C,59,2015,2,0.3270077,5.8302417,1083.8582,5.67451,599.22614,0.15,6.9198565,1546.3906
+2C,59,2016,2,0.28158647,5.6355457,1003.0366,5.425635,628.1575,0.15,6.5902166,1615.5741
+2C,59,2017,2,0.28989148,5.7236004,1063.7776,5.504109,641.25134,0.15,6.701313,1649.1193
+2C,59,2018,2,0.3036748,5.975972,1090.9365,5.767811,639.47327,0.15,6.9794745,1646.0117
+2C,59,2019,2,0.324195,5.935581,1174.5514,5.8210883,641.8646,0.15,7.0830717,1650.9775
+2C,60,2015,2,0.11227778,9.835181,351.49716,8.689788,524.06525,0.15,10.512428,1363.3839
+2C,60,2016,2,0.1461637,8.982261,456.11972,8.283782,513.73883,0.15,9.927347,1338.6124
+2C,60,2017,2,0.119365945,9.35302,385.9854,8.397728,534.44135,0.15,10.103218,1388.5167
+2C,60,2018,2,0.13129184,9.509579,448.81998,8.556748,563.24786,0.15,10.3195505,1458.8921
+2C,60,2019,2,0.10171772,9.376796,322.32358,8.287888,521.65265,0.15,9.994383,1356.4811
+2C,61,2015,2,0.5878874,4.5064096,2029.6201,2.9390883,606.639,0.15,2.6891098,1561.3358
+2C,61,2016,2,0.4059021,20.503862,1139.6061,19.925165,575.30884,0.15,23.444582,1483.0453
+2C,61,2017,2,0.53267425,17.017769,1558.7213,16.828093,589.0198,0.15,17.781713,1516.8379
+2C,61,2018,2,0.58616376,13.876377,1808.3868,14.207118,593.55524,0.15,15.052982,1528.0142
+2C,61,2019,2,0.5948369,8.112862,1947.652,7.0680165,590.5814,0.15,6.645658,1522.5774
+2C,62,2015,2,0.5005148,12.530255,1266.7511,13.211123,498.27094,0.15,14.120006,1267.188
+2C,62,2016,2,0.43712023,12.806872,1137.4419,13.278234,506.61475,0.15,15.027926,1286.9336
+2C,62,2017,2,0.47989884,11.065705,1232.7554,11.576533,501.07083,0.15,12.265754,1275.2496
+2C,62,2018,2,0.48350745,11.923419,1178.3567,12.0736885,475.05072,0.15,11.748509,1213.8466
+2C,62,2019,2,0.51929796,12.63371,1280.9352,13.44441,493.77985,0.15,13.826251,1257.6058
+2C,63,2015,2,0.5933825,8.315472,1753.3289,5.400328,514.9523,0.15,4.13882,1344.4608
+2C,63,2016,2,0.5789846,10.045001,1749.0847,10.180406,533.25684,0.15,10.058691,1388.3181
+2C,63,2017,2,0.5285589,12.81574,1524.824,14.147922,522.3755,0.15,15.947593,1361.2543
+2C,63,2018,2,0.54891884,14.731196,1596.1781,16.887651,539.85864,0.15,18.995222,1403.4558
+2C,63,2019,2,0.5318295,14.617388,1536.8314,16.531744,530.7669,0.15,19.1748,1382.107
+2C,64,2015,2,0.5719705,8.764005,1798.3071,8.5960655,586.4816,0.15,10.264651,1477.5641
+2C,64,2016,2,0.5681621,8.963622,1737.4879,8.665439,586.65564,0.15,10.336364,1477.1075
+2C,64,2017,2,0.58625245,7.9591613,1997.4253,7.9280367,627.23096,0.15,9.344024,1567.9231
+2C,64,2018,2,0.5557556,11.077955,1695.5498,10.680331,599.22925,0.15,12.935029,1506.8055
+2C,64,2019,2,0.57492644,10.141248,1803.3547,9.927907,596.73303,0.15,11.901647,1502.1875
+2C,65,2015,2,0.11881083,9.999539,367.27365,8.89935,515.64624,0.15,10.7391405,1341.0411
+2C,65,2016,2,0.13410093,9.335718,420.67883,8.5430765,514.4793,0.15,10.236722,1339.2773
+2C,65,2017,2,0.1151333,9.547337,371.20844,8.570548,528.758,0.15,10.299154,1373.1661
+2C,65,2018,2,0.14431573,9.76094,488.66537,8.870201,558.5916,0.15,10.691245,1446.2307
+2C,65,2019,2,0.11108126,9.011421,349.2506,8.107134,513.95154,0.15,9.5627775,1336.7312
+2C,66,2015,2,0.5227679,5.919997,1414.3364,5.110997,509.85535,0.15,4.840991,1279.1603
+2C,66,2016,2,0.5311538,5.065005,1478.8572,4.8899136,514.8627,0.15,5.0031114,1290.5468
+2C,66,2017,2,0.5542514,1.2891961,1590.4656,1.1347157,515.16046,0.15,1.0260268,1292.4078
+2C,66,2018,2,0.4853929,6.177916,1384.6946,5.8182526,527.5308,0.15,5.714987,1314.9364
+2C,66,2019,2,0.4362394,7.3245125,1188.2389,7.658932,500.75314,0.15,8.697524,1255.864
+2C,67,2015,2,0.47094795,4.832569,1520.7216,5.0417876,533.23035,0.15,5.308574,1390.1987
+2C,67,2016,2,0.30464473,6.1382923,989.85254,6.261014,522.83215,0.15,7.1619983,1363.1144
+2C,67,2017,2,0.13981815,8.972823,430.12048,8.22441,505.23862,0.15,9.859331,1319.1201
+2C,67,2018,2,0.19928518,8.162658,632.62964,7.821782,516.00586,0.15,9.322709,1344.7656
+2C,67,2019,2,0.24991064,8.108586,789.5119,7.9275026,518.10944,0.15,9.251719,1351.8291
+2C,68,2015,2,0.5710225,9.810436,1920.524,9.655886,615.41736,0.15,10.29191,1586.6228
+2C,68,2016,2,0.49208662,19.037634,1432.66,19.639494,585.55664,0.15,22.93544,1512.1935
+2C,68,2017,2,0.5046799,17.692196,1501.4424,18.072733,603.7029,0.15,19.600668,1556.3193
+2C,68,2018,2,0.5321682,16.524225,1608.9656,17.660053,599.47174,0.15,20.079119,1545.2274
+2C,68,2019,2,0.57662195,13.931523,1786.8617,14.196935,591.56323,0.15,15.438616,1527.8802
+2C,69,2015,2,0.5659546,5.5707793,1711.3019,5.544457,558.36017,0.15,6.0283394,1408.2753
+2C,69,2016,2,0.54605895,7.590499,1621.8917,7.463284,558.81195,0.15,8.019653,1409.3014
+2C,69,2017,2,0.5701638,4.671302,1751.6366,4.5456843,563.6459,0.15,5.036091,1423.552
+2C,69,2018,2,0.538475,6.061223,1592.442,5.707159,547.5812,0.15,6.1756353,1383.7424
+2C,69,2019,2,0.45268348,9.851284,1309.033,9.406961,557.9172,0.15,10.22451,1407.2216
+2C,70,2015,2,0.37159026,6.0060334,860.76874,6.0808578,440.26404,0.15,7.4589443,1115.2922
+2C,70,2016,2,0.36566788,6.6351542,788.3191,6.523344,422.28796,0.15,8.056399,1072.6646
+2C,70,2017,2,0.36413044,6.1920257,751.24866,6.167127,401.08588,0.15,7.588503,1023.1858
+2C,70,2018,2,0.39460382,6.8101335,883.74567,6.7556133,437.03952,0.15,5.8176203,1109.1559
+2C,70,2019,2,0.35381857,6.845585,788.4584,6.730728,426.77557,0.15,8.30035,1085.6868
+2C,71,2015,2,0.59068996,4.1047564,2036.0718,4.136059,582.03156,0.15,4.3171573,1495.4727
+2C,71,2016,2,0.37906268,5.8897953,1352.8606,6.2349677,585.54144,0.15,7.126123,1500.6558
+2C,71,2017,2,0.5562942,5.6245756,1826.8269,6.6137366,558.0318,0.15,7.673621,1436.0687
+2C,71,2018,2,0.57498616,4.8632464,1927.24,6.058017,569.1254,0.15,7.0108795,1460.6455
+2C,71,2019,2,0.3047547,5.669282,1013.4901,5.8381557,533.66815,0.15,6.6361966,1377.3704
+2C,72,2015,2,0.5582453,2.9601097,1185.001,2.7004986,398.3171,0.15,2.4470754,1016.51324
+2C,72,2016,2,0.49215811,7.072576,1049.8203,6.2294455,422.71982,0.15,5.603993,1072.2229
+2C,72,2017,2,0.5599449,2.37033,1218.9287,1.8086997,415.42365,0.15,1.645384,1057.8757
+2C,72,2018,2,0.5252656,7.432996,1153.9371,6.6425495,429.14752,0.15,6.2513275,1089.4252
+2C,72,2019,2,0.54013234,4.2616987,1216.8208,4.037961,430.69708,0.15,3.9069867,1089.9061
+2C,73,2015,2,0.5989117,8.150918,2199.295,8.430778,642.0198,0.15,9.494326,1633.9287
+2C,73,2016,2,0.59926236,5.737627,2248.162,5.870713,651.4011,0.15,6.6481113,1655.8805
+2C,73,2017,2,0.5984329,7.1379375,2191.3137,7.1808147,647.7628,0.15,8.196815,1647.9142
+2C,73,2018,2,0.5990671,5.973251,2183.631,6.2905974,633.9759,0.15,7.1924314,1614.4346
+2C,73,2019,2,0.5989822,4.9893827,2250.921,5.107189,643.4268,0.15,5.746603,1635.6056
+2C,74,2015,2,0.57840043,6.8904605,1639.8767,6.387409,510.31854,0.15,5.8893557,1322.6398
+2C,74,2016,2,0.38641766,14.951338,1128.867,14.745752,549.4897,0.15,16.541601,1416.7153
+2C,74,2017,2,0.42875096,10.478954,1293.4768,9.813383,536.9603,0.15,10.575145,1385.3195
+2C,74,2018,2,0.5714477,8.603048,1654.0488,7.83668,526.6132,0.15,6.676329,1362.7711
+2C,74,2019,2,0.594177,4.7703137,1850.696,4.1546464,540.09503,0.15,3.6133356,1395.555
+2C,75,2015,2,0.56997406,2.9109259,1456.9568,3.1908202,427.1894,0.15,3.4594846,1098.9714
+2C,75,2016,2,0.5143963,4.6648264,1316.2468,4.9870415,436.62607,0.15,5.3464713,1121.6041
+2C,75,2017,2,0.5732642,2.2287018,1489.2255,2.3747327,438.35834,0.15,2.598784,1123.5571
+2C,75,2018,2,0.5713917,2.5595627,1569.7983,2.670084,463.53284,0.15,2.869821,1187.3705
+2C,75,2019,2,0.5835237,1.764558,1602.0497,1.8217809,458.84314,0.15,1.9244463,1174.9634
+2C,76,2015,2,0.37089866,4.787159,696.55365,4.35696,350.76382,0.15,4.429995,896.5997
+2C,76,2016,2,0.3605742,6.07343,664.5931,6.2570405,353.64334,0.15,7.5973854,900.6348
+2C,76,2017,2,0.36447814,5.658823,670.6523,5.3827343,343.48846,0.15,5.391029,878.89606
+2C,76,2018,2,0.44010508,4.9685106,910.0898,4.618699,397.29614,0.15,4.976525,1003.69507
+2C,76,2019,2,0.41531903,4.1846557,861.6073,3.859746,379.7601,0.15,3.9993508,964.545
+2C,77,2015,2,0.47104862,7.3432245,1196.232,7.934402,475.0989,0.15,8.180601,1196.4095
+2C,77,2016,2,0.42588416,7.3241754,1061.5718,7.7191706,461.3913,0.15,9.269952,1166.1292
+2C,77,2017,2,0.4495995,7.2061186,1206.2683,7.690641,497.30838,0.15,8.96428,1251.8948
+2C,77,2018,2,0.3956171,6.820188,1019.3668,7.117398,466.6074,0.15,8.148312,1181.0289
+2C,77,2019,2,0.29405466,6.767268,767.5636,6.7374434,462.6559,0.15,8.198626,1165.5413
+2C,78,2015,2,0.59715873,3.3117518,2120.2964,3.6122866,601.78253,0.15,3.8181849,1539.4507
+2C,78,2016,2,0.47584432,5.466787,1693.6864,5.8416414,599.25323,0.15,6.511735,1531.912
+2C,78,2017,2,0.598928,3.9512513,2030.2687,4.2819314,575.0806,0.15,4.4881225,1476.0946
+2C,78,2018,2,0.5683197,4.2653055,1919.1351,5.0936193,566.1801,0.15,5.6050677,1451.9788
+2C,78,2019,2,0.3661484,4.3908434,1221.8761,4.44574,538.8865,0.15,4.7215676,1388.9363
+2C,79,2015,2,0.35764956,10.095777,786.8633,10.035301,430.03973,0.15,11.6401005,1098.7897
+2C,79,2016,2,0.43031996,7.177097,1023.09827,6.3463345,446.72305,0.15,6.251799,1139.233
+2C,79,2017,2,0.3731881,9.9959755,886.9593,9.503214,465.18692,0.15,9.614153,1185.6816
+2C,79,2018,2,0.38291734,10.600422,830.7654,10.505245,430.85196,0.15,11.535747,1099.5819
+2C,79,2019,2,0.3584635,10.2867,789.1949,10.215468,435.21072,0.15,10.858503,1112.2709
+2C,80,2015,0,0.39914653,5.328718,1249.1555,5.9467483,202.70712,0.05,6.3648796,1519.5112
+2C,80,2016,0,0.40059042,5.4860134,1246.8182,6.1660438,202.19508,0.05,6.5578904,1519.5465
+2C,80,2017,0,0.4362905,4.2433367,1396.5242,4.9887266,196.24771,0.05,5.313242,1480.8403
+2C,80,2018,0,0.34387952,5.1975694,1072.7445,5.887347,195.12822,0.05,6.2691545,1469.171
+2C,80,2019,0,0.350787,5.3637285,1094.6929,5.9755306,198.14525,0.05,6.379101,1490.2822
+2C,81,2015,0,0.17670454,6.773127,410.1514,6.9991846,161.6305,0.05,7.4600086,1230.1713
+2C,81,2016,0,0.19711407,7.422324,466.3259,7.6712794,172.42702,0.05,8.122701,1307.5012
+2C,81,2017,0,0.24447326,6.1321,598.9442,6.614999,162.54869,0.05,7.0147743,1242.5842
+2C,81,2018,0,0.19014141,6.7618985,451.68555,7.0363374,163.53253,0.05,7.502034,1245.711
+2C,81,2019,0,0.21112044,6.961827,497.52798,7.313855,164.95616,0.05,7.79931,1254.492
+2C,82,2015,0,0.24805295,6.901247,364.93625,7.5165606,115.73656,0.05,7.9392467,881.3905
+2C,82,2016,0,0.24012224,7.6503773,319.65582,8.087526,114.92046,0.05,8.442298,875.79596
+2C,82,2017,0,0.2782435,6.986964,423.03384,7.436031,125.26162,0.05,7.780527,948.04346
+2C,82,2018,0,0.27870202,7.220075,405.99207,7.6799912,125.52426,0.05,8.088637,945.9035
+2C,82,2019,0,0.25817785,7.125442,380.5335,7.5173573,126.63148,0.05,7.8419423,954.4964
+2C,83,2015,0,0.30838424,6.5722237,979.79865,6.991596,220.62944,0.05,7.460019,1646.4537
+2C,83,2016,0,0.33397052,6.569955,1081.9943,7.1448593,223.4932,0.05,7.601525,1671.3807
+2C,83,2017,0,0.3397066,5.9007945,1131.5496,6.5279436,215.30971,0.05,6.9669743,1614.4768
+2C,83,2018,0,0.28936782,7.444762,852.7179,7.9332056,211.44894,0.05,8.419549,1586.2885
+2C,83,2019,0,0.27415493,8.07356,791.39197,8.460247,217.08516,0.05,8.968367,1620.9407
+2C,84,2015,0,0.320629,4.5736217,618.287,4.858059,142.74402,0.05,5.1070733,1075.0332
+2C,84,2016,0,0.34673056,7.4960995,594.08905,7.88297,154.03333,0.05,8.262201,1154.9822
+2C,84,2017,0,0.336791,6.1432047,607.212,6.451106,145.13733,0.05,6.7442307,1090.9976
+2C,84,2018,0,0.3375214,6.3087173,625.1425,6.57269,146.62021,0.05,6.8531256,1101.9316
+2C,84,2019,0,0.35140288,4.9149,676.90234,5.1714306,151.30539,0.05,5.409463,1131.3652
+2C,85,2015,0,0.3166184,6.143166,628.346,6.48401,167.49652,0.05,6.8371897,1244.5125
+2C,85,2016,0,0.39469275,4.9787354,814.8806,5.480035,168.09937,0.05,5.8223147,1255.047
+2C,85,2017,0,0.36733624,4.632928,747.4821,5.026594,163.4225,0.05,5.3149633,1219.1924
+2C,85,2018,0,0.32027957,6.2118225,669.1152,6.632262,165.90378,0.05,6.9600234,1236.187
+2C,85,2019,0,0.34722438,5.5979753,746.94073,6.0032773,168.61987,0.05,6.301237,1259.2648
+2C,86,2015,0,0.3316597,5.8109627,631.47595,6.103762,141.41187,0.05,6.3979464,1055.1542
+2C,86,2016,0,0.30705985,6.5009937,635.01166,6.8167567,152.68813,0.05,7.128699,1131.5317
+2C,86,2017,0,0.38470125,4.6432576,809.236,5.1584415,146.3387,0.05,5.439335,1095.9031
+2C,86,2018,0,0.29053876,6.2480526,560.45996,6.5382338,138.22545,0.05,6.8381715,1036.8046
+2C,86,2019,0,0.33604673,5.506019,648.78467,5.8325987,139.0375,0.05,6.1216874,1048.0844
+2C,87,2015,0,0.41177472,10.070071,1350.9966,10.9489355,216.4539,0.05,11.674478,1660.1432
+2C,87,2016,0,0.4660394,10.431949,1597.1775,11.272382,229.89479,0.05,12.054281,1756.118
+2C,87,2017,0,0.3654085,10.235104,1268.8997,10.828476,223.7314,0.05,11.544943,1712.0245
+2C,87,2018,0,0.46099997,10.596829,1577.4512,11.41662,229.96988,0.05,12.183028,1758.3422
+2C,87,2019,0,0.49893233,8.990874,1749.536,9.915773,231.14949,0.05,10.522406,1764.7698
+2C,88,2015,0,0.22610553,3.6566734,437.8155,3.9137204,132.03285,0.05,4.17982,1001.3736
+2C,88,2016,0,0.25643703,4.5297923,461.7402,4.8749633,135.27266,0.05,5.2107334,1022.5075
+2C,88,2017,0,0.2322069,4.3882575,430.62552,4.643276,131.44452,0.05,4.966695,996.7928
+2C,88,2018,0,0.25132558,3.796661,473.35812,4.092209,132.67363,0.05,4.378214,1002.24225
+2C,88,2019,0,0.2285371,4.124773,422.5907,4.29246,140.4918,0.05,4.5827885,1054.8584
+2C,89,2015,0,0.31041834,6.358484,576.7553,6.755397,137.0008,0.05,7.0733657,1029.4062
+2C,89,2016,0,0.29780996,6.466148,610.06177,6.785725,150.46033,0.05,7.1031275,1120.5271
+2C,89,2017,0,0.3150291,6.4807673,636.96704,6.8810244,147.9332,0.05,7.210949,1105.7429
+2C,89,2018,0,0.27327344,7.1225104,506.52933,7.4090014,138.55208,0.05,7.7261443,1042.7388
+2C,89,2019,0,0.33276516,4.8933196,645.5615,5.2532887,135.20734,0.05,5.513586,1023.03375
+2C,90,2015,0,0.17776829,5.4588203,266.14624,5.5604315,118.11224,0.05,5.941565,885.60034
+2C,90,2016,0,0.18018964,6.1255646,244.84947,6.3053455,112.819145,0.05,6.751769,851.03534
+2C,90,2017,0,0.1941224,6.0737886,306.37363,6.149913,127.92462,0.05,6.521967,952.99426
+2C,90,2018,0,0.18245958,5.5330334,269.25162,5.659731,120.11979,0.05,6.0698338,897.11145
+2C,90,2019,0,0.1637205,5.585808,246.89458,5.61223,126.91099,0.05,6.0343733,945.61725
+2C,91,2015,0,0.48735663,4.6796885,1451.5365,5.2170906,201.73444,0.05,5.509286,1511.0095
+2C,91,2016,0,0.36573103,7.1717334,1048.3235,7.824085,201.10054,0.05,8.287144,1503.7549
+2C,91,2017,0,0.4419063,5.977327,1285.3477,6.5885296,205.21835,0.05,6.9796743,1531.5605
+2C,91,2018,0,0.4720669,5.4704895,1392.7301,6.070025,206.38742,0.05,6.4154086,1540.7897
+2C,91,2019,0,0.45481423,5.7068844,1334.8636,6.341879,204.19054,0.05,6.689201,1529.3022
+2C,92,2015,0,0.24688086,5.875018,376.47424,6.3643847,114.42847,0.05,6.747003,869.2397
+2C,92,2016,0,0.23884615,6.3858247,331.54855,6.750248,108.020996,0.05,7.04991,825.8798
+2C,92,2017,0,0.2736269,5.7186513,458.22986,6.1112475,125.596924,0.05,6.4137526,944.68085
+2C,92,2018,0,0.27468914,6.050147,412.7089,6.410875,118.24953,0.05,6.726356,893.5274
+2C,92,2019,0,0.26086527,5.332529,413.60193,5.6173058,123.73436,0.05,5.900016,932.846
+2C,93,2015,0,0.28634658,4.925764,569.995,5.140778,134.55473,0.05,5.3566365,1003.8948
+2C,93,2016,0,0.31597936,4.7449503,694.72174,5.066908,143.57382,0.05,5.246604,1064.5233
+2C,93,2017,0,0.33162856,4.2542486,676.6693,4.4925585,138.61542,0.05,4.6947284,1028.9349
+2C,93,2018,0,0.27498418,5.3059235,555.55444,5.525892,139.38168,0.05,5.7784824,1031.8005
+2C,93,2019,0,0.30136433,4.9676814,586.1519,5.326902,131.50508,0.05,5.615163,982.7951
+2C,94,2015,0,0.28269714,6.659718,516.89856,6.9213314,136.9115,0.05,7.242927,1023.44653
+2C,94,2016,0,0.28824753,6.571222,577.96814,6.879004,147.01265,0.05,7.1886926,1091.6897
+2C,94,2017,0,0.32132453,5.660694,645.7063,6.051134,143.15508,0.05,6.333333,1068.9877
+2C,94,2018,0,0.24758154,7.441768,445.47003,7.661689,134.97261,0.05,7.9840016,1012.51337
+2C,94,2019,0,0.29973233,5.8977284,553.8528,6.1475806,133.84077,0.05,6.4228196,1008.2429
+2C,95,2015,0,0.29613048,3.7263098,740.8051,3.9861388,145.67122,0.05,4.134607,1136.412
+2C,95,2016,0,0.27632573,3.1579995,729.5552,3.414259,148.93248,0.05,3.5637083,1162.8894
+2C,95,2017,0,0.08266276,6.92497,195.54765,6.8467193,145.47273,0.05,7.166371,1133.9086
+2C,95,2018,0,0.10914317,6.095337,269.69406,6.103367,148.6221,0.05,6.326147,1158.9629
+2C,95,2019,0,0.1261372,4.8151217,319.10443,4.834007,150.00868,0.05,5.0665216,1168.7173
+2C,96,2015,0,0.30280566,5.330927,524.403,5.5766006,122.9546,0.05,5.7865953,924.8713
+2C,96,2016,0,0.28571224,5.7687483,491.05322,6.0181103,123.59503,0.05,6.2526855,931.64935
+2C,96,2017,0,0.24115497,6.5257335,413.04358,6.925091,125.09702,0.05,7.4052076,938.3303
+2C,96,2018,0,0.30899268,5.3800793,583.4109,5.592689,135.85051,0.05,5.809792,1013.7727
+2C,96,2019,0,0.27604327,6.126778,437.2128,6.3428664,119.18451,0.05,6.58124,900.8765
+2C,97,2015,0,0.30622083,6.547315,581.3473,6.850374,141.55856,0.05,7.179034,1061.5677
+2C,97,2016,0,0.28167668,6.3499827,573.2416,6.656549,148.38065,0.05,6.95833,1106.3855
+2C,97,2017,0,0.3289343,5.6470613,713.98364,6.0407634,153.19875,0.05,6.335451,1147.6511
+2C,97,2018,0,0.27142373,6.342851,532.1319,6.5552063,140.85422,0.05,6.808565,1065.8036
+2C,97,2019,0,0.30563918,5.4536576,607.18835,5.7309017,143.2447,0.05,6.004282,1081.5602
+2C,98,2015,0,0.2760038,6.7312813,410.2589,7.219072,115.78579,0.05,7.5344367,880.39734
+2C,98,2016,0,0.2613071,7.2179418,340.39465,7.673772,111.07321,0.05,8.020909,847.35004
+2C,98,2017,0,0.31590143,6.3649597,488.314,6.8813643,127.17576,0.05,7.2418065,958.6423
+2C,98,2018,0,0.31391022,6.316949,472.98715,6.804649,123.39214,0.05,7.164355,930.0897
+2C,98,2019,0,0.29825532,6.016488,454.08603,6.498929,123.22035,0.05,6.8353143,930.27795
+2C,99,2015,0,0.17679343,5.8945565,404.35733,6.0368824,163.57397,0.05,6.4538026,1238.8265
+2C,99,2016,0,0.21342467,5.5008497,512.0575,5.782689,167.18456,0.05,6.177052,1264.7966
+2C,99,2017,0,0.19760822,6.1740317,428.41135,6.4271617,159.79144,0.05,6.8611255,1214.9268
+2C,99,2018,0,0.17250594,5.995547,400.40817,6.205828,160.86621,0.05,6.6153173,1222.4647
+2C,99,2019,0,0.18159543,5.970908,410.8666,6.197224,157.36145,0.05,6.6115108,1197.8308
+2C,100,2015,0,0.5448412,7.8852153,2003.5295,8.4589615,249.03326,0.05,8.981529,1851.2396
+2C,100,2016,0,0.5551806,6.2705145,2020.8363,6.9154606,243.06718,0.05,7.322672,1808.3337
+2C,100,2017,0,0.56544566,6.8912272,2024.1937,7.6822205,236.77855,0.05,8.1876135,1766.506
+2C,100,2018,0,0.45740217,8.337818,1620.5521,9.093432,235.12885,0.05,9.727156,1755.8716
+2C,100,2019,0,0.42579076,9.381631,1454.9324,10.135004,236.1237,0.05,10.870746,1760.4543
+2C,101,2015,0,0.42626694,4.9109864,894.265,5.177981,154.47148,0.05,5.4356713,1154.3726
+2C,101,2016,0,0.35895944,6.097334,724.50555,6.508214,152.8617,0.05,6.8716526,1144.2279
+2C,101,2017,0,0.3954611,5.582515,883.65326,6.108888,159.8081,0.05,6.429453,1198.031
+2C,101,2018,0,0.41820854,4.742715,925.6225,5.2101965,158.97453,0.05,5.5065637,1190.2286
+2C,101,2019,0,0.43788645,4.221627,963.3796,4.728911,153.69759,0.05,5.00233,1154.9838
+2C,102,2015,0,0.3217208,6.224263,591.9742,6.7083364,136.12747,0.05,7.0224876,1023.49115
+2C,102,2016,0,0.30527696,6.2873855,614.5223,6.6018386,149.87863,0.05,6.9130344,1116.1575
+2C,102,2017,0,0.30901146,7.0109534,625.24603,7.411213,150.58257,0.05,7.771501,1123.811
+2C,102,2018,0,0.28712317,6.959242,546.1138,7.2397084,143.39203,0.05,7.552495,1074.056
+2C,102,2019,0,0.3374884,4.8614206,671.3306,5.1989665,139.68811,0.05,5.4719567,1053.9628
+2C,103,2015,0,0.5806913,5.4783487,1657.895,6.635047,183.41663,0.05,7.073966,1400.6261
+2C,103,2016,0,0.5793187,5.3034983,1662.1521,6.538976,184.07196,0.05,6.9776793,1407.5509
+2C,103,2017,0,0.583522,5.3268886,1611.7971,6.5355525,176.88504,0.05,6.9619627,1354.8766
+2C,103,2018,0,0.5593689,5.449228,1570.679,6.7025785,181.46365,0.05,7.147088,1386.3601
+2C,103,2019,0,0.4781355,6.4331765,1309.553,7.570076,178.8153,0.05,8.042488,1366.9482
+2C,104,2015,0,0.40834156,4.28891,1081.782,4.5048857,198.40855,0.05,4.746509,1480.5192
+2C,104,2016,0,0.3773215,2.8651106,1091.0807,3.1021075,192.45245,0.05,3.3074014,1444.7858
+2C,104,2017,0,0.42295998,2.7267525,1171.7103,3.000681,196.57843,0.05,3.192013,1472.0995
+2C,104,2018,0,0.3452422,5.307081,844.6832,5.5445156,191.82101,0.05,5.8037124,1438.0927
+2C,104,2019,0,0.43377578,3.114673,1214.1809,3.4173505,199.07387,0.05,3.6166,1490.9323
+2C,105,2015,0,0.32999384,5.3830967,993.32245,5.9582734,191.24695,0.05,6.3839827,1445.1713
+2C,105,2016,0,0.35454094,5.5421743,1100.6451,6.1254244,199.1699,0.05,6.49899,1498.3656
+2C,105,2017,0,0.30088055,5.7983217,847.85803,6.3204136,182.27298,0.05,6.7448306,1380.1276
+2C,105,2018,0,0.28864485,6.2532,843.5275,6.690512,193.77469,0.05,7.175307,1458.6566
+2C,105,2019,0,0.3216286,5.6991105,979.04944,6.212948,195.29381,0.05,6.611675,1468.7507
+2C,106,2015,0,0.31143084,6.3127112,585.30255,6.6312847,138.64153,0.05,6.9462695,1037.9773
+2C,106,2016,0,0.28394118,6.999082,577.7685,7.313371,149.92508,0.05,7.6459103,1112.7017
+2C,106,2017,0,0.36607373,4.9388,777.58417,5.437862,147.60808,0.05,5.7165923,1103.1354
+2C,106,2018,0,0.27348474,6.496308,528.62164,6.7651143,139.14941,0.05,7.0702944,1044.1862
+2C,106,2019,0,0.31588873,5.656069,600.2324,5.928778,137.36357,0.05,6.2147374,1036.1497
+2C,107,2015,0,0.33245045,4.255741,1059.8265,4.6115127,199.47618,0.05,4.9346557,1498.4076
+2C,107,2016,0,0.25891188,4.9425917,879.04706,5.17778,217.27644,0.05,5.558847,1618.6501
+2C,107,2017,0,0.2857083,4.418356,943.40375,4.659264,203.78268,0.05,4.9683723,1527.0007
+2C,107,2018,0,0.2960173,4.081223,1009.2694,4.2155623,212.09467,0.05,4.4485803,1581.8699
+2C,107,2019,0,0.3378828,4.3433447,1151.5134,4.5708237,215.27734,0.05,4.844009,1606.1514
+2C,108,2015,0,0.30321786,6.650903,543.38763,7.247151,139.95303,0.05,7.619391,1057.1454
+2C,108,2016,0,0.32754844,7.222619,554.4239,7.724642,145.8026,0.05,8.102094,1099.2172
+2C,108,2017,0,0.28492182,6.5233593,495.16992,6.9212775,143.85426,0.05,7.313719,1085.9587
+2C,108,2018,0,0.31742126,7.2967134,530.72504,7.8777466,139.87889,0.05,8.28537,1055.5493
+2C,108,2019,0,0.33829635,5.1631203,636.6582,5.354958,147.25581,0.05,5.542795,1103.6996
+2C,109,2015,0,0.32372937,6.5369735,674.87134,7.279924,155.39459,0.05,7.783264,1176.0497
+2C,109,2016,0,0.34819302,7.3582764,714.5311,8.007459,160.99893,0.05,8.413033,1215.5961
+2C,109,2017,0,0.27863818,6.42904,594.19366,6.818688,159.07062,0.05,7.1957326,1200.6772
+2C,109,2018,0,0.33357763,6.467492,719.34436,7.052895,157.98993,0.05,7.3973722,1196.9999
+2C,109,2019,0,0.38449895,5.298893,870.06024,5.761823,166.95482,0.05,6.08468,1253.9779
+2C,110,2015,0,0.25961554,3.6829011,865.0275,3.812567,198.66736,0.05,4.010354,1492.1213
+2C,110,2016,0,0.2518578,3.8084598,845.8684,3.9209259,201.63556,0.05,4.144776,1510.5525
+2C,110,2017,0,0.27126712,3.2776246,907.87646,3.3695066,200.92236,0.05,3.5719857,1501.0427
+2C,110,2018,0,0.27200997,2.954816,945.1842,3.0737314,203.89682,0.05,3.2541106,1525.8218
+2C,110,2019,0,0.2734573,3.2798724,936.68427,3.4001117,204.10852,0.05,3.6014364,1526.3374
+2C,111,2015,0,0.23413415,5.597667,429.3283,6.080755,127.92666,0.05,6.484038,971.9238
+2C,111,2016,0,0.25213578,6.9814634,435.55582,7.388809,134.43091,0.05,7.766833,1015.29987
+2C,111,2017,0,0.23356687,6.56037,445.80664,6.994722,139.1583,0.05,7.422611,1049.2188
+2C,111,2018,0,0.25943652,6.734198,492.54245,7.153262,140.06966,0.05,7.511171,1056.1023
+2C,111,2019,0,0.24191296,6.091036,461.5146,6.3531833,140.771,0.05,6.6915026,1063.9418
+2C,112,2015,0,0.40867,6.6287417,1176.5018,7.18984,204.6356,0.05,7.578645,1530.8708
+2C,112,2016,0,0.3143087,8.048737,862.41315,8.617853,195.76665,0.05,9.1039,1467.9698
+2C,112,2017,0,0.38097584,6.8017178,1088.8148,7.3603935,205.38062,0.05,7.785141,1532.9264
+2C,112,2018,0,0.4391344,6.239817,1238.8463,6.843222,202.95998,0.05,7.240248,1517.2856
+2C,112,2019,0,0.44003567,6.385454,1235.9337,7.00513,201.8768,0.05,7.3995337,1511.8031
+2C,113,2015,0,0.24020012,2.5348566,444.29724,2.7419827,122.02898,0.05,2.9318202,927.98016
+2C,113,2016,0,0.25938246,3.3196747,463.8483,3.6287339,124.78841,0.05,3.8745835,947.57733
+2C,113,2017,0,0.25956836,3.3741975,482.02036,3.620669,126.162224,0.05,3.862855,960.93744
+2C,113,2018,0,0.2631362,3.0877185,498.62546,3.3185542,129.92162,0.05,3.5607886,983.76074
+2C,113,2019,0,0.22994968,3.0240993,434.32428,3.1523013,134.10115,0.05,3.3757174,1008.13806
+2C,114,2015,0,0.38332322,7.583613,904.9943,8.053718,198.75395,0.05,8.521551,1483.7905
+2C,114,2016,0,0.411071,5.4823484,1046.2087,5.846516,194.79611,0.05,6.1811843,1460.3152
+2C,114,2017,0,0.42439923,4.2832236,1106.5674,4.6859155,198.22409,0.05,4.9855075,1483.8257
+2C,114,2018,0,0.36372402,8.480876,804.41656,9.098617,194.57018,0.05,9.606508,1460.2213
+2C,114,2019,0,0.4507492,5.134807,1145.9701,5.6186247,200.96265,0.05,5.962081,1501.8641
+2C,115,2015,0,0.30587277,6.2645197,576.3387,6.5995183,137.00728,0.05,6.909016,1029.6675
+2C,115,2016,0,0.2788279,6.9718013,567.1879,7.306119,148.41974,0.05,7.637789,1103.8223
+2C,115,2017,0,0.3221758,5.941613,660.5508,6.363718,147.34465,0.05,6.6705427,1101.0945
+2C,115,2018,0,0.25985628,6.9427605,485.68204,7.186406,137.46448,0.05,7.494815,1034.7609
+2C,115,2019,0,0.31355074,5.3753743,592.5511,5.6343565,135.062,0.05,5.892023,1021.4213
+2C,116,2015,0,0.33087373,4.9113555,1139.2765,5.1283445,224.02467,0.05,5.4186373,1670.3064
+2C,116,2016,0,0.27082276,4.861862,937.85736,5.063805,218.31473,0.05,5.4387445,1633.6239
+2C,116,2017,0,0.36976764,3.6105337,1360.137,3.7306824,233.2553,0.05,3.9578412,1735.348
+2C,116,2018,0,0.38506088,3.2960074,1424.569,3.429195,234.66653,0.05,3.651398,1744.8743
+2C,116,2019,0,0.4305211,3.3486195,1539.4292,3.5563178,229.76785,0.05,3.7866943,1709.4635
+2C,117,2015,0,0.36409,5.633068,723.87354,5.9898586,146.63065,0.05,6.304101,1101.8866
+2C,117,2016,0,0.30903518,6.674953,654.5947,7.053556,159.43684,0.05,7.4324727,1188.9083
+2C,117,2017,0,0.37636164,5.5692363,837.5767,6.0575514,161.1769,0.05,6.383963,1203.8085
+2C,117,2018,0,0.3522427,5.111681,777.83636,5.552353,154.44415,0.05,5.8531466,1159.687
+2C,117,2019,0,0.3758536,4.716561,806.6704,5.1193285,151.11499,0.05,5.4025946,1135.1157
+2C,118,2015,0,0.457116,5.2090325,1214.5713,5.795002,182.3088,0.05,6.1226516,1376.3999
+2C,118,2016,0,0.42271796,7.0070553,1130.7163,7.483552,195.84077,0.05,7.881979,1471.1659
+2C,118,2017,0,0.5266093,5.4681416,1448.0962,6.0192127,193.80807,0.05,6.34503,1456.9569
+2C,118,2018,0,0.40452784,5.2730355,1097.2098,5.6470633,185.53264,0.05,5.9397545,1400.1045
+2C,118,2019,0,0.48369738,5.4784636,1386.4851,6.0042353,200.54146,0.05,6.3435707,1506.5833
+2C,119,2015,0,0.37878853,6.5779037,1177.3065,7.1805105,227.0993,0.05,7.640218,1699.552
+2C,119,2016,0,0.39141515,6.5119634,1229.2651,7.249314,226.3736,0.05,7.7108974,1694.2526
+2C,119,2017,0,0.3965965,5.557859,1329.2001,6.3021965,219.06923,0.05,6.729911,1647.2085
+2C,119,2018,0,0.34752855,7.6233997,962.10504,8.344107,212.96016,0.05,8.833227,1602.994
+2C,119,2019,0,0.35107914,7.4154434,1023.86176,8.038351,216.09468,0.05,8.50925,1625.3442
+2C,120,2015,0,0.23331004,4.5621867,491.20056,4.877989,146.92723,0.05,5.186655,1125.446
+2C,120,2016,0,0.25371826,4.412257,547.6671,4.789329,147.02113,0.05,5.0801954,1126.338
+2C,120,2017,0,0.24985631,4.3829064,579.64154,4.689144,156.08365,0.05,4.984996,1185.5101
+2C,120,2018,0,0.27491575,4.6852074,605.56067,5.0194874,150.2247,0.05,5.3279343,1148.359
+2C,120,2019,0,0.22642085,4.6170487,492.53745,4.829469,146.58571,0.05,5.118603,1120.4769
+2C,121,2015,0,0.30468196,4.731059,622.6606,4.9160986,139.97118,0.05,5.1314464,1041.2527
+2C,121,2016,0,0.2829839,4.637691,596.488,4.846352,137.12442,0.05,5.021327,1023.77765
+2C,121,2017,0,0.2695793,4.4009914,527.4024,4.562086,129.30402,0.05,4.746011,972.18884
+2C,121,2018,0,0.27841422,4.5149336,585.01746,4.654,140.72203,0.05,4.8380203,1049.6406
+2C,121,2019,0,0.27517748,4.789089,591.19324,5.020687,139.15236,0.05,5.209552,1037.0487
+2C,122,2015,0,0.40517804,4.6041994,1016.6856,4.7669096,191.25073,0.05,5.0412807,1428.5908
+2C,122,2016,0,0.40257147,3.8520408,1089.436,4.1370897,192.86671,0.05,4.387827,1444.6393
+2C,122,2017,0,0.3629753,4.2320766,880.69617,4.4669323,188.30052,0.05,4.720024,1413.2578
+2C,122,2018,0,0.33069307,6.3032703,721.99475,6.342423,183.5963,0.05,6.585706,1379.1927
+2C,122,2019,0,0.44906,3.6712813,1158.7599,3.930261,194.7337,0.05,4.1537423,1457.8234
+2C,123,2015,0,0.50375134,7.407612,1819.8555,8.29931,241.1494,0.05,8.901073,1801.7227
+2C,123,2016,0,0.5195654,6.457239,1897.6722,7.49875,236.38268,0.05,8.015893,1768.9862
+2C,123,2017,0,0.53349894,6.1778507,1918.4779,7.1796613,232.66112,0.05,7.6818886,1743.8958
+2C,123,2018,0,0.46541917,6.820875,1646.2471,7.7334595,230.20166,0.05,8.271427,1725.0322
+2C,123,2019,0,0.41300806,7.6977954,1497.3752,8.560935,238.73605,0.05,9.161844,1783.2378
+2C,124,2015,0,0.5755693,5.701736,1616.49,7.020587,176.88052,0.05,7.4679914,1358.9794
+2C,124,2016,0,0.5754106,5.5007424,1638.3667,6.9139147,178.92601,0.05,7.367118,1374.4426
+2C,124,2017,0,0.58100635,5.483381,1573.5645,6.819683,170.31725,0.05,7.248974,1311.8215
+2C,124,2018,0,0.5566767,5.5286117,1529.9128,6.9677935,172.6072,0.05,7.4169197,1328.6703
+2C,124,2019,0,0.49840152,6.264802,1345.4451,7.5605044,173.19032,0.05,8.03486,1330.9894
+2C,125,2015,0,0.32184198,6.2863164,609.74146,6.6384773,140.30492,0.05,6.9663005,1056.4669
+2C,125,2016,0,0.28419667,7.0568633,593.1736,7.3530493,154.70937,0.05,7.6956673,1153.1261
+2C,125,2017,0,0.33358434,5.955364,706.5592,6.377021,152.89894,0.05,6.692498,1145.5049
+2C,125,2018,0,0.29233646,6.1826286,601.5647,6.48109,145.64508,0.05,6.766804,1096.902
+2C,125,2019,0,0.33112946,5.0475335,674.4992,5.355114,143.25917,0.05,5.620581,1081.7672
+2C,126,2015,0,0.55250573,3.8906798,1582.701,4.9610424,166.35852,0.05,5.2791953,1283.5039
+2C,126,2016,0,0.5384495,4.37551,1539.4277,5.46896,167.26747,0.05,5.8194833,1290.5839
+2C,126,2017,0,0.5518053,4.1669974,1522.8652,5.275327,161.67337,0.05,5.600049,1248.2944
+2C,126,2018,0,0.45434815,4.876118,1264.7246,5.9348025,164.39502,0.05,6.325725,1267.5723
+2C,126,2019,0,0.36553413,4.655082,1011.4946,5.3982277,161.78047,0.05,5.7501364,1248.5956
+2C,127,2015,0,0.59715426,4.368915,1749.9784,5.0631037,180.6279,0.05,5.293026,1393.9365
+2C,127,2016,0,0.59504515,5.0723543,1795.9727,5.853204,192.66876,0.05,6.180181,1476.3376
+2C,127,2017,0,0.5920014,4.9187593,1673.9119,5.779447,179.46927,0.05,6.1410556,1380.0775
+2C,127,2018,0,0.5922306,5.039322,1678.8282,5.793923,179.4681,0.05,6.0949135,1380.2091
+2C,127,2019,0,0.564687,5.413758,1594.8428,6.3694644,178.70012,0.05,6.7209625,1380.5712
+2C,128,2015,0,0.56062376,4.152608,1574.0115,5.1500573,170.1161,0.05,5.4772854,1307.5153
+2C,128,2016,0,0.5634781,4.0389895,1546.6234,5.125934,165.73352,0.05,5.4603796,1278.2382
+2C,128,2017,0,0.5687432,4.205788,1577.5791,5.2559595,168.04979,0.05,5.597561,1293.3273
+2C,128,2018,0,0.52248424,4.252072,1430.2098,5.273888,166.64157,0.05,5.6140366,1282.5215
+2C,128,2019,0,0.33699456,5.5056577,946.2257,6.175794,171.39319,0.05,6.5801454,1315.128
+2C,129,2015,0,0.2562769,8.144314,593.3355,8.693443,164.53984,0.05,9.263629,1245.6055
+2C,129,2016,0,0.31559867,7.5202365,788.95667,8.105854,178.14911,0.05,8.536863,1344.1051
+2C,129,2017,0,0.27857697,7.2403584,673.1646,7.6273108,168.77724,0.05,8.006923,1276.8387
+2C,129,2018,0,0.27967525,7.631485,669.1619,8.132317,169.7149,0.05,8.593275,1281.0215
+2C,129,2019,0,0.28030434,6.8693194,712.80206,7.155018,177.44798,0.05,7.50453,1335.4495
+2C,130,2015,0,0.26713055,5.728124,704.7164,6.0514226,189.61375,0.05,6.296674,1439.8915
+2C,130,2016,0,0.3162092,5.557362,934.17834,5.953125,205.30989,0.05,6.207498,1554.2585
+2C,130,2017,0,0.30683482,4.8680964,820.2713,5.3249345,187.6633,0.05,5.5661926,1422.3386
+2C,130,2018,0,0.2775701,5.3458624,749.4653,5.7229676,191.99489,0.05,6.041002,1454.3403
+2C,130,2019,0,0.2718408,5.6687984,724.831,6.0504856,195.26779,0.05,6.4212785,1474.531
+2C,131,2015,0,0.27741438,3.5188737,575.92584,3.695792,157.37187,0.05,3.9165154,1170.0288
+2C,131,2016,0,0.2862642,5.17701,578.5251,5.480398,153.46713,0.05,5.721213,1144.8684
+2C,131,2017,0,0.28528383,5.222723,565.3514,5.414079,159.6974,0.05,5.6684246,1191.7081
+2C,131,2018,0,0.26062676,4.995365,509.8148,5.204894,152.55832,0.05,5.3995748,1139.9879
+2C,131,2019,0,0.24880856,5.99427,508.13165,6.305861,158.10048,0.05,6.620026,1186.3394
+2C,132,2015,0,0.13025233,5.7865515,241.18379,5.7633214,154.02539,0.05,6.1603823,1170.7478
+2C,132,2016,0,0.15130119,6.058637,303.7346,6.0677667,161.86954,0.05,6.4926715,1226.6796
+2C,132,2017,0,0.14753887,5.836441,314.55762,5.861496,160.28236,0.05,6.2656136,1213.8579
+2C,132,2018,0,0.16548064,6.0786853,367.23993,6.1216307,170.96742,0.05,6.552233,1290.459
+2C,132,2019,0,0.1318605,5.4823885,256.2554,5.4673357,157.17778,0.05,5.8468847,1188.5043
+2C,133,2015,0,0.36008066,5.8037677,1012.68787,6.2501354,212.13264,0.05,6.564043,1590.8677
+2C,133,2016,0,0.39511788,4.964521,1182.2795,5.4306765,220.95369,0.05,5.688903,1649.9738
+2C,133,2017,0,0.3941319,3.7514238,1225.2748,4.2026935,207.89282,0.05,4.442452,1562.258
+2C,133,2018,0,0.3440141,6.2389393,936.40393,6.869871,207.27295,0.05,7.2768106,1559.6049
+2C,133,2019,0,0.336397,6.734386,923.0082,7.2325773,210.78908,0.05,7.617668,1585.0421
+2C,134,2015,0,0.22940259,4.466289,377.51935,4.8277826,114.87568,0.05,5.151738,874.04456
+2C,134,2016,0,0.24519074,5.041975,395.7485,5.441311,114.270164,0.05,5.738173,870.5339
+2C,134,2017,0,0.25007302,5.4782634,431.64893,5.8642483,126.05764,0.05,6.2283235,947.3822
+2C,134,2018,0,0.24691595,5.072021,414.71704,5.448089,119.71134,0.05,5.7584224,906.6022
+2C,134,2019,0,0.23628852,5.47693,396.76804,5.6641765,129.48529,0.05,5.9687085,973.11237
+2C,135,2015,0,0.29642028,8.307131,569.98456,9.097507,153.19313,0.05,9.685181,1159.2839
+2C,135,2016,0,0.38396734,7.4583645,739.54407,8.231468,156.28087,0.05,8.654762,1182.7173
+2C,135,2017,0,0.25975826,7.6373944,514.1302,8.017657,153.95988,0.05,8.41001,1163.7446
+2C,135,2018,0,0.363928,7.675027,731.76276,8.436245,156.7586,0.05,8.816176,1186.792
+2C,135,2019,0,0.34163457,7.31533,693.0555,7.9910555,160.12224,0.05,8.427476,1205.5813
+2C,136,2015,0,0.3200909,4.987058,694.31396,5.234393,146.16266,0.05,5.4665027,1085.0884
+2C,136,2016,0,0.29986045,4.9810576,666.6925,5.4067016,144.64609,0.05,5.6896334,1076.0
+2C,136,2017,0,0.3827067,3.7448432,831.3334,4.1378794,138.5234,0.05,4.330824,1038.0388
+2C,136,2018,0,0.2875329,4.8222766,606.59863,5.057948,138.5558,0.05,5.2822943,1038.255
+2C,136,2019,0,0.3338205,4.606451,690.0194,4.950549,136.38242,0.05,5.18656,1026.9298
+2C,137,2015,0,0.47095665,7.012887,1416.0334,7.9556513,205.39417,0.05,8.377345,1537.8752
+2C,137,2016,0,0.4675281,7.073313,1410.1737,7.9784055,209.63338,0.05,8.489833,1565.6678
+2C,137,2017,0,0.25024423,8.389496,702.2024,8.860546,193.84854,0.05,9.455948,1452.9365
+2C,137,2018,0,0.4866604,6.7623806,1494.7186,7.5229006,217.54459,0.05,7.995937,1614.6407
+2C,137,2019,0,0.46930707,6.660579,1427.3906,7.5189424,207.40863,0.05,7.960271,1549.9421
+2C,138,2015,0,0.29201448,7.4551535,715.14465,7.9091487,188.52977,0.05,8.28846,1423.8285
+2C,138,2016,0,0.32384187,6.476618,825.58295,6.9113245,196.49046,0.05,7.2441196,1482.767
+2C,138,2017,0,0.30207133,6.682847,786.6605,7.143303,187.4407,0.05,7.51128,1418.6633
+2C,138,2018,0,0.27543885,6.4163685,678.35767,6.8728237,182.09186,0.05,7.2561007,1378.2601
+2C,138,2019,0,0.31672025,6.5602345,811.96826,6.9844437,193.14415,0.05,7.3493814,1454.8492
+2C,139,2015,0,0.28087562,5.7620215,887.01697,6.231595,190.50072,0.05,6.58743,1434.2194
+2C,139,2016,0,0.25726408,6.5543537,778.9516,6.929948,188.96341,0.05,7.326076,1423.5726
+2C,139,2017,0,0.32760438,5.369233,995.7721,5.82788,188.39381,0.05,6.148798,1418.0757
+2C,139,2018,0,0.2701972,5.95826,827.95013,6.3566084,187.81862,0.05,6.72054,1417.2917
+2C,139,2019,0,0.27227286,6.3358707,845.1083,6.7221775,194.4884,0.05,7.1141367,1459.6718
+2C,140,2015,0,0.33053768,6.809475,657.18604,7.1587915,148.76575,0.05,7.490686,1114.6876
+2C,140,2016,0,0.30894142,6.1513786,655.156,6.5362644,153.43016,0.05,6.847888,1147.1826
+2C,140,2017,0,0.38353577,5.2882066,861.2474,5.7613873,157.95949,0.05,6.0577135,1185.489
+2C,140,2018,0,0.28669396,5.686478,575.069,5.951616,143.81802,0.05,6.2078724,1088.9755
+2C,140,2019,0,0.3430124,5.4664702,725.90186,5.7636538,153.6148,0.05,6.052597,1154.818
+2C,141,2015,0,0.59142816,4.0499334,1698.7375,4.7783766,180.50989,0.05,5.0701227,1387.4253
+2C,141,2016,0,0.5833102,4.564452,1711.9319,5.2801843,188.10664,0.05,5.60077,1442.9058
+2C,141,2017,0,0.59186846,4.033389,1707.1893,4.749538,181.77095,0.05,5.0556345,1394.6263
+2C,141,2018,0,0.5812045,4.3859806,1631.1482,5.1754956,177.69467,0.05,5.4963493,1367.4423
+2C,141,2019,0,0.50612086,5.411782,1357.4926,6.2415466,173.0028,0.05,6.59334,1337.0657
+2C,142,2015,0,0.41117433,4.1076937,1264.7969,4.542034,203.93591,0.05,4.7848973,1531.9548
+2C,142,2016,0,0.41856724,4.1699624,1257.2804,4.6456423,199.74385,0.05,4.9112997,1503.0566
+2C,142,2017,0,0.3581046,5.1461134,1009.24133,5.589522,192.71901,0.05,5.8662233,1451.8354
+2C,142,2018,0,0.39467478,5.732518,1115.3184,6.269675,203.45595,0.05,6.6200724,1524.8131
+2C,142,2019,0,0.3649455,4.86319,1123.6183,5.3183146,205.66118,0.05,5.6007857,1541.5549
+2C,143,2015,0,0.4243659,4.2872877,780.689,4.793107,127.22376,0.05,5.0191298,957.196
+2C,143,2016,0,0.28706282,5.2942257,511.77756,5.5935144,122.17393,0.05,5.827694,924.6473
+2C,143,2017,0,0.26141053,5.9171963,490.78455,6.27385,127.83298,0.05,6.5550227,966.7929
+2C,143,2018,0,0.2539467,5.639053,489.25595,6.041709,133.105,0.05,6.4527936,993.9339
+2C,143,2019,0,0.31142735,4.950105,569.90204,5.24948,123.33578,0.05,5.4505615,928.6527
+2C,144,2015,0,0.3870334,3.8685393,1289.2653,4.194055,207.35968,0.05,4.419115,1552.9601
+2C,144,2016,0,0.35300344,3.4385757,1204.3385,3.6687946,208.51875,0.05,3.885046,1558.7538
+2C,144,2017,0,0.39727166,2.9132617,1363.4523,3.0963051,211.7258,0.05,3.2970164,1575.7124
+2C,144,2018,0,0.39872295,2.665809,1395.7242,2.8771687,213.5232,0.05,3.064547,1591.42
+2C,144,2019,0,0.421816,2.78359,1498.5134,3.044594,217.65247,0.05,3.2394931,1622.1598
+2C,145,2015,0,0.35990056,5.100219,1161.8914,5.5354977,216.05519,0.05,5.876733,1610.9858
+2C,145,2016,0,0.38085794,5.079233,1231.7158,5.648254,216.76901,0.05,5.9816008,1620.1792
+2C,145,2017,0,0.40614188,3.4046357,1366.1085,3.9147458,209.92029,0.05,4.179349,1570.36
+2C,145,2018,0,0.29046792,5.959757,923.76117,6.423777,213.8143,0.05,6.815333,1596.5631
+2C,145,2019,0,0.3058683,6.149953,948.425,6.542602,215.55788,0.05,6.9156446,1606.5125
+2C,146,2015,0,0.44329315,4.3759747,848.06683,4.894958,131.8877,0.05,5.1241193,993.90674
+2C,146,2016,0,0.31905645,5.9347258,610.921,6.464225,129.76913,0.05,6.7487698,985.1137
+2C,146,2017,0,0.39093024,5.12856,774.0631,5.5945916,136.16412,0.05,5.8324428,1026.0836
+2C,146,2018,0,0.37562072,5.598565,779.72723,5.9837036,146.09747,0.05,6.2331758,1092.1565
+2C,146,2019,0,0.3465835,5.7330627,678.65955,6.19742,138.23352,0.05,6.4815807,1037.2756
+2C,147,2015,0,0.37779796,4.7189326,1054.9141,5.1779394,181.36313,0.05,5.4501247,1372.1799
+2C,147,2016,0,0.29460436,6.439551,797.04266,6.944769,181.90157,0.05,7.3394585,1373.538
+2C,147,2017,0,0.33407933,5.8682833,933.18713,6.3328886,188.51617,0.05,6.6573405,1420.2119
+2C,147,2018,0,0.36223975,5.301451,1012.10333,5.771045,188.3471,0.05,6.0711555,1417.9536
+2C,147,2019,0,0.32944533,5.666576,893.16895,6.129699,181.23672,0.05,6.439914,1370.329
+2C,148,2015,0,0.13417053,5.7700977,267.96484,5.879269,139.03815,0.05,6.2375164,1073.1194
+2C,148,2016,0,0.14242233,5.696621,287.68286,5.822296,137.63564,0.05,6.1870327,1063.1216
+2C,148,2017,0,0.14516918,6.431398,295.51572,6.5404897,143.09311,0.05,6.934387,1099.9514
+2C,148,2018,0,0.15802996,5.9619694,330.29886,6.1371217,141.67085,0.05,6.5312266,1091.3615
+2C,148,2019,0,0.14136717,5.9204435,288.35437,6.016722,137.86069,0.05,6.3984127,1062.991
+2C,149,2015,0,0.1528997,6.5628343,380.38885,6.629535,161.16553,0.05,7.083247,1231.0948
+2C,149,2016,0,0.18394935,8.338398,486.09824,8.442604,184.64966,0.05,9.034416,1402.4193
+2C,149,2017,0,0.16937615,7.4564624,477.82657,7.451367,188.47595,0.05,7.9897337,1428.5991
+2C,149,2018,0,0.1656659,7.043152,440.58832,7.145316,174.14241,0.05,7.635442,1327.7281
+2C,149,2019,0,0.21894366,7.2389927,644.64197,7.4392977,194.0213,0.05,7.9643226,1467.8215
+2C,150,2015,0,0.31657806,5.923544,669.60205,6.454283,150.6031,0.05,6.757509,1140.7412
+2C,150,2016,0,0.33030495,7.4259386,640.00616,8.083089,154.61401,0.05,8.481422,1171.4744
+2C,150,2017,0,0.3975081,5.598574,863.3837,6.3114347,156.54544,0.05,6.660452,1184.9916
+2C,150,2018,0,0.37272033,6.3299117,770.24805,6.972939,157.8915,0.05,7.363113,1190.9529
+2C,150,2019,0,0.3694824,5.2175775,816.48816,5.695128,165.42946,0.05,6.012261,1244.3413
+2C,151,2015,0,0.5695396,5.1731167,1715.7379,6.0405025,195.60342,0.05,6.4505033,1481.4055
+2C,151,2016,0,0.5663901,5.6046276,1691.5231,6.587252,197.30145,0.05,7.045508,1492.7424
+2C,151,2017,0,0.5711415,5.4822197,1640.7924,6.4139166,189.89665,0.05,6.855752,1437.738
+2C,151,2018,0,0.507873,6.031329,1455.0514,6.9874554,191.51509,0.05,7.44722,1450.5477
+2C,151,2019,0,0.4220669,6.704135,1207.7101,7.5128307,189.75793,0.05,7.996504,1440.2777
+2C,152,2015,0,0.37812835,4.667653,731.88794,5.139512,146.69183,0.05,5.3995795,1105.0543
+2C,152,2016,0,0.3926478,6.7700815,685.36615,7.081868,153.7632,0.05,7.3876185,1153.574
+2C,152,2017,0,0.40335682,5.2764354,777.18823,5.6359277,148.43198,0.05,5.9015765,1117.7661
+2C,152,2018,0,0.36868727,6.084747,696.2886,6.445305,151.40065,0.05,6.7421956,1137.0977
+2C,152,2019,0,0.3582359,5.046962,714.85944,5.212688,157.53255,0.05,5.4578633,1180.6211
+2C,153,2015,0,0.36009353,4.597477,634.0365,4.9964604,121.84566,0.05,5.201407,920.4026
+2C,153,2016,0,0.2473151,5.204494,439.63852,5.599234,120.067795,0.05,5.980274,907.162
+2C,153,2017,0,0.22548743,5.5472217,411.4979,5.8977246,121.47871,0.05,6.3013353,920.5788
+2C,153,2018,0,0.2298118,4.9212127,453.84424,5.2854586,128.88412,0.05,5.646251,964.058
+2C,153,2019,0,0.24253596,5.2519093,413.2101,5.6673336,116.16158,0.05,6.045814,879.0946
+2C,154,2015,0,0.59018,4.3679833,1690.9264,5.134096,180.89236,0.05,5.450003,1396.1649
+2C,154,2016,0,0.58970773,4.8392777,1767.1627,5.559257,192.84055,0.05,5.9022455,1479.3225
+2C,154,2017,0,0.5877346,4.776385,1646.8171,5.4985585,181.20319,0.05,5.8497443,1393.2013
+2C,154,2018,0,0.5840727,4.7622204,1646.546,5.602045,179.39746,0.05,5.950843,1382.0863
+2C,154,2019,0,0.51912373,5.5780573,1389.355,6.4522743,172.90865,0.05,6.8273807,1339.3363
+2C,155,2015,0,0.26879862,5.793982,419.56693,6.1876054,116.146576,0.05,6.4626946,884.661
+2C,155,2016,0,0.24008664,6.6547327,336.40054,7.0548506,109.3918,0.05,7.375876,836.97833
+2C,155,2017,0,0.28936434,5.743523,498.54288,6.151579,130.18231,0.05,6.469816,978.99426
+2C,155,2018,0,0.29197764,5.675218,458.38226,6.0654783,120.981544,0.05,6.3692284,913.45715
+2C,155,2019,0,0.27283183,5.422485,443.52493,5.7451963,125.98451,0.05,6.033562,949.9903
+2C,156,2015,0,0.41094434,7.5162015,1066.7106,8.296873,185.7821,0.05,8.742601,1398.8389
+2C,156,2016,0,0.286806,9.382049,740.7829,9.699704,193.84676,0.05,10.225589,1453.1906
+2C,156,2017,0,0.4457399,8.4912405,1192.3619,9.387053,196.0649,0.05,9.893716,1470.6082
+2C,156,2018,0,0.25829095,7.26484,690.5503,7.4190264,187.2352,0.05,7.755753,1412.5305
+2C,156,2019,0,0.3730624,7.117804,1051.9855,7.592162,197.93819,0.05,7.9884152,1485.0283
+2C,157,2015,0,0.23518355,4.731291,802.80164,4.812238,214.49118,0.05,5.179878,1598.2875
+2C,157,2016,0,0.2917342,4.3390565,966.51587,4.606485,206.15396,0.05,4.946184,1544.488
+2C,157,2017,0,0.2840291,4.5961785,933.96643,4.8415413,203.84448,0.05,5.2003775,1527.4924
+2C,157,2018,0,0.24623184,4.5806565,751.8891,4.7859273,192.5134,0.05,5.132859,1446.059
+2C,157,2019,0,0.14693755,4.8259387,491.4918,4.832635,204.3768,0.05,5.1777697,1525.117
+2C,158,2015,0,0.35115215,10.14994,1099.2074,10.809473,229.4611,0.05,11.571122,1697.8516
+2C,158,2016,0,0.2791186,10.050697,827.5475,10.460472,218.6172,0.05,11.203391,1622.3384
+2C,158,2017,0,0.38469857,9.298441,1214.5162,10.026262,227.41927,0.05,10.7423725,1687.2186
+2C,158,2018,0,0.28676707,10.177755,875.64124,10.713769,221.41785,0.05,11.472174,1643.0802
+2C,158,2019,0,0.37481886,9.592233,1118.3424,10.329749,218.4054,0.05,11.039789,1621.659
+2C,159,2015,0,0.49574482,8.218268,1267.4293,9.499881,203.25993,0.05,10.055819,1524.0228
+2C,159,2016,0,0.505177,7.9445925,1285.7375,9.186483,207.02953,0.05,9.742739,1549.2365
+2C,159,2017,0,0.5150451,7.409709,1339.5988,8.512921,193.43054,0.05,8.964398,1454.1428
+2C,159,2018,0,0.44668436,7.29161,1144.2097,8.353813,191.71477,0.05,8.840376,1441.524
+2C,159,2019,0,0.4659005,8.142931,1173.3319,9.325349,195.70233,0.05,9.874439,1469.2356
+2C,160,2015,1,0.48327312,3.7016492,1440.2925,4.097514,338.84286,0.1,4.4868016,1277.7432
+2C,160,2016,1,0.42152312,3.8800983,1248.9541,4.1712613,330.3436,0.1,4.49543,1246.2534
+2C,160,2017,1,0.4680756,2.3004203,1467.9207,2.5453038,344.62784,0.1,2.7333097,1295.81
+2C,160,2018,1,0.48301202,2.6452768,1465.0438,2.9661918,341.19452,0.1,3.2412233,1282.7031
+2C,160,2019,1,0.3932168,3.179519,1201.9208,3.4704666,335.95123,0.1,3.844013,1265.5493
+2C,161,2015,1,0.1215117,2.5964572,291.925,2.547472,255.41272,0.1,2.7953207,995.80237
+2C,161,2016,1,0.10653916,2.995831,274.9012,2.8918228,274.01434,0.1,3.1768312,1062.4487
+2C,161,2017,1,0.08700934,2.6557362,215.58928,2.5316477,259.27997,0.1,2.8226821,1008.8194
+2C,161,2018,1,0.10363752,2.8178685,256.88843,2.7198238,259.67783,0.1,3.0495412,1009.2145
+2C,161,2019,1,0.09334926,3.0485382,216.98463,2.8887463,247.9779,0.1,3.2370129,969.1376
+2C,162,2015,1,0.53954536,0.8733736,1870.2806,0.55583084,371.67044,0.1,0.5060165,1442.0612
+2C,162,2016,1,0.44176742,0.60800976,1542.2542,0.40601194,364.01297,0.1,0.35428724,1415.522
+2C,162,2017,1,0.2511029,4.7384286,822.19666,4.699666,353.76627,0.1,4.906863,1378.7936
+2C,162,2018,1,0.38132194,4.578451,1243.4203,4.553202,360.03564,0.1,4.6086364,1399.3086
+2C,162,2019,1,0.51733536,2.3695104,1760.1664,1.8713596,373.87064,0.1,1.6736524,1449.8667
+2C,163,2015,1,0.4715128,5.4733863,1592.3712,6.1739407,389.6941,0.1,6.8544364,1504.4907
+2C,163,2016,1,0.55307156,4.4688945,1924.3787,5.171969,397.75507,0.1,5.7366385,1533.7565
+2C,163,2017,1,0.40302825,5.1691628,1357.905,5.7701316,376.71094,0.1,6.424659,1459.4185
+2C,163,2018,1,0.5886502,3.849065,2041.4161,4.299856,400.84555,0.1,4.6813507,1543.1335
+2C,163,2019,1,0.23464102,5.9078317,795.6793,6.051317,375.78763,0.1,6.8258553,1454.4307
+2C,164,2015,1,0.5991382,0.1782999,2014.7021,0.13206507,368.08395,0.1,0.123034514,1404.1199
+2C,164,2016,1,0.5995504,0.050360136,2023.1619,0.042211138,365.76483,0.1,0.03962432,1402.5891
+2C,164,2017,1,0.59946376,0.1470707,1987.2693,0.12520733,359.3084,0.1,0.11948007,1376.3009
+2C,164,2018,1,0.59909105,0.25592282,1989.6425,0.22070184,360.99802,0.1,0.21310052,1381.4951
+2C,164,2019,1,0.59895337,0.075274795,1919.404,0.05078785,345.84744,0.1,0.047728855,1329.0585
+2C,165,2015,1,0.2635618,5.892103,563.3394,6.024,246.45021,0.1,6.5624676,961.7138
+2C,165,2016,1,0.19039108,4.538298,421.7066,4.4903946,249.63135,0.1,4.821709,969.31616
+2C,165,2017,1,0.29313695,3.986286,674.18896,4.128912,258.6561,0.1,4.4353757,1000.35913
+2C,165,2018,1,0.4632944,3.2303214,1021.77386,3.4681938,251.05464,0.1,3.7306707,974.6498
+2C,165,2019,1,0.5077958,3.1399772,1224.8715,3.520353,275.32043,0.1,3.844659,1064.6129
+2C,166,2015,1,0.48831394,3.0129507,1518.298,3.281408,355.26837,0.1,3.5203707,1374.9353
+2C,166,2016,1,0.42004704,3.6585746,1340.6887,4.0192533,363.84344,0.1,4.463441,1403.0659
+2C,166,2017,1,0.46471527,3.4957554,1447.1847,3.8849304,351.08868,0.1,4.1578274,1358.3231
+2C,166,2018,1,0.48642743,2.5547452,1499.0477,2.7067575,352.2846,0.1,2.9242868,1361.8573
+2C,166,2019,1,0.30208838,3.6716914,888.9288,3.8744197,321.71494,0.1,4.1955547,1250.2505
+2C,167,2015,1,0.09673475,5.917627,308.9288,5.6210694,344.96045,0.1,6.3009243,1340.2178
+2C,167,2016,1,0.10096448,5.9219065,313.69623,5.646312,336.91632,0.1,6.3393545,1307.7822
+2C,167,2017,1,0.09078901,6.067886,282.34668,5.731753,337.42883,0.1,6.4425387,1311.3398
+2C,167,2018,1,0.07008009,6.0176644,213.81029,5.6276217,333.86078,0.1,6.27201,1295.0037
+2C,167,2019,1,0.0925843,5.7181067,300.15857,5.4522104,351.81735,0.1,6.0198917,1362.2651
+2C,168,2015,1,0.3000542,4.182091,856.5381,4.319595,321.36337,0.1,4.861222,1208.576
+2C,168,2016,1,0.24926305,4.220048,678.1157,4.2443123,306.075,0.1,4.80012,1154.0354
+2C,168,2017,1,0.27380297,4.0918093,811.0196,4.15576,332.72537,0.1,4.6935344,1249.3243
+2C,168,2018,1,0.23328559,3.7986984,657.02704,3.8448205,304.7266,0.1,4.338492,1152.663
+2C,168,2019,1,0.18590003,3.8155258,543.38324,3.7636013,316.4257,0.1,4.2743306,1187.1678
+2C,169,2015,1,0.55770546,3.8327646,1780.3552,3.6411,359.54388,0.1,3.6527338,1395.248
+2C,169,2016,1,0.1374002,7.6126127,436.9064,7.3392515,355.8862,0.1,8.128601,1382.2688
+2C,169,2017,1,0.104072526,8.150726,321.27747,7.7256365,347.61923,0.1,8.688315,1351.4736
+2C,169,2018,1,0.11360836,7.385908,359.41214,7.069591,350.731,0.1,7.8746696,1362.0558
+2C,169,2019,1,0.1463727,7.350637,475.21594,7.2153554,360.50702,0.1,7.96533,1397.5175
+2C,170,2015,1,0.25456098,6.7363653,864.09985,6.9227543,385.32452,0.1,7.821387,1490.6903
+2C,170,2016,1,0.43041694,6.1440587,1448.3961,6.8687315,388.9597,0.1,7.5898457,1504.6036
+2C,170,2017,1,0.54155886,5.060094,1789.3595,5.8643494,386.0795,0.1,6.446123,1493.759
+2C,170,2018,1,0.29327393,5.937103,1012.6844,6.2131996,389.42163,0.1,6.8532486,1505.3689
+2C,170,2019,1,0.35105693,6.163382,1212.5814,6.6574936,394.23245,0.1,7.37505,1523.6342
+2C,171,2015,1,0.35002556,5.108869,749.3616,5.3818235,247.13615,0.1,5.8392467,963.90015
+2C,171,2016,1,0.23224631,4.5280275,513.3732,4.53828,250.52145,0.1,4.8649693,972.4603
+2C,171,2017,1,0.32640082,3.7731287,747.4864,3.9315498,258.19513,0.1,4.206764,998.7544
+2C,171,2018,1,0.49778843,2.9369442,1090.67,3.164103,249.33725,0.1,3.385232,968.54193
+2C,171,2019,1,0.5407379,2.913144,1285.1111,3.2930188,271.75323,0.1,3.591508,1051.5848
+2C,172,2015,1,0.23596375,3.1742883,498.81985,3.3262525,226.80681,0.1,3.7111096,888.91376
+2C,172,2016,1,0.20987682,3.5067585,427.7166,3.5445807,224.58713,0.1,3.9672525,874.7866
+2C,172,2017,1,0.19252044,3.7485948,417.50653,3.760342,237.11746,0.1,4.2107806,922.479
+2C,172,2018,1,0.43773922,2.984692,925.7887,3.4783282,234.3036,0.1,3.8309152,912.1298
+2C,172,2019,1,0.2863059,3.1531456,635.3428,3.3606863,242.12608,0.1,3.7459316,939.3013
+2C,173,2015,1,0.58581907,2.2244358,1708.673,2.311105,328.20255,0.1,2.4096422,1270.968
+2C,173,2016,1,0.42239794,3.6513884,1213.2048,3.8277738,322.10236,0.1,4.1280484,1249.72
+2C,173,2017,1,0.5756998,2.2567694,1656.679,2.4472146,319.02805,0.1,2.5610766,1238.903
+2C,173,2018,1,0.57581484,2.4167347,1723.6691,2.562114,335.65173,0.1,2.6819,1299.3083
+2C,173,2019,1,0.417574,2.7696266,1147.9772,2.9500985,298.3716,0.1,3.1323593,1161.8147
+2C,174,2015,1,0.3682202,3.3720403,1009.08655,3.7185981,300.24667,0.1,4.0634418,1150.6542
+2C,174,2016,1,0.2799508,4.244687,792.38367,4.421791,309.29272,0.1,4.9026175,1184.9257
+2C,174,2017,1,0.20648389,3.8597865,592.9867,3.8941488,307.49554,0.1,4.3168764,1172.9913
+2C,174,2018,1,0.273766,3.1399019,814.2373,3.1458864,326.0531,0.1,3.4898698,1239.573
+2C,174,2019,1,0.26257578,3.6583855,751.6852,3.8119557,308.09894,0.1,4.1771655,1175.4557
+2C,175,2015,1,0.28726053,4.842165,645.1466,5.0187473,253.05103,0.1,5.466021,982.5131
+2C,175,2016,1,0.3997579,3.6414566,915.65436,3.9656892,259.51788,0.1,4.3040247,1004.61865
+2C,175,2017,1,0.33534256,2.5803428,829.8024,2.7158573,270.35608,0.1,2.9449713,1042.8867
+2C,175,2018,1,0.37679732,3.6495876,878.1221,3.882524,262.4946,0.1,4.182466,1014.7785
+2C,175,2019,1,0.57531714,1.657334,1429.9465,1.9424037,273.25922,0.1,2.085095,1057.1533
+2C,176,2015,1,0.15833414,2.8315,306.95752,2.8424206,205.89822,0.1,3.1860607,810.356
+2C,176,2016,1,0.1434878,3.2181568,283.0749,3.156454,214.22577,0.1,3.550755,840.58386
+2C,176,2017,1,0.12802364,3.0437293,263.9141,2.9546375,222.07199,0.1,3.3229814,870.87964
+2C,176,2018,1,0.16156523,3.3549201,324.89972,3.3205361,217.44037,0.1,3.7383418,852.8233
+2C,176,2019,1,0.11828084,3.0278716,250.41351,2.9158878,226.95374,0.1,3.2814083,884.80334
+2C,177,2015,1,0.59962463,0.72677225,2122.7905,0.28325817,386.49216,0.1,0.18936586,1490.0886
+2C,177,2016,1,0.59800786,3.727002,1859.1306,2.4792914,359.33163,0.1,2.2704163,1394.9927
+2C,177,2017,1,0.48660082,8.400878,1456.6528,8.372482,364.49805,0.1,8.435931,1412.3381
+2C,177,2018,1,0.42190436,8.772183,1245.8533,9.584429,374.62,0.1,10.312859,1445.7888
+2C,177,2019,1,0.41180703,7.6991844,1311.4891,8.424696,389.655,0.1,9.052438,1503.5447
+2C,178,2015,1,0.29907477,4.539773,1001.3596,4.8808203,371.69608,0.1,5.520917,1434.8732
+2C,178,2016,1,0.28477785,4.824271,960.04126,5.126205,375.87555,0.1,5.793198,1449.3914
+2C,178,2017,1,0.27122208,4.995316,899.1276,5.1960235,370.74313,0.1,5.844704,1432.0458
+2C,178,2018,1,0.30095622,4.9273076,1002.37195,5.2548304,373.11453,0.1,5.917139,1439.3442
+2C,178,2019,1,0.3222257,4.457838,1107.0131,4.8881407,381.1908,0.1,5.521672,1467.0605
+2C,179,2015,1,0.57850385,2.5243108,1665.7272,2.6597242,326.31842,0.1,2.773878,1264.4507
+2C,179,2016,1,0.4553699,3.2520878,1310.9287,3.3431697,322.69592,0.1,3.5636034,1252.0906
+2C,179,2017,1,0.55565023,3.0651531,1582.3126,3.2230654,320.0462,0.1,3.2619004,1243.7673
+2C,179,2018,1,0.58682066,1.769958,1772.1904,1.8422797,335.38162,0.1,1.8786986,1299.1346
+2C,179,2019,1,0.4433601,2.5743673,1224.6614,2.6787302,300.11398,0.1,2.8042064,1168.7981
+2C,180,2015,1,0.59066033,2.2910566,1719.788,2.46365,324.7616,0.1,2.5216289,1258.766
+2C,180,2016,1,0.4603858,2.948988,1352.7286,3.1028678,324.1918,0.1,3.1962104,1258.3994
+2C,180,2017,1,0.51036173,3.3356106,1445.632,3.7260075,316.4444,0.1,3.9448771,1230.1953
+2C,180,2018,1,0.54743904,3.3342533,1585.7758,3.6857216,326.13358,0.1,3.8536422,1263.0906
+2C,180,2019,1,0.36596274,3.0604622,987.96265,3.237711,293.55588,0.1,3.3548725,1143.4403
+2C,181,2015,1,0.5947855,4.145581,2029.839,4.8648415,393.41702,0.1,5.066009,1517.02
+2C,181,2016,1,0.5888947,4.6108427,2018.3644,5.4662366,399.54767,0.1,5.87243,1537.342
+2C,181,2017,1,0.5967557,4.1655154,2017.0835,4.911194,390.89703,0.1,5.128686,1506.1897
+2C,181,2018,1,0.59203917,4.08434,2035.0553,4.8121657,399.27197,0.1,5.1008377,1534.7408
+2C,181,2019,1,0.5721668,4.4328046,1977.9268,5.5584097,400.0303,0.1,6.0215697,1537.2239
+2C,182,2015,1,0.5956646,3.0190575,1981.6155,3.0482967,370.4103,0.1,3.072872,1435.7922
+2C,182,2016,1,0.2654759,5.4432225,914.7487,5.5996804,374.92157,0.1,6.1881757,1449.3192
+2C,182,2017,1,0.3818852,5.0813775,1233.515,5.4680963,358.32266,0.1,5.903643,1391.542
+2C,182,2018,1,0.50831634,4.4703317,1629.9364,5.071109,359.071,0.1,5.528069,1392.2367
+2C,182,2019,1,0.26971343,2.8304875,881.79065,2.823465,342.57834,0.1,2.9241962,1333.3363
+2C,183,2015,1,0.18173997,5.6890955,396.87457,5.645754,246.68887,0.1,6.275685,960.5703
+2C,183,2016,1,0.19613007,4.2966747,448.47195,4.2587433,256.06296,0.1,4.655495,990.3966
+2C,183,2017,1,0.29373187,3.226396,707.51556,3.3212347,266.54404,0.1,3.6046696,1027.2524
+2C,183,2018,1,0.37604642,3.36457,869.102,3.516315,260.29636,0.1,3.7596984,1006.07526
+2C,183,2019,1,0.53015524,3.0003774,1274.6741,3.4039712,273.3957,0.1,3.6832006,1055.7535
+2C,184,2015,1,0.48513764,2.938396,1504.9406,3.2086468,358.36154,0.1,3.3735495,1385.0675
+2C,184,2016,1,0.3907961,3.590382,1236.3273,3.980873,357.9243,0.1,4.403673,1381.8447
+2C,184,2017,1,0.5175723,3.0287561,1611.9779,3.5053945,352.54944,0.1,3.679185,1363.9045
+2C,184,2018,1,0.48822716,2.0961313,1520.612,2.2513006,355.14886,0.1,2.351473,1372.18
+2C,184,2019,1,0.33965892,3.531495,1000.1218,3.8509905,322.93616,0.1,4.187551,1254.4585
+2C,185,2015,1,0.37891486,4.7442765,1016.6766,5.1633997,300.69504,0.1,5.5254993,1176.657
+2C,185,2016,1,0.25285256,5.5541325,707.57825,5.683899,314.7682,0.1,6.228023,1227.3965
+2C,185,2017,1,0.16915461,5.1081266,468.08484,5.1020827,299.84216,0.1,5.6493564,1173.0785
+2C,185,2018,1,0.42298245,4.4358187,1191.9504,4.9434166,314.09726,0.1,5.2492456,1225.6387
+2C,185,2019,1,0.26066062,4.5657477,705.54803,4.7001514,295.60794,0.1,5.041051,1156.466
+2C,186,2015,1,0.44314262,8.610711,1395.0193,9.128559,378.01373,0.1,9.792496,1459.1761
+2C,186,2016,1,0.27178377,8.197474,813.8004,8.381729,346.87595,0.1,9.028435,1347.1444
+2C,186,2017,1,0.24986242,10.381005,732.36835,10.586739,348.46323,0.1,11.568649,1353.9323
+2C,186,2018,1,0.21031655,11.0205,620.98975,11.028886,357.86105,0.1,12.214205,1382.5906
+2C,186,2019,1,0.23570773,10.863043,718.0075,10.964357,368.43942,0.1,12.1870365,1422.3792
+2C,187,2015,1,0.26631367,5.7414913,699.26447,5.952464,293.08615,0.1,6.3592005,1149.3281
+2C,187,2016,1,0.18597296,6.537941,520.4635,6.502447,315.11926,0.1,7.17211,1230.223
+2C,187,2017,1,0.12417868,6.3446264,340.25192,6.1477795,300.90057,0.1,6.8295326,1177.002
+2C,187,2018,1,0.33273378,5.6291246,933.3931,6.069145,314.0739,0.1,6.5440836,1227.331
+2C,187,2019,1,0.20651473,5.2540827,563.58746,5.258006,297.43362,0.1,5.619709,1163.6744
+2C,188,2015,1,0.36592707,5.0284204,984.999,5.4424863,301.17825,0.1,5.818399,1180.6425
+2C,188,2016,1,0.32097664,5.751137,931.73846,6.016239,328.07513,0.1,6.507601,1277.525
+2C,188,2017,1,0.23303725,5.9091125,666.30426,6.0863156,314.3185,0.1,6.6365414,1226.2266
+2C,188,2018,1,0.39929456,5.0526123,1145.9457,5.4748735,322.33124,0.1,5.795223,1256.5385
+2C,188,2019,1,0.40421706,3.4555147,1139.0105,3.471817,305.2979,0.1,3.5092273,1192.8142
+2C,189,2015,1,0.16527872,5.6767006,511.22122,5.5894003,341.46844,0.1,6.232536,1329.0303
+2C,189,2016,1,0.14248867,5.6974874,435.93762,5.579668,332.53708,0.1,6.254903,1297.5919
+2C,189,2017,1,0.16880083,5.538873,511.8864,5.5164213,332.1837,0.1,6.1759076,1296.4818
+2C,189,2018,1,0.16227467,5.680723,509.00076,5.603235,344.42877,0.1,6.2952285,1339.4298
+2C,189,2019,1,0.12931599,5.401349,383.92416,5.238687,323.47064,0.1,5.836548,1262.0168
+2C,190,2015,1,0.19935896,2.6962194,472.33966,2.6777992,257.8674,0.1,2.999576,989.5856
+2C,190,2016,1,0.1700691,3.0130224,393.8664,2.9027362,258.0182,0.1,3.2717056,991.0152
+2C,190,2017,1,0.18771914,2.91872,434.5862,2.8663642,254.9786,0.1,3.220679,980.5035
+2C,190,2018,1,0.16051145,2.7865624,394.9172,2.6854432,270.61536,0.1,3.0230212,1034.6077
+2C,190,2019,1,0.2100502,2.7425933,500.20547,2.7030494,261.06982,0.1,3.0080626,1002.865
+2C,191,2015,1,0.43824735,4.730363,1189.9023,5.171094,306.38528,0.1,5.4331303,1196.8132
+2C,191,2016,1,0.35004357,5.4654913,1012.63574,5.6879425,327.59824,0.1,6.089125,1274.4535
+2C,191,2017,1,0.22322659,5.860511,619.8851,5.984832,305.491,0.1,6.546296,1192.7837
+2C,191,2018,1,0.44847605,4.7701993,1286.0791,5.2419424,322.6387,0.1,5.5428514,1256.3971
+2C,191,2019,1,0.45466137,3.3494844,1240.7615,3.3657584,298.1093,0.1,3.3703837,1165.3247
+2C,192,2015,1,0.24289723,6.01594,736.3618,5.9168553,354.56558,0.1,6.467186,1343.5883
+2C,192,2016,1,0.24398203,5.4448695,791.5125,5.366429,362.15067,0.1,5.6993985,1375.3855
+2C,192,2017,1,0.55578065,2.268087,1867.6548,2.1985226,384.922,0.1,2.261354,1457.8148
+2C,192,2018,1,0.26831734,5.5623255,857.20734,5.4968686,361.7179,0.1,5.863141,1373.5201
+2C,192,2019,1,0.5852476,1.8457178,2017.0237,1.8591453,398.05383,0.1,1.966138,1502.2162
+2C,193,2015,1,0.25500262,4.189543,827.8874,4.307462,351.88873,0.1,4.7272577,1354.5924
+2C,193,2016,1,0.20546001,4.8401785,676.83813,4.935234,357.10913,0.1,5.40932,1371.4392
+2C,193,2017,1,0.26930025,4.430449,878.1018,4.7093143,354.4322,0.1,5.1875887,1361.5641
+2C,193,2018,1,0.28903756,4.4603844,924.72,4.878616,348.12668,0.1,5.396863,1342.3167
+2C,193,2019,1,0.2662706,4.017232,825.4367,4.0488815,336.20383,0.1,4.330472,1297.5177
+2C,194,2015,1,0.3119007,4.6857867,917.57294,4.994013,322.88397,0.1,5.5550094,1225.0211
+2C,194,2016,1,0.24552193,5.0397334,703.09595,5.102816,313.91635,0.1,5.7295766,1190.8789
+2C,194,2017,1,0.35750836,3.7325015,1084.6659,3.9904892,330.05954,0.1,4.3398685,1248.441
+2C,194,2018,1,0.32350174,3.6693528,985.49927,3.8906312,335.08487,0.1,4.3406053,1262.0845
+2C,194,2019,1,0.27370778,4.1843615,813.6885,4.339706,322.8251,0.1,4.776998,1221.5232
+2C,195,2015,1,0.19565156,4.498307,519.34326,4.5501785,288.7869,0.1,4.983012,1131.3198
+2C,195,2016,1,0.12640527,5.0943418,362.63107,4.9411945,310.56204,0.1,5.5182266,1211.9973
+2C,195,2017,1,0.07476149,5.0182343,204.75186,4.7138915,296.30417,0.1,5.2551622,1157.8597
+2C,195,2018,1,0.2423235,4.7655687,702.088,4.9535656,315.1389,0.1,5.4000926,1228.4792
+2C,195,2019,1,0.14366397,4.927453,396.5505,4.83671,300.00436,0.1,5.3098392,1172.3717
+2C,196,2015,1,0.08801988,4.9499865,308.05542,4.578597,381.89615,0.1,5.167774,1473.0608
+2C,196,2016,1,0.072736375,4.094435,248.00197,3.816622,361.44836,0.1,4.2687354,1399.7275
+2C,196,2017,1,0.09191052,4.653059,304.62924,4.367625,359.80948,0.1,4.871837,1393.0597
+2C,196,2018,1,0.068358436,4.2903905,241.48778,3.9539628,376.1722,0.1,4.470692,1448.066
+2C,196,2019,1,0.07891731,3.8292918,282.0931,3.593942,374.84833,0.1,4.0405984,1445.8646
+2C,197,2015,1,0.12492563,3.9749935,421.0474,3.8353252,357.05725,0.1,4.303599,1386.2836
+2C,197,2016,1,0.1111307,3.5826645,376.32883,3.4596684,354.9263,0.1,3.8545341,1375.8849
+2C,197,2017,1,0.087075,4.030751,291.0803,3.796755,354.15552,0.1,4.2655826,1372.8636
+2C,197,2018,1,0.07526489,3.762567,256.01498,3.5236719,356.35754,0.1,3.9605322,1379.8127
+2C,197,2019,1,0.08689244,3.6769764,297.19626,3.4987173,358.5045,0.1,3.838903,1388.161
+2C,198,2015,1,0.57513964,2.76389,1624.0876,2.915894,320.648,0.1,3.0534544,1244.4882
+2C,198,2016,1,0.4555992,3.5757496,1303.0815,3.768917,320.90625,0.1,4.0226426,1246.8499
+2C,198,2017,1,0.49296457,3.5575898,1366.7958,3.972236,311.51862,0.1,4.1726136,1212.1824
+2C,198,2018,1,0.58119905,2.29971,1726.8138,2.4393933,332.45166,0.1,2.5140738,1288.9816
+2C,198,2019,1,0.43549088,2.8028164,1191.3618,2.906989,297.98282,0.1,3.0295064,1160.7196
+2C,199,2015,1,0.5995228,1.3920534,1962.3612,1.4181607,357.78088,0.1,1.4595528,1387.6436
+2C,199,2016,1,0.54897493,3.3073702,1693.7778,4.004143,342.23264,0.1,4.47142,1331.7269
+2C,199,2017,1,0.53411734,3.5999434,1656.3641,4.1941257,348.06607,0.1,4.716906,1351.6302
+2C,199,2018,1,0.58938825,3.4992194,1857.4641,4.060678,357.67813,0.1,4.500893,1384.6665
+2C,199,2019,1,0.598055,2.5268257,1972.5537,2.781221,366.4239,0.1,3.0462918,1420.2235
+2C,200,2015,1,0.271618,3.021204,595.39886,3.2183146,229.38316,0.1,3.4580693,904.2424
+2C,200,2016,1,0.18299375,4.76667,440.7908,4.7603493,264.41995,0.1,5.3323617,1034.5061
+2C,200,2017,1,0.15527794,4.661882,346.41916,4.602453,242.97487,0.1,5.101379,956.4346
+2C,200,2018,1,0.3188793,4.037429,686.5666,4.3811035,236.62248,0.1,4.812698,929.41046
+2C,200,2019,1,0.17021382,4.206251,396.05267,4.230593,250.02028,0.1,4.683744,978.4473
+2C,201,2015,1,0.15493432,6.8323655,424.2897,6.3904266,304.4356,0.1,7.3312364,1165.45
+2C,201,2016,1,0.15991473,6.6010456,442.21494,6.209323,307.46036,0.1,7.113074,1178.1132
+2C,201,2017,1,0.19720072,6.965375,554.19556,6.594061,312.29086,0.1,7.5778723,1196.051
+2C,201,2018,1,0.16397396,6.3196545,468.3494,6.054019,307.6955,0.1,6.8995204,1180.4442
+2C,201,2019,1,0.16841513,6.6227965,466.5302,6.3290935,305.88632,0.1,7.2226324,1170.7147
+2C,202,2015,1,0.55133975,1.6388352,1377.3961,1.8719237,280.32483,0.1,2.0811198,1089.6785
+2C,202,2016,1,0.55858445,1.5382897,1526.098,1.7785794,306.0203,0.1,1.9851865,1184.6006
+2C,202,2017,1,0.54367656,1.6813183,1403.8657,1.8816078,292.73016,0.1,2.1115053,1134.7964
+2C,202,2018,1,0.54770374,1.3360376,1391.4513,1.5851626,282.19235,0.1,1.7844459,1098.0386
+2C,202,2019,1,0.5412965,1.5567702,1393.0159,1.7852385,286.12387,0.1,2.0008078,1111.993
+2C,203,2015,1,0.27861634,4.5576115,725.6799,4.814317,277.54776,0.1,5.249823,1089.0637
+2C,203,2016,1,0.14179365,5.811093,366.88943,5.648766,286.20868,0.1,6.320964,1121.434
+2C,203,2017,1,0.1390828,5.079018,351.33566,4.9810476,272.46423,0.1,5.4969707,1070.0281
+2C,203,2018,1,0.120802194,5.430331,309.35004,5.227397,280.27823,0.1,5.742713,1098.1947
+2C,203,2019,1,0.13764381,4.840214,371.56818,4.7324862,290.95905,0.1,5.2375436,1136.8843
+2C,204,2015,1,0.25368708,3.1879337,716.9226,3.3462415,301.118,0.1,3.5688715,1168.5486
+2C,204,2016,1,0.3220032,2.8661244,944.14545,3.1031983,314.59232,0.1,3.3020437,1215.6202
+2C,204,2017,1,0.16997208,3.2786021,486.77658,3.3097315,302.05237,0.1,3.5712128,1172.678
+2C,204,2018,1,0.27873033,2.9797194,817.1214,3.1985736,311.44495,0.1,3.4478006,1205.4653
+2C,204,2019,1,0.25500846,2.8763483,729.0433,2.9807918,303.5154,0.1,3.1605623,1176.1499
+2C,205,2015,1,0.36945534,4.0902233,1305.513,4.210521,388.2167,0.1,4.815329,1490.4583
+2C,205,2016,1,0.24003807,3.6917222,800.62994,3.789532,357.61746,0.1,4.2634935,1383.3408
+2C,205,2017,1,0.27664137,3.9778492,934.37384,4.0758014,368.47665,0.1,4.60462,1419.8386
+2C,205,2018,1,0.31757048,3.9941297,1111.0201,4.1282344,381.9638,0.1,4.6876693,1466.2688
+2C,205,2019,1,0.40600112,4.3835783,1435.1124,4.5536327,388.82578,0.1,5.2200394,1492.912
+2C,206,2015,1,0.52016085,1.6570876,1736.8389,1.0869236,360.10727,0.1,0.94238603,1400.5807
+2C,206,2016,1,0.37929738,0.41361296,1327.2213,0.27935812,359.59622,0.1,0.23218659,1398.5718
+2C,206,2017,1,0.14209369,5.278612,451.79535,5.151905,340.32593,0.1,5.4958286,1326.739
+2C,206,2018,1,0.21134071,5.386093,695.30145,5.341155,357.15137,0.1,5.6646523,1387.2161
+2C,206,2019,1,0.29191613,2.428016,1006.4138,2.1354184,363.71704,0.1,2.00858,1411.9204
+2C,207,2015,1,0.11121562,4.377305,343.79956,4.1910667,331.31116,0.1,4.603489,1286.8009
+2C,207,2016,1,0.10007927,5.4833736,318.5262,5.2339983,342.198,0.1,5.849457,1325.6384
+2C,207,2017,1,0.09719671,5.1661553,324.9808,4.9213023,356.12173,0.1,5.504402,1374.8822
+2C,207,2018,1,0.10299286,5.316371,357.04025,5.0539737,371.6838,0.1,5.67432,1430.3835
+2C,207,2019,1,0.09890446,4.0086284,324.78937,3.8672938,347.39285,0.1,4.1452446,1343.7716
+2C,208,2015,1,0.2603345,5.2816334,675.75964,5.423748,292.89493,0.1,5.935467,1140.3016
+2C,208,2016,1,0.16461815,6.215331,446.28998,6.0832205,306.4564,0.1,6.7601776,1188.7509
+2C,208,2017,1,0.15708017,6.1903467,404.95633,6.0698686,289.49896,0.1,6.784477,1127.2151
+2C,208,2018,1,0.23132499,5.603473,626.28937,5.734618,301.32236,0.1,6.313505,1170.7839
+2C,208,2019,1,0.13153331,5.881191,332.6628,5.704783,281.22372,0.1,6.283844,1095.9009
+2C,209,2015,1,0.1648388,5.511784,517.91754,5.435723,345.87048,0.1,6.115344,1345.9878
+2C,209,2016,1,0.14729372,5.627073,463.52524,5.526327,341.7571,0.1,6.178664,1332.0621
+2C,209,2017,1,0.17718904,5.497569,542.1559,5.5006013,335.40344,0.1,6.1885743,1309.796
+2C,209,2018,1,0.16905221,5.624166,537.7239,5.5670204,350.29807,0.1,6.27484,1360.7722
+2C,209,2019,1,0.12425631,5.1887608,378.08707,5.0112376,329.40472,0.1,5.6463943,1284.1676
+2C,210,2015,1,0.5939301,3.6318243,1965.4303,3.8781064,369.64224,0.1,3.9780357,1434.3168
+2C,210,2016,1,0.29087618,5.282832,1008.8497,5.544361,377.1723,0.1,6.13132,1457.6346
+2C,210,2017,1,0.4407854,5.1768694,1433.2065,5.7583685,363.82574,0.1,6.2385097,1412.668
+2C,210,2018,1,0.5492971,4.7249455,1780.8539,5.509594,366.32437,0.1,5.976526,1420.0448
+2C,210,2019,1,0.26318464,4.1116595,860.8081,4.184146,349.3704,0.1,4.4790535,1359.6062
+2C,211,2015,1,0.3774796,2.8554773,734.7792,3.0271716,214.3945,0.1,3.2652214,843.0647
+2C,211,2016,1,0.4798137,3.075939,952.1165,3.3225548,222.44447,0.1,3.4605312,872.3415
+2C,211,2017,1,0.3942932,3.1692185,843.0384,3.3745096,239.75388,0.1,3.6592846,934.89606
+2C,211,2018,1,0.40977186,3.022042,810.33386,3.249133,218.31923,0.1,3.3947406,856.54034
+2C,211,2019,1,0.28942713,3.883727,553.9615,4.0579205,215.16464,0.1,4.415619,843.6613
+2C,212,2015,1,0.50905865,3.2880492,1614.7732,3.6351533,364.72028,0.1,3.9282212,1410.5951
+2C,212,2016,1,0.41055763,4.0291066,1353.6984,4.494039,373.68506,0.1,4.9866767,1439.6736
+2C,212,2017,1,0.46732357,4.085904,1494.4148,4.663974,362.47543,0.1,5.053057,1400.2816
+2C,212,2018,1,0.51019853,3.0077868,1609.6465,3.2461104,364.18433,0.1,3.5114331,1404.0806
+2C,212,2019,1,0.2659419,4.471979,812.16296,4.6643558,334.1454,0.1,5.084838,1296.7717
+2C,213,2015,1,0.16253246,4.705715,347.7726,4.60577,240.5014,0.1,5.1220183,936.8152
+2C,213,2016,1,0.17278472,3.325733,413.30267,3.245926,261.004,0.1,3.508205,1009.9404
+2C,213,2017,1,0.30430007,1.4293199,747.2597,1.465934,259.43698,0.1,1.5499111,1002.824
+2C,213,2018,1,0.39391282,1.7317741,963.8676,1.7503549,263.41412,0.1,1.8289087,1019.65906
+2C,213,2019,1,0.4582532,2.1911788,1098.8655,2.300946,264.25455,0.1,2.411259,1024.3334
+2C,214,2015,1,0.5968472,1.5167,1848.6168,1.6191406,345.55035,0.1,1.6727241,1331.498
+2C,214,2016,1,0.53629524,3.4830532,1651.9576,3.7883434,351.8292,0.1,3.9688137,1355.4835
+2C,214,2017,1,0.52335286,3.279836,1529.5334,3.6233568,329.88196,0.1,3.8243537,1275.8793
+2C,214,2018,1,0.22763011,4.2162404,721.48413,4.1948147,345.8098,0.1,4.6590834,1329.1881
+2C,214,2019,1,0.33005854,3.675624,952.98236,3.8548546,318.1701,0.1,4.1127577,1232.506
+2C,215,2015,1,0.59847754,0.050859734,2083.3098,0.046520628,386.49442,0.1,0.043893967,1460.2562
+2C,215,2016,1,0.59839785,0.11028076,2081.9614,0.093848325,380.63303,0.1,0.09366379,1451.0685
+2C,215,2017,1,0.5988123,0.06984718,1994.9678,0.06538915,360.28284,0.1,0.06574496,1379.465
+2C,215,2018,1,0.59857714,0.057433195,1983.8038,0.044968463,359.4223,0.1,0.043508884,1374.6339
+2C,215,2019,1,0.5976726,0.03952457,1938.1205,0.033727948,352.37006,0.1,0.030069932,1347.3989
+2C,216,2015,1,0.20371956,5.558937,661.8902,5.4775786,365.03824,0.1,6.178934,1409.731
+2C,216,2016,1,0.121903956,5.4154134,383.57492,5.1787543,343.16254,0.1,5.852412,1334.4404
+2C,216,2017,1,0.13520034,5.4053116,437.91748,5.180953,354.1683,0.1,5.840578,1373.7515
+2C,216,2018,1,0.16753362,5.4552226,543.0727,5.3415184,357.55484,0.1,6.0429997,1383.5048
+2C,216,2019,1,0.2246472,5.5763097,732.5176,5.535527,369.12363,0.1,6.206574,1422.5695
+2C,217,2015,1,0.30427104,3.0632737,1152.0658,3.0863302,423.30203,0.1,3.2451115,1615.762
+2C,217,2016,1,0.3279219,3.1085029,1263.4717,3.0621128,435.56296,0.1,3.2035868,1659.6632
+2C,217,2017,1,0.22248413,3.2379665,827.09,3.1479392,414.6003,0.1,3.3265214,1584.3951
+2C,217,2018,1,0.2003943,3.6405816,743.4005,3.5872579,406.76572,0.1,3.782484,1556.1925
+2C,217,2019,1,0.2836004,2.796815,1028.6411,2.6944933,411.34143,0.1,2.7628326,1572.1852
+2C,218,2015,1,0.11325875,5.0245953,369.27667,4.7645216,350.747,0.1,5.3823075,1353.5607
+2C,218,2016,1,0.10594846,4.7421174,353.0077,4.551205,352.2485,0.1,5.109453,1360.246
+2C,218,2017,1,0.08429104,4.743954,289.8853,4.484538,363.02612,0.1,5.0341406,1399.1941
+2C,218,2018,1,0.09740263,4.7156487,350.14008,4.472507,380.51373,0.1,5.032674,1461.4626
+2C,218,2019,1,0.10449976,5.1067996,360.65213,4.829013,369.09106,0.1,5.4412947,1421.306
+2C,219,2015,1,0.5910938,1.4412947,2016.7815,1.4252241,395.8155,0.1,1.4872129,1497.6061
+2C,219,2016,1,0.59233445,1.4624536,2034.8198,1.4035139,393.18665,0.1,1.4212719,1492.4021
+2C,219,2017,1,0.58114547,2.4861312,1930.5089,2.3592396,388.18393,0.1,2.397945,1472.6237
+2C,219,2018,1,0.4791396,4.5465717,1531.0466,4.2836637,381.0553,0.1,4.3699875,1443.2761
+2C,219,2019,1,0.49861357,4.1395435,1547.6509,3.9183967,364.14734,0.1,3.8701434,1390.7623
+2C,220,2015,1,0.24731861,4.9857273,638.43634,5.1025834,287.70312,0.1,5.5591736,1124.9889
+2C,220,2016,1,0.17287101,5.1747675,470.55356,5.142404,299.83127,0.1,5.641098,1168.8281
+2C,220,2017,1,0.08765465,5.17729,232.1541,4.8983445,288.99493,0.1,5.427033,1128.4069
+2C,220,2018,1,0.24636081,5.105893,682.74634,5.243245,306.35428,0.1,5.747061,1192.5135
+2C,220,2019,1,0.15822154,5.2604065,423.1316,5.1661835,294.1748,0.1,5.671405,1148.619
+2C,221,2015,1,0.4062764,2.2382202,997.9636,2.387385,260.28662,0.1,2.5172668,1025.4241
+2C,221,2016,1,0.3486575,2.807406,854.26855,3.0742238,259.9205,0.1,3.3043494,1024.0233
+2C,221,2017,1,0.23090929,3.0828753,496.81686,3.1636086,229.41351,0.1,3.4135246,907.9513
+2C,221,2018,1,0.26664653,3.5615523,617.77814,3.7022586,250.59154,0.1,3.9973857,985.86456
+2C,221,2019,1,0.3332698,2.2060776,784.4689,2.3950696,249.85904,0.1,2.5525944,983.2045
+2C,222,2015,1,0.070033744,4.7839537,235.48418,4.4513197,359.89096,0.1,5.015764,1395.2822
+2C,222,2016,1,0.08246884,4.821102,277.94046,4.5250006,361.25458,0.1,5.097928,1398.721
+2C,222,2017,1,0.107717514,4.7130046,364.66724,4.5009975,363.54874,0.1,5.070981,1408.3969
+2C,222,2018,1,0.0681894,4.657677,230.8357,4.33126,361.40277,0.1,4.8768845,1396.7798
+2C,222,2019,1,0.08214683,4.7680426,280.38464,4.4773245,365.1576,0.1,5.01532,1411.759
+2C,223,2015,1,0.51199824,1.7666299,1510.4679,1.7712207,319.6671,0.1,1.8000827,1239.437
+2C,223,2016,1,0.3203907,2.5551133,975.72736,2.5882142,323.0476,0.1,2.629491,1253.5098
+2C,223,2017,1,0.29412815,2.0316062,861.7136,2.065796,306.7412,0.1,2.1224384,1195.0796
+2C,223,2018,1,0.54997313,1.0176756,1684.894,0.9332424,328.81808,0.1,0.9175073,1275.6222
+2C,223,2019,1,0.38715464,0.70629036,1140.6578,0.6083162,305.83453,0.1,0.57137334,1190.4103
+2C,224,2015,1,0.5973288,1.4499484,1784.6888,1.5682536,330.05667,0.1,1.6191895,1277.0087
+2C,224,2016,1,0.4290324,3.6408095,1265.5214,3.9376209,328.20657,0.1,4.1615424,1272.244
+2C,224,2017,1,0.4782674,3.6030061,1369.0717,3.966625,320.1643,0.1,4.206462,1242.9841
+2C,224,2018,1,0.2848144,4.184688,858.3898,4.246722,330.1936,0.1,4.6640596,1276.0735
+2C,224,2019,1,0.3087631,3.2964537,834.0751,3.4297724,293.1787,0.1,3.60402,1141.6936
+2C,225,2015,1,0.4016634,3.1917129,989.2887,3.442713,267.7152,0.1,3.7066436,1051.2721
+2C,225,2016,1,0.34416282,3.1530485,870.33185,3.4100826,269.59387,0.1,3.7063513,1059.028
+2C,225,2017,1,0.20772588,3.846519,456.72473,3.9061298,237.31573,0.1,4.289567,937.12274
+2C,225,2018,1,0.20725065,4.18316,511.62866,4.1889424,267.1028,0.1,4.6197805,1047.5269
+2C,225,2019,1,0.33214292,3.0116541,829.74255,3.257076,268.93497,0.1,3.5284054,1055.2958
+2C,226,2015,1,0.44471192,3.4907434,1405.4927,3.8596323,358.8626,0.1,4.1435413,1386.9666
+2C,226,2016,1,0.38660064,3.8976126,1286.4242,4.4278703,371.12384,0.1,4.9371533,1429.5771
+2C,226,2017,1,0.4487591,3.7214127,1432.766,4.2792892,357.27847,0.1,4.625932,1380.3727
+2C,226,2018,1,0.45944294,2.8271062,1455.4717,3.1007538,356.12555,0.1,3.314363,1374.2615
+2C,226,2019,1,0.24243018,3.7722678,726.00275,3.9489162,322.45154,0.1,4.3339396,1252.2438
+2C,227,2015,1,0.14458118,3.4412434,299.8912,3.3951995,222.59009,0.1,3.8060503,872.62726
+2C,227,2016,1,0.1356443,3.9782608,292.57382,3.8636339,235.89638,0.1,4.334812,921.5323
+2C,227,2017,1,0.14992714,3.4805117,341.0495,3.430137,244.13216,0.1,3.8580132,952.0203
+2C,227,2018,1,0.20913073,3.823542,461.6582,3.8604848,241.92719,0.1,4.330116,941.21246
+2C,227,2019,1,0.12608737,3.5246706,296.83395,3.420046,251.89275,0.1,3.8403227,977.4904
+2C,228,2015,1,0.1263962,5.8740005,441.20422,5.6563787,388.5688,0.1,6.0836334,1490.6321
+2C,228,2016,1,0.14188123,5.5859995,455.69638,5.487585,351.35538,0.1,5.9339476,1359.3704
+2C,228,2017,1,0.14334823,5.6185417,489.3883,5.5005465,374.10788,0.1,6.02748,1440.3442
+2C,228,2018,1,0.13464397,6.069299,459.66022,5.867352,374.56058,0.1,6.485826,1440.079
+2C,228,2019,1,0.1942116,4.7026176,648.8326,4.6429496,368.4184,0.1,4.867123,1419.4033
+2C,229,2015,1,0.26797208,4.0036054,483.04333,4.1711717,201.59012,0.1,4.5712347,795.04663
+2C,229,2016,1,0.18552943,5.4659348,351.8606,5.4264402,218.9061,0.1,5.994636,858.2279
+2C,229,2017,1,0.2477857,5.266534,494.9477,5.3767033,230.45444,0.1,5.932916,901.1644
+2C,229,2018,1,0.21748768,4.8911223,399.87415,4.963752,208.36098,0.1,5.440142,818.99414
+2C,229,2019,1,0.20814893,4.821378,383.82092,4.87076,209.93715,0.1,5.3937964,824.09686
+2C,230,2015,1,0.10360747,4.319144,300.96378,4.0907345,322.16605,0.1,4.51814,1255.6342
+2C,230,2016,1,0.069426954,4.7792497,219.46732,4.4352565,348.07147,0.1,4.9421597,1348.904
+2C,230,2017,1,0.062949896,4.6221485,192.39658,4.2639956,336.74454,0.1,4.761627,1306.1294
+2C,230,2018,1,0.096141025,4.74199,309.36362,4.467958,354.72763,0.1,4.9334407,1374.1075
+2C,230,2019,1,0.062382728,5.2775426,194.18932,4.86627,347.73926,0.1,5.4228277,1347.0538
+2C,231,2015,1,0.39057493,4.6831946,1179.6084,5.021598,340.44952,0.1,5.5561795,1278.1143
+2C,231,2016,1,0.36725143,3.5671124,1070.5602,3.7326894,324.61328,0.1,4.1149487,1224.0184
+2C,231,2017,1,0.39976844,3.1229384,1275.8701,3.2532551,348.95743,0.1,3.51407,1306.3842
+2C,231,2018,1,0.36055222,3.6265562,1113.5477,3.830708,341.2956,0.1,4.2242103,1273.5679
+2C,231,2019,1,0.31849697,4.3766804,995.81793,4.58203,340.98053,0.1,5.1026344,1279.7751
+2C,232,2015,1,0.28192922,7.764497,961.29956,8.081492,392.73126,0.1,9.036861,1517.5597
+2C,232,2016,1,0.3820442,7.024732,1300.1786,7.4801874,394.39978,0.1,8.258489,1523.5382
+2C,232,2017,1,0.5059575,6.993109,1654.5641,8.136394,389.9413,0.1,8.913028,1506.781
+2C,232,2018,1,0.23311384,7.4497933,801.3963,7.5049305,390.19464,0.1,8.276119,1507.2273
+2C,232,2019,1,0.4045073,6.129988,1403.662,6.3802843,397.7536,0.1,6.922328,1535.538
+2C,233,2015,1,0.5974169,0.21448171,2119.506,0.21008834,399.88492,0.1,0.2109389,1501.4087
+2C,233,2016,1,0.5987156,0.36139616,2139.867,0.30100667,402.23193,0.1,0.30462977,1511.3228
+2C,233,2017,1,0.5986218,0.26192406,2139.0996,0.17510778,400.8309,0.1,0.16436794,1508.1766
+2C,233,2018,1,0.59742767,0.24045263,2112.3513,0.23080014,396.50244,0.1,0.23749655,1491.7412
+2C,233,2019,1,0.59780127,0.280718,2115.7993,0.27671757,397.51132,0.1,0.28619772,1494.9973
+2C,234,2015,1,0.5927571,1.8932664,1792.0637,2.0347855,339.97382,0.1,2.15232,1310.9075
+2C,234,2016,1,0.57936764,2.9354692,1728.0358,3.2784514,339.22256,0.1,3.4469326,1310.2917
+2C,234,2017,1,0.5809151,1.7765919,1712.471,1.9473944,325.1198,0.1,2.048741,1259.1582
+2C,234,2018,1,0.3169199,4.2283854,945.566,4.3284464,331.51492,0.1,4.721607,1277.557
+2C,234,2019,1,0.57027894,1.9736125,1612.9722,2.092821,312.94543,0.1,2.1413207,1213.2598
+2C,235,2015,1,0.599716,0.08412342,2098.7483,0.08781265,375.47083,0.1,0.08883089,1450.7489
+2C,235,2016,1,0.5993048,0.066407055,2101.032,0.07349684,377.63446,0.1,0.07360187,1455.7256
+2C,235,2017,1,0.59958464,0.22995332,2099.3335,0.16455606,377.12158,0.1,0.15119922,1455.2412
+2C,235,2018,1,0.5994559,0.095562965,2103.363,0.096413784,378.24976,0.1,0.09777315,1457.1466
+2C,235,2019,1,0.59982014,0.05634626,2190.9373,0.06430797,394.6538,0.1,0.06581662,1518.6987
+2C,236,2015,1,0.13940167,3.7718668,315.7539,3.709501,242.37776,0.1,4.1547832,947.0931
+2C,236,2016,1,0.15306196,4.1869693,358.7737,4.0943336,256.66617,0.1,4.59814,997.4762
+2C,236,2017,1,0.16463868,3.9969943,407.59628,3.9540637,267.29553,0.1,4.442445,1035.2366
+2C,236,2018,1,0.27972037,3.782174,662.18286,4.0003653,260.90442,0.1,4.442158,1010.927
+2C,236,2019,1,0.18184136,4.0407434,454.84067,4.0263453,272.54102,0.1,4.5290327,1053.0142
+2C,237,2015,1,0.17287183,3.4896271,395.72455,3.520018,239.971,0.1,3.8255365,944.25836
+2C,237,2016,1,0.12295507,4.814953,282.71716,4.6432104,251.4364,0.1,5.2205906,985.74005
+2C,237,2017,1,0.15997407,4.5460463,381.13248,4.54499,256.1459,0.1,5.069048,1004.74335
+2C,237,2018,1,0.18694371,4.3033214,415.07944,4.308554,241.59415,0.1,4.714776,947.8736
+2C,237,2019,1,0.12611546,4.1714687,311.8851,4.0806813,262.73685,0.1,4.554373,1025.8618
+2C,238,2015,1,0.11124906,7.7878313,259.0987,7.2775464,275.57257,0.1,8.257856,1075.655
+2C,238,2016,1,0.10940805,7.9327683,271.2631,7.3853483,290.25076,0.1,8.392938,1131.9661
+2C,238,2017,1,0.13154279,8.27082,364.3361,7.750305,321.3761,0.1,8.822079,1245.6144
+2C,238,2018,1,0.15017416,7.8732433,387.79416,7.5069566,297.61203,0.1,8.523227,1159.1757
+2C,238,2019,1,0.15001884,7.5297523,401.6494,7.2269983,308.70508,0.1,8.180569,1199.4113
+2C,239,2015,1,0.35969466,4.390409,804.75336,4.673094,251.5583,0.1,5.0207314,976.5963
+2C,239,2016,1,0.43194497,3.6122718,989.04126,4.015268,259.12933,0.1,4.367382,1003.2365
+2C,239,2017,1,0.37200442,2.81401,900.05066,2.964395,267.3755,0.1,3.2066088,1030.3306
+2C,239,2018,1,0.40674308,3.303991,949.85095,3.50252,262.19534,0.1,3.717967,1013.4811
+2C,239,2019,1,0.57919353,2.0030901,1426.8523,2.2948334,274.24323,0.1,2.4656267,1060.9609
+2C,240,2015,3,0.503035,3.0964873,1602.3951,2.9812346,605.31335,0.15,3.1063924,1527.0593
+2C,240,2016,3,0.5579158,1.9771527,1919.5482,1.851546,650.00073,0.15,1.9564965,1631.552
+2C,240,2017,3,0.5803754,1.7770256,1933.5609,1.6548184,627.04004,0.15,1.7435203,1576.2931
+2C,240,2018,3,0.5833608,1.1378825,2006.4915,1.0593004,630.2421,0.15,1.1369677,1586.5424
+2C,240,2019,3,0.59506,0.8067795,2148.5571,0.77006066,659.54553,0.15,0.80880153,1654.6888
+2C,241,2015,3,0.4381995,3.030308,1022.923,3.1200066,449.4739,0.15,3.6630821,1143.929
+2C,241,2016,3,0.3964221,3.5373743,940.482,3.4639275,470.92984,0.15,3.9031594,1196.3932
+2C,241,2017,3,0.3937987,3.4046934,970.2941,3.3960912,487.10153,0.15,4.176314,1235.6012
+2C,241,2018,3,0.31221107,3.552597,732.7818,3.3876932,451.24677,0.15,4.1193385,1148.435
+2C,241,2019,3,0.32480362,3.6127198,753.4379,3.4441178,449.8732,0.15,4.1376147,1147.4594
+2C,242,2015,3,0.46848997,2.7267432,1680.5894,2.8868246,634.6226,0.15,3.0304067,1627.5037
+2C,242,2016,3,0.46458176,3.3106859,1654.8319,3.4265604,642.9427,0.15,3.71033,1647.4628
+2C,242,2017,3,0.3563209,3.5515108,1234.1321,3.557582,607.55414,0.15,3.9014852,1562.798
+2C,242,2018,3,0.46470317,2.8736904,1674.9746,2.9378388,636.51196,0.15,3.249155,1633.926
+2C,242,2019,3,0.41716328,2.9658363,1445.4459,3.0379903,606.80457,0.15,3.2044413,1560.1833
+2C,243,2015,3,0.22351423,3.1838222,774.1957,3.0029624,592.2677,0.15,3.6296237,1521.134
+2C,243,2016,3,0.30525827,3.4124513,1067.7112,3.2961733,615.1609,0.15,4.0054655,1576.9182
+2C,243,2017,3,0.21219303,3.512593,706.5122,3.268144,575.3243,0.15,3.9577148,1482.8877
+2C,243,2018,3,0.22171952,4.0106797,753.724,3.6447058,606.8068,0.15,4.444658,1559.8448
+2C,243,2019,3,0.22347088,3.3966963,777.08563,3.1762974,593.7041,0.15,3.8475204,1525.2162
+2C,244,2015,3,0.5481678,2.4839344,1072.7728,2.271082,412.42392,0.15,2.3078263,1043.3798
+2C,244,2016,3,0.4919964,2.870639,980.6228,2.9352598,410.34143,0.15,3.0485141,1041.9379
+2C,244,2017,3,0.5551809,1.3581169,1197.3772,1.0670675,417.30695,0.15,1.0427272,1057.6759
+2C,244,2018,3,0.53569376,2.1436589,1156.5703,1.7416688,440.2459,0.15,1.5957673,1108.5493
+2C,244,2019,3,0.5490115,1.6992466,1185.7415,1.4875401,428.13654,0.15,1.4704524,1079.9935
+2C,245,2015,3,0.44242242,3.409887,1156.7014,3.3919177,507.44345,0.15,3.6018844,1282.9462
+2C,245,2016,3,0.45722327,3.4891636,1164.3837,3.178222,496.12173,0.15,3.2235546,1256.5256
+2C,245,2017,3,0.5325884,1.9196775,1457.2845,1.7252517,514.32983,0.15,1.8409673,1300.836
+2C,245,2018,3,0.4218467,3.340488,1069.7024,3.3236783,487.5546,0.15,3.6849134,1233.6226
+2C,245,2019,3,0.42639047,3.0888522,1085.6991,2.888473,484.59644,0.15,2.920545,1229.0243
+2C,246,2015,3,0.58946806,2.274864,1936.5114,2.3087394,568.2474,0.15,2.4696207,1469.1527
+2C,246,2016,3,0.40986735,2.7927651,1392.564,2.9941382,572.3475,0.15,3.3405154,1477.9167
+2C,246,2017,3,0.50703317,2.606318,1622.2794,2.8774002,545.79254,0.15,3.1145778,1415.274
+2C,246,2018,3,0.5897516,2.3283165,1918.7041,2.7660146,560.19415,0.15,3.095698,1448.3553
+2C,246,2019,3,0.43085715,2.4905877,1334.383,2.7849119,520.6709,0.15,3.3027756,1352.4518
+2C,247,2015,3,0.47345605,2.412238,1587.4531,2.4484446,581.1993,0.15,2.6813412,1499.7256
+2C,247,2016,3,0.16847889,3.662355,566.83984,3.3364286,575.21576,0.15,4.028041,1485.3673
+2C,247,2017,3,0.12608872,3.7533774,419.52667,3.3571799,565.4264,0.15,4.041638,1463.7921
+2C,247,2018,3,0.24622495,3.598909,820.9979,3.4151046,573.7939,0.15,4.1365037,1483.8162
+2C,247,2019,3,0.33119383,3.3243008,1116.1458,3.3192892,578.7443,0.15,3.98208,1495.975
+2C,248,2015,3,0.45858386,2.5333967,1172.1292,2.7191577,473.21335,0.15,3.1438453,1202.3396
+2C,248,2016,3,0.41989443,2.1963105,1030.8368,2.375027,442.6839,0.15,2.8725214,1129.8604
+2C,248,2017,3,0.43994677,2.2873876,1173.3965,2.4803922,483.43298,0.15,3.0176883,1227.4438
+2C,248,2018,3,0.40016255,2.2262275,1035.1171,2.3592806,460.07355,0.15,2.8408945,1166.1128
+2C,248,2019,3,0.41715655,2.3106334,1092.9086,2.4724495,473.33145,0.15,3.0066562,1201.6938
+2C,249,2015,3,0.49093586,1.8293103,1502.7212,1.547407,555.2715,0.15,1.5514345,1407.4602
+2C,249,2016,3,0.4292529,3.7922974,1291.4425,3.5635912,573.023,0.15,3.8824043,1448.2548
+2C,249,2017,3,0.5811231,1.6908697,1787.0809,1.4755567,573.6054,0.15,1.4822727,1450.243
+2C,249,2018,3,0.39192265,4.4217415,1133.0326,4.279995,573.2982,0.15,5.0989447,1452.1329
+2C,249,2019,3,0.55184937,2.922731,1711.76,2.6349232,601.49896,0.15,2.7244637,1516.1683
+2C,250,2015,3,0.37895903,3.6185114,948.6767,3.6752832,469.55032,0.15,4.488483,1195.1561
+2C,250,2016,3,0.4567117,3.5262344,1102.3298,3.3860679,476.15823,0.15,3.5279841,1213.0338
+2C,250,2017,3,0.5506841,2.5597296,1417.1621,2.4593186,505.21564,0.15,2.5011978,1283.0265
+2C,250,2018,3,0.53791285,2.9101264,1309.8757,2.722677,469.07227,0.15,2.6080284,1194.5542
+2C,250,2019,3,0.429822,3.963635,1011.58844,4.0065017,464.7744,0.15,4.3751574,1186.8685
+2C,251,2015,3,0.3829082,3.7119231,934.295,3.6947947,471.74866,0.15,4.540441,1198.722
+2C,251,2016,3,0.44197622,3.731769,1062.9858,3.3771715,481.78754,0.15,3.2111268,1221.9664
+2C,251,2017,3,0.5578345,1.858274,1455.3612,1.7433211,503.66516,0.15,1.7583474,1275.396
+2C,251,2018,3,0.46319044,3.6136603,1149.6261,3.6502683,485.09705,0.15,4.012697,1231.138
+2C,251,2019,3,0.36749533,3.688023,892.88104,3.6484659,469.54944,0.15,3.6760454,1196.4167
+2C,252,2015,3,0.4059269,3.2509434,961.0763,3.3389463,453.26288,0.15,4.0585246,1153.8623
+2C,252,2016,3,0.37875757,3.7570534,917.00977,3.6764755,474.97382,0.15,4.434097,1207.8125
+2C,252,2017,3,0.459911,3.5985067,1129.6108,3.6503978,494.2186,0.15,3.843303,1253.8694
+2C,252,2018,3,0.43076536,3.5466948,1017.12103,3.571931,459.82883,0.15,4.1758018,1171.6384
+2C,252,2019,3,0.3522837,3.6117845,817.5825,3.5735052,453.92966,0.15,3.9249074,1157.404
+2C,253,2015,3,0.59802115,0.44461575,1867.6985,0.35780942,526.6181,0.15,0.36083135,1359.3899
+2C,253,2016,3,0.5895003,0.53113765,1812.2833,0.44328472,526.20874,0.15,0.45425156,1359.3778
+2C,253,2017,3,0.5939471,3.2459059,1661.4316,2.8342524,512.0977,0.15,2.6815372,1325.6626
+2C,253,2018,3,0.56138736,2.6244934,1613.2402,2.4365795,520.8449,0.15,2.439238,1346.597
+2C,253,2019,3,0.59192556,2.5021393,1812.8845,2.167981,556.7039,0.15,1.9962016,1435.9164
+2C,254,2015,3,0.43807063,3.4434733,1037.7797,3.6057816,456.43488,0.15,4.333146,1162.5343
+2C,254,2016,3,0.3872933,3.9944673,929.9127,3.917842,477.64026,0.15,4.5517163,1213.9694
+2C,254,2017,3,0.49143413,3.5265768,1212.8146,3.439471,495.7509,0.15,3.3629801,1257.7218
+2C,254,2018,3,0.47171116,3.4248416,1114.6604,3.476693,456.5318,0.15,3.545938,1163.7582
+2C,254,2019,3,0.37472633,3.3258338,866.1477,3.3345053,450.6831,0.15,3.5770836,1149.1036
+2C,255,2015,3,0.21411888,5.6200686,582.9691,5.119658,521.7521,0.15,6.211703,1336.9271
+2C,255,2016,3,0.26469934,5.419975,747.4073,5.0578,544.9606,0.15,6.069612,1394.08
+2C,255,2017,3,0.44053754,5.0245514,1200.5692,5.0446606,531.45917,0.15,6.078775,1362.4608
+2C,255,2018,3,0.3953336,3.5689101,1142.7584,3.6208932,531.0462,0.15,3.984711,1362.4731
+2C,255,2019,3,0.5423033,3.7983801,1629.2039,3.8091538,583.2704,0.15,4.268172,1488.5759
+2C,256,2015,3,0.59074104,3.0890024,1735.7678,2.676446,535.0847,0.15,2.312926,1382.6185
+2C,256,2016,3,0.56133497,1.8359352,1667.117,1.3370842,525.962,0.15,1.2651496,1361.341
+2C,256,2017,3,0.51487935,4.061019,1474.3413,4.437326,521.40125,0.15,5.1311054,1351.5983
+2C,256,2018,3,0.4022278,4.823991,1156.1764,5.0150023,532.1846,0.15,6.0276093,1378.597
+2C,256,2019,3,0.53759557,4.2839603,1518.1174,4.5431085,531.6128,0.15,5.3776484,1375.1348
+2C,257,2015,3,0.31808364,2.7893589,1060.2314,2.7371225,566.0574,0.15,3.2056744,1460.8507
+2C,257,2016,3,0.37515196,2.997697,1189.1803,3.0506492,545.9255,0.15,3.6474557,1411.4342
+2C,257,2017,3,0.18769243,3.5013363,603.2917,3.2482724,548.2122,0.15,3.910647,1420.3657
+2C,257,2018,3,0.19522125,3.6278906,628.38745,3.3663683,552.0947,0.15,4.0684047,1430.1147
+2C,257,2019,3,0.44454417,2.7040052,1439.3239,2.8433292,556.6321,0.15,3.3030832,1440.2031
+2C,258,2015,3,0.49142474,2.6400998,1624.2949,2.8968754,569.9581,0.15,3.3534346,1464.849
+2C,258,2016,3,0.25745684,2.889202,897.685,2.8818545,571.7205,0.15,3.4435956,1468.2073
+2C,258,2017,3,0.55002654,2.2426124,1742.6802,2.6768262,544.50714,0.15,3.1568446,1403.1913
+2C,258,2018,3,0.53351057,2.1112752,1737.7502,2.513339,559.70984,0.15,2.984419,1437.916
+2C,258,2019,3,0.18122642,2.3904436,574.3249,2.2915926,510.05484,0.15,2.7226975,1318.616
+2C,259,2015,3,0.5132451,2.77503,1522.867,2.8705652,556.6194,0.15,3.0284429,1410.5625
+2C,259,2016,3,0.54637545,3.1876442,1637.5236,3.132392,576.48535,0.15,3.4349942,1458.418
+2C,259,2017,3,0.59335524,2.207348,1806.0907,2.1696486,570.8029,0.15,2.1434639,1444.4957
+2C,259,2018,3,0.5232627,3.2464552,1569.0734,3.3517687,567.6961,0.15,3.8600364,1440.1753
+2C,259,2019,3,0.5765989,2.9486282,1826.1604,2.9779382,607.368,0.15,3.3668137,1532.8713
+2C,260,2015,3,0.3020828,3.4114084,1041.0695,3.319105,591.94727,0.15,3.9824252,1525.0647
+2C,260,2016,3,0.21037446,3.6216133,727.13165,3.3675897,591.3937,0.15,4.0606728,1523.8143
+2C,260,2017,3,0.15987584,3.7411041,543.727,3.3970084,580.95056,0.15,4.102363,1502.1458
+2C,260,2018,3,0.2890804,3.5630734,973.073,3.4501295,579.58734,0.15,4.177677,1497.6714
+2C,260,2019,3,0.5132902,2.9845212,1735.1066,3.2621741,594.99945,0.15,3.8485813,1534.6594
+2C,261,2015,3,0.51116335,1.8267257,1508.5818,1.6497219,557.39185,0.15,1.6880696,1409.21
+2C,261,2016,3,0.55244094,0.65946394,1761.1525,0.6111732,584.35956,0.15,0.65334433,1470.9031
+2C,261,2017,3,0.57189375,1.0955335,1768.2559,1.0592204,573.44196,0.15,1.1280568,1446.1715
+2C,261,2018,3,0.5624514,1.1285236,1781.6248,1.0461173,596.43225,0.15,1.1152496,1501.62
+2C,261,2019,3,0.54377294,1.4059135,1717.3961,1.34573,596.07117,0.15,1.459005,1500.5587
+2C,262,2015,3,0.3576981,3.9788175,887.6902,3.9217405,479.62955,0.15,4.812041,1218.2631
+2C,262,2016,3,0.44170064,3.8642576,1078.1626,3.7196941,487.99918,0.15,3.5225515,1239.4489
+2C,262,2017,3,0.5283017,3.1011183,1327.4167,2.941566,506.41275,0.15,2.9726388,1282.1622
+2C,262,2018,3,0.54705805,2.5735693,1399.7648,2.349633,488.7018,0.15,2.3562477,1240.0085
+2C,262,2019,3,0.29082054,4.520005,715.3627,4.279122,484.7723,0.15,4.858857,1231.3752
+2C,263,2015,3,0.5046055,2.989169,1261.3813,2.7873836,488.5888,0.15,2.746657,1239.0436
+2C,263,2016,3,0.4852291,2.6302624,1241.5062,2.498689,502.38132,0.15,2.4264321,1269.829
+2C,263,2017,3,0.49495235,1.777555,1337.007,1.6019149,513.97284,0.15,1.6385576,1300.7089
+2C,263,2018,3,0.35024363,3.6823106,853.2816,3.5244975,476.42047,0.15,4.243508,1208.5046
+2C,263,2019,3,0.35791597,3.4760506,897.7916,3.3978112,484.5074,0.15,4.1882467,1230.9244
+2C,264,2015,3,0.5234229,2.838165,1553.9094,2.9233294,555.605,0.15,3.003943,1411.1543
+2C,264,2016,3,0.5764597,2.6458368,1818.7286,2.6881902,595.71826,0.15,2.7390728,1507.2141
+2C,264,2017,3,0.59260005,2.4212189,1837.55,2.4687212,583.71674,0.15,2.4662747,1475.5609
+2C,264,2018,3,0.54061735,3.200307,1629.7904,3.2899814,574.2753,0.15,3.7379365,1456.8944
+2C,264,2019,3,0.5753328,2.9906263,1840.8324,3.053158,612.6163,0.15,3.0611088,1547.5067
+2C,265,2015,3,0.41587836,4.169335,1012.4458,4.2535615,476.36847,0.15,5.1853275,1210.632
+2C,265,2016,3,0.4138859,4.5034404,1016.0394,4.4125834,497.03873,0.15,4.941738,1262.3618
+2C,265,2017,3,0.4994387,4.012249,1257.2479,3.9243522,513.78723,0.15,4.1018233,1301.1031
+2C,265,2018,3,0.5688117,1.9391904,1483.8917,1.6976525,489.03046,0.15,1.6865153,1242.9987
+2C,265,2019,3,0.3183859,4.6663165,766.6575,4.5445166,481.56857,0.15,4.9551907,1224.4512
+2C,266,2015,3,0.4427724,3.554811,1101.2898,3.4718807,491.02243,0.15,3.4772215,1245.2649
+2C,266,2016,3,0.44911847,3.141233,1131.8007,2.837594,494.4027,0.15,2.6356204,1251.892
+2C,266,2017,3,0.5100425,1.4875643,1397.7281,1.3447206,514.3018,0.15,1.4081975,1300.9679
+2C,266,2018,3,0.38977715,3.6030474,929.17053,3.5816758,466.9942,0.15,4.0439253,1184.4994
+2C,266,2019,3,0.40131903,3.5389807,1001.7614,3.5311596,480.48825,0.15,3.7507162,1222.1674
+2C,267,2015,3,0.45598337,2.3535285,1146.4526,2.1246943,478.02734,0.15,2.0175972,1196.2998
+2C,267,2016,3,0.4903511,2.1344423,1253.5215,1.9549171,480.1265,0.15,1.9604369,1200.4119
+2C,267,2017,3,0.47352654,1.6711864,1296.8846,1.5344965,507.57214,0.15,1.5312656,1265.4617
+2C,267,2018,3,0.392029,2.5872447,997.48334,2.5688734,478.83844,0.15,3.0337224,1201.589
+2C,267,2019,3,0.35881922,2.24608,942.14484,2.3316922,473.4068,0.15,2.6891534,1182.5828
+2C,268,2015,3,0.39596057,2.9824295,932.6513,2.9593608,456.7524,0.15,3.162645,1163.7662
+2C,268,2016,3,0.47209,1.5656945,1160.8005,1.3393918,465.98584,0.15,1.3275806,1185.5686
+2C,268,2017,3,0.40291005,2.9362273,967.52106,2.9352248,457.86893,0.15,2.9871175,1168.0728
+2C,268,2018,3,0.3841809,2.9794714,796.74786,2.8047621,401.22934,0.15,2.715849,1030.8998
+2C,268,2019,3,0.3719014,3.440544,851.08484,3.3538098,447.7887,0.15,3.531205,1143.9999
+2C,269,2015,3,0.5509954,1.8626653,1860.8647,1.8535149,585.4713,0.15,1.9304504,1509.7684
+2C,269,2016,3,0.20822254,3.6183004,711.19574,3.3602273,586.98486,0.15,4.060727,1513.8754
+2C,269,2017,3,0.12126896,3.874985,411.66867,3.4443686,577.8457,0.15,4.161544,1494.2365
+2C,269,2018,3,0.24138941,3.6773934,812.04877,3.467189,580.0806,0.15,4.204065,1499.1578
+2C,269,2019,3,0.31171468,3.5187345,1069.0985,3.4601316,591.0489,0.15,4.154932,1526.0883
+2C,270,2015,3,0.48027617,2.085837,1271.4532,1.8568312,507.799,0.15,1.815042,1263.5864
+2C,270,2016,3,0.5055428,1.8232423,1382.0029,1.6789467,516.5297,0.15,1.7521864,1283.1896
+2C,270,2017,3,0.4754909,1.74394,1349.217,1.6267457,528.9725,0.15,1.6683913,1311.7756
+2C,270,2018,3,0.40419808,2.7492385,1075.5216,2.6568756,507.77557,0.15,3.0844662,1264.3685
+2C,270,2019,3,0.3633713,2.4433768,1013.9932,2.3881412,514.1103,0.15,2.666557,1274.7277
+2C,271,2015,3,0.5722958,1.8742751,1252.1138,1.5623394,436.17136,0.15,1.5550125,1102.0757
+2C,271,2016,3,0.56062084,1.9645333,1213.4697,1.7856221,421.22638,0.15,1.769851,1068.8497
+2C,271,2017,3,0.58560413,1.1338787,1306.6449,0.9116251,428.66272,0.15,0.92340297,1084.9622
+2C,271,2018,3,0.57890564,0.97724533,1360.9962,0.78471124,453.8703,0.15,0.7988295,1145.8214
+2C,271,2019,3,0.5643771,1.2872449,1338.1411,1.0280693,461.54944,0.15,1.0145949,1162.3231
+2C,272,2015,3,0.37138903,3.2120433,846.4806,3.2806582,400.88144,0.15,3.3778806,1052.5569
+2C,272,2016,3,0.28741693,3.51232,655.4861,3.4820828,401.9978,0.15,3.8173656,1055.8751
+2C,272,2017,3,0.12450838,3.625407,258.89032,3.370329,357.93497,0.15,3.9182482,944.57965
+2C,272,2018,3,0.13560595,4.0852847,308.77588,3.769185,400.00848,0.15,4.4119806,1048.8591
+2C,272,2019,3,0.20537466,4.022161,459.66013,3.899517,391.61926,0.15,4.520177,1028.2258
+2C,273,2015,3,0.39528665,3.610531,952.2484,3.7020495,461.9654,0.15,4.5008817,1177.4169
+2C,273,2016,3,0.3867114,4.1201153,915.09186,4.027917,470.6785,0.15,4.4676213,1199.5109
+2C,273,2017,3,0.48316294,3.753443,1195.5192,3.7345827,496.81406,0.15,3.69323,1263.3086
+2C,273,2018,3,0.45769712,3.8576276,1077.614,3.9251459,465.35837,0.15,4.346539,1186.2626
+2C,273,2019,3,0.42433298,3.8430233,967.08984,3.8898118,452.43826,0.15,4.3418927,1155.8384
+2C,274,2015,3,0.38921127,2.372343,919.48663,2.3863833,451.38416,0.15,2.9379263,1144.5642
+2C,274,2016,3,0.40708697,2.5028095,863.6752,2.4975517,416.8368,0.15,3.0591233,1061.3516
+2C,274,2017,3,0.39581192,2.3715703,868.7668,2.369985,429.65424,0.15,2.9224725,1092.6993
+2C,274,2018,3,0.41018716,2.5464294,896.98047,2.5633287,420.75888,0.15,3.0829577,1072.62
+2C,274,2019,3,0.37089106,2.6507812,858.0906,2.5936134,446.71704,0.15,3.1052778,1135.9292
+2C,275,2015,3,0.4216499,2.839365,1277.9874,2.6507185,516.7262,0.15,2.5380406,1341.275
+2C,275,2016,3,0.45236748,0.96776956,1414.7568,0.43537122,521.166,0.15,0.3080211,1348.839
+2C,275,2017,3,0.24727356,3.6894102,731.7894,3.6316652,499.6867,0.15,4.082573,1298.2667
+2C,275,2018,3,0.21474433,3.5728774,644.27704,3.4078045,508.8667,0.15,3.8799272,1316.8193
+2C,275,2019,3,0.4067005,2.1626225,1277.2046,1.6382483,527.16187,0.15,1.2453613,1363.2661
+2C,276,2015,3,0.42284286,3.1505468,987.39417,3.178165,456.68323,0.15,3.8855922,1162.6837
+2C,276,2016,3,0.30963227,3.4842381,745.7923,3.2748003,473.99414,0.15,4.0446906,1201.2129
+2C,276,2017,3,0.39431676,3.248247,977.62384,3.2020361,491.8737,0.15,3.738377,1246.398
+2C,276,2018,3,0.29224098,3.2592752,688.58344,3.1066978,445.8562,0.15,3.8130648,1134.332
+2C,276,2019,3,0.3120589,3.175726,735.2457,3.0631726,448.63232,0.15,3.7617512,1143.6846
+2C,277,2015,3,0.43667388,3.733015,1108.6981,3.7482564,496.52603,0.15,4.416612,1258.245
+2C,277,2016,3,0.42641512,3.8866327,1120.2684,3.8654966,510.13754,0.15,4.669084,1292.1017
+2C,277,2017,3,0.5150682,3.3344998,1338.7251,3.363352,515.53345,0.15,3.4783578,1305.6903
+2C,277,2018,3,0.5710146,1.4907852,1472.9235,1.1897905,476.5834,0.15,1.0969769,1211.1277
+2C,277,2019,3,0.3665317,4.118129,914.28656,3.9706204,489.99417,0.15,4.3004274,1243.9495
+2C,278,2015,3,0.19625336,3.5525277,606.2712,3.3039863,526.9157,0.15,3.9794695,1353.3694
+2C,278,2016,3,0.45586535,3.240059,1441.9465,3.1748161,565.8621,0.15,3.3965957,1452.6663
+2C,278,2017,3,0.33462816,3.407778,1033.8818,3.3997102,542.34296,0.15,3.76224,1395.0111
+2C,278,2018,3,0.5368929,2.8128433,1661.1342,2.8415766,564.37146,0.15,2.6198404,1451.76
+2C,278,2019,3,0.55539036,2.7858422,1806.596,2.858837,590.8425,0.15,3.0653706,1512.3373
+2C,279,2015,3,0.4121631,4.0384507,927.783,4.119104,449.4287,0.15,4.9499574,1147.6234
+2C,279,2016,3,0.49722397,2.4364505,1188.1035,2.0975885,463.2827,0.15,2.0531702,1181.355
+2C,279,2017,3,0.39910018,4.192822,926.15985,4.2105756,472.21143,0.15,4.864357,1204.7477
+2C,279,2018,3,0.4445105,4.1470447,961.59766,3.7533104,438.72418,0.15,3.415204,1123.7079
+2C,279,2019,3,0.4400903,4.2132435,952.37067,4.2860513,441.87885,0.15,4.4310484,1131.7382
+2C,280,2015,3,0.52700037,3.0149007,1673.1796,3.3568292,564.05884,0.15,4.0152144,1450.3705
+2C,280,2016,3,0.20988505,2.9949663,716.05096,2.8546674,559.4754,0.15,3.4194052,1438.212
+2C,280,2017,3,0.4826142,2.7870684,1519.4701,3.1693246,544.3722,0.15,3.8022416,1402.0933
+2C,280,2018,3,0.42887813,2.072112,1407.3102,2.2892528,546.48413,0.15,2.6575248,1405.5997
+2C,280,2019,3,0.30686867,2.6463244,931.0187,2.7088025,501.49573,0.15,3.168253,1297.5573
+2C,281,2015,3,0.5401329,2.0905743,1604.1492,1.8512411,549.8528,0.15,1.7720809,1392.7422
+2C,281,2016,3,0.509115,3.4863875,1482.4818,3.329024,560.4908,0.15,3.4163556,1418.0632
+2C,281,2017,3,0.5857683,1.9535168,1769.2987,1.681604,565.5102,0.15,1.4954786,1431.0181
+2C,281,2018,3,0.3865921,4.532149,1076.5559,4.35176,560.3191,0.15,5.25493,1420.2374
+2C,281,2019,3,0.5726652,3.2379532,1754.4471,2.98846,600.2336,0.15,2.8797534,1513.9839
+2C,282,2015,3,0.4663469,2.681827,1632.243,2.7086093,607.2903,0.15,2.9574099,1562.2041
+2C,282,2016,3,0.29315877,3.54568,1047.1296,3.3605125,615.70844,0.15,4.004409,1581.9517
+2C,282,2017,3,0.2883262,3.4059775,991.1071,3.3049777,587.14886,0.15,3.9400816,1514.1068
+2C,282,2018,3,0.2992828,4.0087724,1038.8105,3.8429368,608.67523,0.15,4.489205,1567.5168
+2C,282,2019,3,0.55751294,2.608042,1929.069,2.7924688,607.56165,0.15,2.8771832,1561.9258
+2C,283,2015,3,0.46661842,3.35655,1358.3777,3.3536866,557.87366,0.15,3.939641,1412.4109
+2C,283,2016,3,0.5389434,3.1464195,1618.4409,3.0920465,581.4431,0.15,3.4603794,1467.856
+2C,283,2017,3,0.59021074,2.426222,1817.501,2.4203765,585.91724,0.15,2.5106947,1478.186
+2C,283,2018,3,0.5580248,2.773918,1707.0453,2.7887685,584.034,0.15,3.048105,1477.24
+2C,283,2019,3,0.56646365,2.6333778,1831.3174,2.661049,612.0453,0.15,3.030755,1540.8083
+2C,284,2015,3,0.5783659,2.8042076,1652.7279,2.9667163,539.85925,0.15,3.3556724,1372.6737
+2C,284,2016,3,0.58027166,2.622929,1701.0958,2.7239556,549.76135,0.15,2.4323869,1398.2784
+2C,284,2017,3,0.46231845,3.7645633,1317.8096,3.9527829,533.0677,0.15,4.6969004,1356.294
+2C,284,2018,3,0.5914016,2.102572,1600.9287,2.1368206,495.14655,0.15,2.1872625,1266.9554
+2C,284,2019,3,0.5915222,3.2769687,1627.3053,3.5212095,523.21387,0.15,3.665372,1335.0348
+2C,285,2015,3,0.49933288,1.7125142,1526.1442,1.4311503,550.40955,0.15,1.4061924,1396.0996
+2C,285,2016,3,0.46070203,3.9870622,1346.3456,3.8361115,557.1202,0.15,4.1132965,1412.8264
+2C,285,2017,3,0.5903352,1.3403951,1840.5419,1.1481276,574.9026,0.15,1.1736875,1453.9122
+2C,285,2018,3,0.38865805,4.6339355,1096.7583,4.4678583,560.6554,0.15,5.3250537,1421.5262
+2C,285,2019,3,0.5617616,3.3625908,1750.2714,3.1566381,609.3217,0.15,3.176,1537.1991
+2C,286,2015,3,0.50707066,2.0201595,1196.255,1.8489512,451.91537,0.15,1.8611825,1145.7031
+2C,286,2016,3,0.44614434,2.752558,1035.0295,2.679382,454.12643,0.15,2.9363546,1149.5194
+2C,286,2017,3,0.48813942,1.5838643,1237.8472,1.3731315,478.3834,0.15,1.3903183,1212.2876
+2C,286,2018,3,0.45660362,2.749118,1045.245,2.7737432,437.6559,0.15,3.1073499,1113.0583
+2C,286,2019,3,0.42749014,2.4936726,1039.7125,2.2645016,461.63965,0.15,2.257854,1171.1008
+2C,287,2015,3,0.4343028,3.834232,1111.2163,4.026125,486.13138,0.15,4.8567715,1238.0065
+2C,287,2016,3,0.40944687,4.1586466,999.44965,4.1611633,475.79535,0.15,4.5827103,1212.523
+2C,287,2017,3,0.4934085,3.5699618,1201.9355,3.3349972,487.9978,0.15,3.1209655,1242.8888
+2C,287,2018,3,0.44384244,4.297453,1057.9337,4.3248754,472.7858,0.15,4.4227777,1206.38
+2C,287,2019,3,0.4112,4.3775473,966.285,4.359283,468.69327,0.15,5.0932174,1196.6682
+2C,288,2015,3,0.45735702,3.3151019,1140.9941,3.3531318,489.35886,0.15,3.5729291,1241.4214
+2C,288,2016,3,0.43289885,3.4796546,1054.6123,3.226348,481.6109,0.15,3.1622148,1219.8387
+2C,288,2017,3,0.54111457,1.3680091,1433.0813,1.1741669,502.9352,0.15,1.2039608,1272.258
+2C,288,2018,3,0.38146436,3.4224918,924.75464,3.385573,464.78674,0.15,3.7729464,1180.3116
+2C,288,2019,3,0.40114778,3.4936948,960.5742,3.4744515,463.58713,0.15,3.7987564,1180.3582
+2C,289,2015,3,0.48409075,2.8827567,1204.9602,3.1185508,467.94095,0.15,3.4015133,1188.4558
+2C,289,2016,3,0.40768376,2.761507,999.93756,2.9113214,454.24753,0.15,3.5493157,1157.4775
+2C,289,2017,3,0.41849557,2.8483777,1098.4283,2.9759731,485.87604,0.15,3.6299362,1232.8414
+2C,289,2018,3,0.3879376,2.526748,977.2931,2.6718986,451.24033,0.15,3.234083,1144.4731
+2C,289,2019,3,0.36667407,2.7753172,948.58966,2.8440795,468.09717,0.15,3.4646704,1187.933
+2C,290,2015,3,0.5598436,2.3312633,1049.9539,2.4532692,327.80365,0.15,2.5034707,861.5187
+2C,290,2016,3,0.55512536,2.9251328,1002.455,3.4344082,328.96744,0.15,3.9156132,863.7503
+2C,290,2017,3,0.53439337,2.9534898,1077.221,3.375372,363.50458,0.15,3.8224235,948.78723
+2C,290,2018,3,0.3893878,3.0738547,711.83356,3.3333533,326.02316,0.15,3.943172,855.35345
+2C,290,2019,3,0.4478643,2.8729093,783.1359,3.1856625,314.86987,0.15,3.7400007,827.2074
+2C,291,2015,3,0.44421694,4.00593,1279.485,3.9406345,567.127,0.15,4.687821,1434.288
+2C,291,2016,3,0.5475091,2.9337258,1700.9124,2.801434,601.4458,0.15,3.0401917,1514.2592
+2C,291,2017,3,0.59216297,2.41021,1843.4326,2.2672513,594.66284,0.15,1.9902829,1496.7385
+2C,291,2018,3,0.5732476,2.7387888,1776.5608,2.7272446,596.7883,0.15,3.0014925,1504.5231
+2C,291,2019,3,0.5726699,2.804088,1857.0774,2.8202605,620.47876,0.15,2.983583,1559.6234
+2C,292,2015,3,0.41799405,3.658696,1054.8536,3.803801,479.97595,0.15,4.6316423,1220.6868
+2C,292,2016,3,0.42198658,4.031826,1010.53625,3.9589586,476.37177,0.15,4.1750526,1213.3578
+2C,292,2017,3,0.5228109,2.6720872,1297.2487,2.6398714,493.42606,0.15,2.608989,1254.5344
+2C,292,2018,3,0.44065943,4.2651734,1067.9205,4.203167,482.9746,0.15,4.372762,1229.7305
+2C,292,2019,3,0.41017058,3.9308064,953.235,3.981324,460.01508,0.15,4.3458705,1174.924
+2C,293,2015,3,0.44323844,2.990203,1452.0814,3.1634564,568.5301,0.15,3.7538667,1460.6392
+2C,293,2016,3,0.27006656,2.983982,927.83276,2.9485843,571.6702,0.15,3.5365684,1466.2898
+2C,293,2017,3,0.554999,2.410421,1749.3225,2.8569295,547.80457,0.15,3.369096,1409.6895
+2C,293,2018,3,0.34267387,2.2788947,1146.7416,2.39866,552.51434,0.15,2.8166196,1418.9695
+2C,293,2019,3,0.24562608,2.5738943,772.9728,2.5645661,512.672,0.15,3.017925,1324.8362
+2C,294,2015,3,0.07369221,3.980101,212.2775,3.526866,480.43823,0.15,4.1937623,1249.3811
+2C,294,2016,3,0.073797226,4.453579,233.68243,3.9232605,535.08606,0.15,4.6870537,1383.3164
+2C,294,2017,3,0.053498473,4.34114,160.58623,3.7728653,505.66595,0.15,4.5093284,1310.378
+2C,294,2018,3,0.061760977,4.4909105,194.49985,3.9180722,532.59436,0.15,4.682138,1376.1387
+2C,294,2019,3,0.055889312,4.4706106,170.92584,3.8736205,521.24756,0.15,4.644148,1348.3071
+2C,295,2015,3,0.4448694,3.6811783,1557.6323,3.665764,599.7154,0.15,4.50943,1512.4036
+2C,295,2016,3,0.45180574,3.4543345,1535.1278,3.4332337,594.63544,0.15,4.175098,1497.7217
+2C,295,2017,3,0.51072514,3.3547099,1781.3523,3.433101,612.2984,0.15,4.1206393,1540.2988
+2C,295,2018,3,0.4269606,3.5396156,1538.085,3.5628715,616.09503,0.15,4.3354254,1547.5673
+2C,295,2019,3,0.460841,3.5208995,1635.2922,3.5977354,606.7279,0.15,4.408868,1526.9823
+2C,296,2015,3,0.49482742,1.9101299,1267.238,1.6117858,481.96014,0.15,1.460212,1207.556
+2C,296,2016,3,0.38968945,2.4619155,961.9915,2.5414574,464.87604,0.15,3.1187296,1160.5516
+2C,296,2017,3,0.43763497,2.4761207,1141.0641,2.3141463,497.30875,0.15,2.2307243,1237.9635
+2C,296,2018,3,0.41180268,2.5554786,1059.3108,2.5096579,493.00116,0.15,2.9326093,1229.1743
+2C,296,2019,3,0.35552898,2.28704,916.67694,2.3887577,471.51752,0.15,2.9058719,1175.2499
+2C,297,2015,3,0.22415501,2.8838139,789.751,2.713827,592.4312,0.15,3.281409,1523.9532
+2C,297,2016,3,0.23436256,3.116065,841.4458,2.9184356,609.3443,0.15,3.5399008,1565.8405
+2C,297,2017,3,0.24564967,3.018304,834.56396,2.8619766,577.904,0.15,3.465783,1491.6365
+2C,297,2018,3,0.26608926,3.4626935,924.07135,3.2215378,607.35455,0.15,3.9312885,1563.8715
+2C,297,2019,3,0.28038132,3.13635,1008.93646,2.9944017,614.356,0.15,3.6377606,1578.6687
+2C,298,2015,3,0.26959535,3.7001126,774.1694,3.4781454,517.30646,0.15,4.098852,1321.3564
+2C,298,2016,3,0.2956878,3.5013676,880.25446,3.3686783,533.1137,0.15,4.0915575,1359.5916
+2C,298,2017,3,0.4208305,3.8386621,1177.152,3.6913168,537.57007,0.15,3.7654388,1372.2578
+2C,298,2018,3,0.33682224,3.4101374,976.3654,3.3170605,526.6717,0.15,3.9566536,1343.5779
+2C,298,2019,3,0.5624419,3.24975,1728.647,3.0108712,589.70905,0.15,2.9733827,1497.4269
+2C,299,2015,3,0.27160534,2.8498197,1004.5427,2.7415197,622.2071,0.15,3.2404134,1596.7505
+2C,299,2016,3,0.47069448,2.495964,1717.6193,2.6355152,636.5307,0.15,2.9495955,1631.5858
+2C,299,2017,3,0.37905005,2.6391146,1318.8682,2.689006,592.7526,0.15,3.207114,1525.7208
+2C,299,2018,3,0.4078284,3.2321272,1481.9646,3.2354593,635.38763,0.15,3.7346225,1631.9225
+2C,299,2019,3,0.3209242,2.430626,1177.9702,2.4219208,616.98065,0.15,2.5903454,1584.5956
+2C,300,2015,3,0.3800033,2.2661645,1345.5973,2.2549767,600.45435,0.15,2.5334325,1546.6248
+2C,300,2016,3,0.30933133,3.1778464,1090.6802,3.0400107,603.29694,0.15,3.5706272,1554.2535
+2C,300,2017,3,0.17265438,3.8327842,574.1025,3.502603,570.0048,0.15,4.2273483,1474.0255
+2C,300,2018,3,0.19595131,4.0146785,666.249,3.6832857,591.45306,0.15,4.469957,1526.4033
+2C,300,2019,3,0.58504736,1.6641885,2014.7278,1.6890024,589.5747,0.15,1.7633545,1522.31
+2C,301,2015,3,0.16318442,3.734941,342.1524,3.443753,368.14697,0.15,4.1366134,959.10156
+2C,301,2016,3,0.1557176,3.6587036,337.86786,3.359571,383.5773,0.15,3.9569786,993.1907
+2C,301,2017,3,0.21086654,3.0586853,481.4453,2.911866,395.0556,0.15,3.436909,1020.736
+2C,301,2018,3,0.28543603,3.6147745,605.07544,3.5398471,386.00867,0.15,4.115762,999.6574
+2C,301,2019,3,0.4738262,2.9819868,1087.4447,3.232982,413.25098,0.15,3.7838295,1069.4469
+2C,302,2015,3,0.47610784,1.98374,1452.754,1.9740881,556.49756,0.15,2.12908,1409.5428
+2C,302,2016,3,0.46678415,3.2208376,1391.3005,3.052842,562.62573,0.15,3.110385,1423.6539
+2C,302,2017,3,0.58271676,1.7847304,1775.5857,1.441566,566.67224,0.15,1.3771672,1435.9888
+2C,302,2018,3,0.29225966,4.747931,804.54376,4.3974957,546.71185,0.15,5.3056064,1387.6667
+2C,302,2019,3,0.55082464,3.7307558,1682.7157,3.7494745,605.3366,0.15,3.9442027,1528.409
+2C,303,2015,3,0.53603166,3.1888733,1243.2113,3.3829186,447.0771,0.15,3.714079,1141.8995
+2C,303,2016,3,0.5626764,2.9715395,1362.4338,2.9328427,462.61182,0.15,2.6943529,1180.0973
+2C,303,2017,3,0.49057734,3.3651109,1171.5995,3.586492,463.06995,0.15,4.287147,1183.8318
+2C,303,2018,3,0.47837615,3.4922817,1052.2544,3.6793458,424.31396,0.15,4.036923,1089.8921
+2C,303,2019,3,0.5332219,3.5511634,1214.5862,3.5992594,449.59103,0.15,3.5210946,1149.7775
+2C,304,2015,3,0.17360637,3.2484243,527.37225,2.9805343,522.24756,0.15,3.602576,1339.5303
+2C,304,2016,3,0.26344734,3.8924792,827.44196,3.6793137,565.6168,0.15,4.4680805,1449.9615
+2C,304,2017,3,0.21413162,3.654624,650.1413,3.3605866,540.39746,0.15,4.094207,1388.4036
+2C,304,2018,3,0.33973828,3.8577545,1034.7996,3.7243345,556.6085,0.15,3.995194,1429.5115
+2C,304,2019,3,0.48161077,3.4305966,1538.7291,3.5573668,588.6772,0.15,4.286724,1504.5494
+2C,305,2015,3,0.23348953,3.5344071,691.5453,3.2882714,527.01227,0.15,3.8655708,1347.8502
+2C,305,2016,3,0.30355585,3.4327104,924.1826,3.2986462,548.0397,0.15,4.0282984,1397.2258
+2C,305,2017,3,0.3637217,3.5245843,1041.5348,3.4488919,534.72406,0.15,3.9237947,1369.0371
+2C,305,2018,3,0.34225926,3.3966258,993.34125,3.334513,526.458,0.15,4.067972,1346.6719
+2C,305,2019,3,0.5530893,2.9523351,1726.5175,2.6693494,587.82336,0.15,2.5427115,1496.4872
+2C,306,2015,3,0.4331224,3.5013673,1023.0598,3.5262322,465.1669,0.15,4.1722307,1183.0977
+2C,306,2016,3,0.3359512,3.7976608,797.90784,3.587823,476.29773,0.15,4.43998,1207.7379
+2C,306,2017,3,0.42868277,3.371349,1084.3442,3.2841249,505.186,0.15,3.200262,1279.2502
+2C,306,2018,3,0.32294282,3.4710846,763.4835,3.357825,454.34863,0.15,4.1151986,1156.0035
+2C,306,2019,3,0.3354371,3.4006362,802.1759,3.300836,460.54086,0.15,4.0616875,1172.8612
+2C,307,2015,3,0.5557751,2.4353604,1841.4138,2.671709,578.87683,0.15,3.07428,1485.1685
+2C,307,2016,3,0.28595105,3.0091598,997.16693,2.996141,582.08685,0.15,3.5833714,1490.687
+2C,307,2017,3,0.59410304,2.1550152,1894.4272,2.5653064,552.41345,0.15,2.8801181,1421.3356
+2C,307,2018,3,0.56129193,1.793339,1840.7001,2.118804,560.4018,0.15,2.4427092,1437.3833
+2C,307,2019,3,0.29788753,2.1778846,956.60284,2.2391257,520.7362,0.15,2.5504081,1344.6462
+2C,308,2015,3,0.5905018,1.6169133,1985.7206,1.4912424,575.24115,0.15,1.476547,1485.61
+2C,308,2016,3,0.4329673,2.618685,1480.7051,2.8202465,577.8335,0.15,3.1201074,1490.3142
+2C,308,2017,3,0.49565363,2.3205657,1594.0535,2.344198,544.6617,0.15,2.4611773,1412.271
+2C,308,2018,3,0.5928379,2.1543372,1962.6514,2.4910116,569.38544,0.15,2.7396288,1469.9856
+2C,308,2019,3,0.43949217,2.4157212,1384.2208,2.7204266,529.04297,0.15,3.1406233,1372.5151
+2C,309,2015,3,0.45330906,2.7448456,1167.9933,2.9326391,480.85748,0.15,3.4347563,1217.806
+2C,309,2016,3,0.43358445,2.3946948,1066.1804,2.608309,445.50528,0.15,3.153138,1136.6711
+2C,309,2017,3,0.45391276,2.506587,1204.1569,2.7054203,490.459,0.15,3.2817488,1242.3137
+2C,309,2018,3,0.45247403,2.2295277,1188.5457,2.446795,474.87817,0.15,2.7040095,1199.3495
+2C,309,2019,3,0.43366075,2.5450678,1146.7094,2.7137616,484.54868,0.15,3.3048804,1227.3463
+2C,310,2015,3,0.47267574,4.2290826,1238.4609,4.2661805,520.9001,0.15,4.845985,1317.5879
+2C,310,2016,3,0.46855202,3.0180223,1273.9502,2.8117158,515.4489,0.15,2.7684093,1305.5798
+2C,310,2017,3,0.55565935,2.1232872,1549.9999,1.9315884,530.09656,0.15,1.9947315,1341.8788
+2C,310,2018,3,0.5559187,2.1231475,1495.2263,1.9013058,502.07782,0.15,1.893672,1273.4386
+2C,310,2019,3,0.31843796,4.797428,837.2644,4.488916,520.5848,0.15,5.3642097,1318.0276
+2C,311,2015,3,0.593465,1.3174326,1811.2113,1.2494324,528.5606,0.15,1.1926106,1365.7899
+2C,311,2016,3,0.57172185,0.5113956,1809.0079,0.46182793,534.94586,0.15,0.4833427,1382.9205
+2C,311,2017,3,0.5886729,3.5297294,1668.6963,3.9176805,518.272,0.15,4.218924,1343.0747
+2C,311,2018,3,0.5366074,3.308584,1571.3334,3.338956,534.0659,0.15,3.5202782,1381.9167
+2C,311,2019,3,0.5788594,3.5123384,1734.8572,3.5159724,553.7751,0.15,3.392696,1429.7021
+2C,312,2015,3,0.5649594,2.6678026,1677.3888,2.681709,548.21075,0.15,2.764934,1399.8768
+2C,312,2016,3,0.58521855,1.7277595,1786.3428,1.6130217,551.5427,0.15,1.628783,1405.2483
+2C,312,2017,3,0.59904283,0.67961663,1925.3204,0.58238333,560.79803,0.15,0.5869477,1428.2306
+2C,312,2018,3,0.5347145,2.8367777,1594.2153,2.7688358,545.4725,0.15,2.943247,1391.4241
+2C,312,2019,3,0.5962046,1.283814,1952.9192,0.9640364,584.3028,0.15,0.8911857,1486.2235
+2C,313,2015,3,0.39321536,5.2277994,943.45984,5.230909,485.88855,0.15,6.165088,1234.784
+2C,313,2016,3,0.42891565,5.446699,1054.7529,5.400778,518.37964,0.15,5.92809,1314.0012
+2C,313,2017,3,0.44510213,5.460937,1058.2131,5.3868566,520.1153,0.15,5.2476115,1317.5646
+2C,313,2018,3,0.53589046,3.5856915,1290.1849,2.999296,491.22833,0.15,2.764204,1246.9951
+2C,313,2019,3,0.35278794,5.84823,822.11194,5.601229,492.79446,0.15,6.767568,1251.3162
+2C,314,2015,3,0.19470711,2.852746,718.2349,2.625495,617.4367,0.15,3.1800926,1586.0692
+2C,314,2016,3,0.27933863,3.0008347,1028.5693,2.8584964,629.8192,0.15,3.4734974,1615.8113
+2C,314,2017,3,0.22449206,2.8773105,789.73145,2.6839967,597.21564,0.15,3.2545602,1538.9774
+2C,314,2018,3,0.2829594,3.2573195,1020.0537,3.06067,627.44696,0.15,3.732941,1613.4257
+2C,314,2019,3,0.19504489,3.1381192,705.8083,2.8566768,613.44415,0.15,3.4724228,1576.7838
+2C,315,2015,3,0.2619923,2.994766,952.2767,2.868055,613.9266,0.15,3.4718673,1575.7627
+2C,315,2016,3,0.32568923,3.179718,1180.1342,3.1022453,624.191,0.15,3.6851985,1601.141
+2C,315,2017,3,0.243697,3.2684462,853.71497,3.084998,597.6269,0.15,3.7389464,1537.5588
+2C,315,2018,3,0.25597662,3.6272104,931.576,3.3867018,634.71765,0.15,3.8963504,1628.4642
+2C,315,2019,3,0.19308758,3.3604267,707.1525,3.063588,619.04663,0.15,3.7207956,1587.3951
+2C,316,2015,3,0.5585453,1.8342668,1371.1237,1.6369684,480.41904,0.15,1.6613933,1208.1909
+2C,316,2016,3,0.52443904,1.9283285,1362.0831,1.8282651,502.7285,0.15,1.8643475,1262.4508
+2C,316,2017,3,0.5613698,0.9726078,1532.1094,0.88461083,517.4948,0.15,0.9391578,1301.3356
+2C,316,2018,3,0.54279995,2.2533503,1378.7883,2.1406126,491.1598,0.15,2.1822646,1241.2823
+2C,316,2019,3,0.44546634,2.562201,1078.7537,2.3575685,466.6318,0.15,2.4251313,1181.0896
+2C,317,2015,3,0.24632302,3.9139178,705.3842,3.6654897,516.4357,0.15,4.324073,1323.5001
+2C,317,2016,3,0.31613708,4.0734324,931.07806,3.9156816,548.0308,0.15,4.785905,1399.2158
+2C,317,2017,3,0.36859056,3.9734828,1032.1237,3.8991575,530.2641,0.15,4.304295,1360.3018
+2C,317,2018,3,0.31890258,4.07088,907.1429,3.9585943,525.5725,0.15,4.798808,1348.5842
+2C,317,2019,3,0.5476649,3.321078,1702.0316,3.0153818,588.57294,0.15,2.6643782,1500.2523
+2C,318,2015,3,0.5621805,2.4609568,1848.7037,2.9545681,571.48303,0.15,3.425934,1470.6721
+2C,318,2016,3,0.4105601,2.459426,1415.5795,2.7379673,577.87897,0.15,3.2620358,1483.4514
+2C,318,2017,3,0.4727324,2.4106784,1517.6715,2.788415,545.53656,0.15,3.3491683,1407.0897
+2C,318,2018,3,0.5776889,2.1807072,1896.3992,2.716553,569.69055,0.15,3.2469673,1464.1824
+2C,318,2019,3,0.1887257,2.4825032,614.9332,2.3963175,525.6722,0.15,2.856115,1358.7245
+2C,319,2015,3,0.44380853,3.900981,1259.852,3.8573527,558.4096,0.15,4.6272798,1412.0444
+2C,319,2016,3,0.563046,2.4551961,1770.3308,1.8043879,599.1447,0.15,1.5286672,1506.3052
+2C,319,2017,3,0.59507304,2.1388793,1839.233,1.5973612,587.8378,0.15,1.2994643,1479.0874
+2C,319,2018,3,0.5773668,2.9434538,1792.3539,2.936412,606.80414,0.15,3.3018234,1526.487
+2C,319,2019,3,0.56125945,3.21585,1749.8514,3.1609824,611.62946,0.15,3.1485658,1537.4335
+2C,320,2015,4,0.5294709,7.3032007,1363.8497,8.863314,148.25099,0.05,9.315905,1161.8612
+2C,320,2016,4,0.21762612,11.140081,560.1373,11.522975,153.68167,0.05,12.181851,1197.202
+2C,320,2017,4,0.23377301,11.455008,590.10876,12.121548,150.22519,0.05,12.774081,1173.8895
+2C,320,2018,4,0.4658097,10.516267,1201.8633,11.907431,157.33235,0.05,12.577684,1225.8057
+2C,320,2019,4,0.30354783,11.721369,750.18427,12.653801,149.1238,0.05,13.262901,1165.2194
+2C,321,2015,4,0.27744806,10.984098,482.22534,10.952525,118.22152,0.05,11.267857,895.85913
+2C,321,2016,4,0.2951243,13.154686,516.6605,13.957806,118.81549,0.05,14.30383,898.706
+2C,321,2017,4,0.26956582,12.7636795,453.71344,13.2800455,113.39795,0.05,13.720743,862.89716
+2C,321,2018,4,0.32804334,11.5805,607.2366,11.880026,129.90936,0.05,12.3760805,974.64526
+2C,321,2019,4,0.30893224,9.282328,580.3404,9.649345,120.97595,0.05,10.058847,915.7617
+2C,322,2015,4,0.42244774,12.196185,886.5535,12.708041,146.53069,0.05,13.241647,1098.2913
+2C,322,2016,4,0.35561374,14.388733,680.4011,15.701769,133.37944,0.05,16.269152,1010.3068
+2C,322,2017,4,0.45078352,9.294108,940.844,9.9452305,140.3544,0.05,10.3944645,1055.8894
+2C,322,2018,4,0.44035402,9.903739,984.77954,10.243956,152.55316,0.05,10.721313,1142.5034
+2C,322,2019,4,0.4434677,11.125095,921.9907,11.387137,144.17303,0.05,11.84742,1079.878
+2C,323,2015,4,0.48401752,6.611789,1451.4363,7.836503,180.19977,0.05,8.255106,1365.684
+2C,323,2016,4,0.49427006,7.5259595,1479.9878,8.417608,184.65985,0.05,8.8217,1394.4596
+2C,323,2017,4,0.47695464,7.216281,1472.3726,8.238454,187.23502,0.05,8.650995,1410.5992
+2C,323,2018,4,0.43951744,9.390868,1324.6105,10.439265,183.91705,0.05,10.882345,1387.9514
+2C,323,2019,4,0.45231906,8.068674,1386.9674,9.019478,185.10664,0.05,9.424744,1398.3955
+2C,324,2015,4,0.24589382,11.993795,507.07947,13.284718,120.41498,0.05,13.942339,941.7651
+2C,324,2016,4,0.20005105,13.431236,423.81055,14.458048,125.00881,0.05,15.232667,976.9988
+2C,324,2017,4,0.39255556,12.571239,959.2296,15.067623,146.57849,0.05,15.8521385,1136.2925
+2C,324,2018,4,0.36215776,12.398169,783.75287,14.460004,129.98444,0.05,15.160013,1013.7552
+2C,324,2019,4,0.3133701,10.891238,754.67035,12.785108,138.23233,0.05,13.450939,1072.7991
+2C,325,2015,4,0.09487087,25.538155,299.4177,25.252613,206.19574,0.05,26.78072,1586.8972
+2C,325,2016,4,0.1146376,27.119465,362.2536,26.949951,211.3315,0.05,28.693188,1623.5864
+2C,325,2017,4,0.08108059,24.689714,260.6963,24.191208,209.41093,0.05,25.74146,1605.8137
+2C,325,2018,4,0.097561404,25.792309,318.3617,25.496193,211.82657,0.05,27.125172,1624.7412
+2C,325,2019,4,0.07602285,25.722952,244.06653,25.134293,208.68863,0.05,26.643223,1602.195
+2C,326,2015,4,0.4500376,11.591041,999.75226,12.356593,151.26447,0.05,12.897056,1136.4877
+2C,326,2016,4,0.47559905,10.672068,990.1529,11.27775,141.95378,0.05,11.709767,1073.6179
+2C,326,2017,4,0.50717497,9.907705,1086.7025,10.571352,147.9418,0.05,11.078228,1114.1211
+2C,326,2018,4,0.5086842,8.28946,1164.9117,9.042078,154.92126,0.05,9.538063,1162.6433
+2C,326,2019,4,0.47715843,10.83303,1059.0433,11.120417,153.26369,0.05,11.595135,1148.4575
+2C,327,2015,4,0.3669773,11.755101,970.0893,12.3202915,168.30038,0.05,12.754217,1247.777
+2C,327,2016,4,0.42491663,8.790913,1158.6003,9.753892,169.93602,0.05,10.16082,1258.0132
+2C,327,2017,4,0.44546467,6.4631376,1256.3982,7.065213,174.84271,0.05,7.3705993,1291.9083
+2C,327,2018,4,0.32382053,11.687177,882.9021,12.507804,168.91501,0.05,13.150076,1251.898
+2C,327,2019,4,0.2957914,11.419962,819.23956,12.343119,169.14021,0.05,12.967546,1251.4066
+2C,328,2015,4,0.2192716,4.7248263,650.2043,4.936081,164.07298,0.05,5.2531295,1252.1912
+2C,328,2016,4,0.20073427,4.8084707,549.8775,4.947134,161.26366,0.05,5.272484,1231.076
+2C,328,2017,4,0.2255897,5.0928755,670.39795,5.2571726,168.70877,0.05,5.605622,1289.4633
+2C,328,2018,4,0.21357891,5.116171,647.09894,5.2542195,172.18213,0.05,5.602482,1313.278
+2C,328,2019,4,0.21090738,4.968324,639.0898,5.118447,171.29048,0.05,5.4520726,1303.5121
+2C,329,2015,4,0.20572661,6.8966103,578.9911,7.078489,162.07593,0.05,7.495227,1229.4893
+2C,329,2016,4,0.2355704,7.684561,624.39764,7.939992,157.51062,0.05,8.355766,1197.5225
+2C,329,2017,4,0.2812262,6.311345,792.9036,6.666295,164.3618,0.05,7.023339,1245.3772
+2C,329,2018,4,0.23403089,7.1593914,645.0161,7.603352,161.89232,0.05,8.081499,1226.8109
+2C,329,2019,4,0.26012862,6.3525352,728.5794,6.6458497,161.25069,0.05,7.033242,1222.0193
+2C,330,2015,4,0.3269865,14.307433,994.3817,16.321419,185.17429,0.05,17.201773,1427.2621
+2C,330,2016,4,0.3152219,14.372763,999.3413,15.593135,191.8903,0.05,16.116865,1477.2579
+2C,330,2017,4,0.38380817,13.442019,1168.7476,15.84156,183.02174,0.05,16.65432,1413.4607
+2C,330,2018,4,0.22210692,14.243575,691.16724,15.351477,187.4123,0.05,16.306767,1442.4705
+2C,330,2019,4,0.3158615,14.608861,907.9038,16.43822,176.06723,0.05,17.432932,1361.1365
+2C,331,2015,4,0.18188065,12.704486,468.76834,13.378613,146.98969,0.05,13.987637,1142.7396
+2C,331,2016,4,0.10578695,14.107656,283.42297,14.309422,152.73389,0.05,15.045288,1183.1355
+2C,331,2017,4,0.11580694,13.809475,294.61865,14.103155,145.52016,0.05,14.83157,1131.6743
+2C,331,2018,4,0.1396437,14.053354,367.6452,14.566348,149.60007,0.05,15.293551,1161.6152
+2C,331,2019,4,0.105207466,13.504971,261.27893,13.646166,142.6766,0.05,14.2935295,1110.4479
+2C,332,2015,4,0.48337546,8.5953455,1484.2836,10.025815,185.2302,0.05,10.522445,1398.7186
+2C,332,2016,4,0.38527337,11.049972,1151.3593,12.091874,183.0031,0.05,12.668825,1377.7224
+2C,332,2017,4,0.43757352,8.776625,1354.7186,9.834897,187.18788,0.05,10.280254,1407.116
+2C,332,2018,4,0.4297265,10.070097,1310.7163,11.077472,186.87306,0.05,11.546008,1404.7435
+2C,332,2019,4,0.44129017,9.569506,1380.0876,10.586357,189.64258,0.05,11.045609,1425.8291
+2C,333,2015,4,0.31123245,10.56123,1225.4043,10.846232,231.15474,0.05,11.653816,1729.1218
+2C,333,2016,4,0.2577284,10.171654,976.41364,10.375775,225.69717,0.05,11.126526,1691.2168
+2C,333,2017,4,0.3313252,9.671976,1340.1525,9.908222,232.40532,0.05,10.579726,1737.0061
+2C,333,2018,4,0.3084369,10.909574,1236.3407,11.114361,239.54654,0.05,11.946018,1784.0505
+2C,333,2019,4,0.36818716,9.466164,1472.693,9.847633,234.23991,0.05,10.533853,1752.7335
+2C,334,2015,4,0.27682436,9.906811,445.83524,11.000938,106.89778,0.05,11.740827,810.2688
+2C,334,2016,4,0.34086543,8.930471,683.9452,8.743237,128.22256,0.05,8.884702,958.91974
+2C,334,2017,4,0.30939215,10.421862,554.80444,11.681811,119.7456,0.05,12.290406,903.3077
+2C,334,2018,4,0.3101056,10.619062,548.7763,11.49461,119.42667,0.05,11.768372,898.1582
+2C,334,2019,4,0.3119212,9.645806,500.32455,10.30006,108.586365,0.05,10.594225,828.28925
+2C,335,2015,4,0.2500235,12.743113,407.89526,12.897801,114.154076,0.05,13.166448,868.21576
+2C,335,2016,4,0.28054306,13.169481,465.8828,14.069422,115.51369,0.05,14.421042,877.29425
+2C,335,2017,4,0.23959813,13.903655,379.46146,14.609177,111.90586,0.05,15.242437,852.94525
+2C,335,2018,4,0.30673295,9.552085,547.83813,9.947129,123.35157,0.05,10.357678,929.953
+2C,335,2019,4,0.26890722,10.388032,475.5926,10.435992,115.53091,0.05,10.710888,876.8003
+2C,336,2015,4,0.44293356,8.90803,1199.5751,10.620379,151.99484,0.05,10.987916,1186.3577
+2C,336,2016,4,0.35731876,9.601171,1047.3586,10.721723,164.47461,0.05,11.051788,1278.1688
+2C,336,2017,4,0.19955727,10.820747,561.4998,11.494373,154.54562,0.05,11.946198,1206.1125
+2C,336,2018,4,0.44907284,8.776789,1286.0602,10.487257,159.84163,0.05,10.794724,1243.9982
+2C,336,2019,4,0.5011709,4.998094,1366.6086,5.2855196,150.39334,0.05,5.3041277,1175.0841
+2C,337,2015,4,0.3578884,8.948305,1004.55536,9.819738,165.6232,0.05,10.239642,1254.4412
+2C,337,2016,4,0.32020488,10.022601,909.1211,10.710217,167.93948,0.05,11.173004,1271.6588
+2C,337,2017,4,0.38925457,9.245445,1113.5671,10.116481,171.4807,0.05,10.517334,1294.639
+2C,337,2018,4,0.3585337,9.29262,1016.0875,10.073737,170.15698,0.05,10.512681,1286.1885
+2C,337,2019,4,0.39075866,9.46089,1148.8384,10.30209,175.8644,0.05,10.701093,1328.4012
+2C,338,2015,4,0.38880917,15.385656,895.0733,16.472954,158.97414,0.05,17.426888,1193.2676
+2C,338,2016,4,0.38140044,14.943316,834.45184,16.001465,150.34624,0.05,16.82365,1136.1986
+2C,338,2017,4,0.42381296,14.888185,952.96985,15.95254,159.02678,0.05,16.892044,1198.003
+2C,338,2018,4,0.44148555,13.984936,1038.7808,15.316263,160.12448,0.05,16.245422,1204.1436
+2C,338,2019,4,0.40859938,16.336037,974.32227,17.572418,163.25233,0.05,18.524021,1224.7035
+2C,339,2015,4,0.3353964,11.124574,894.18365,12.690499,149.60707,0.05,13.199196,1172.3082
+2C,339,2016,4,0.3028649,10.715755,889.46063,11.998413,164.72237,0.05,12.45333,1281.0183
+2C,339,2017,4,0.19911623,11.404629,575.24805,12.142091,158.54822,0.05,12.603349,1236.1229
+2C,339,2018,4,0.38097793,9.682579,1095.557,11.340754,159.60474,0.05,11.720733,1243.4855
+2C,339,2019,4,0.43543696,6.270072,1213.6493,6.777736,154.1003,0.05,6.860983,1203.4462
+2C,340,2015,4,0.23023108,12.388928,628.4068,13.15625,157.73328,0.05,13.68565,1216.1434
+2C,340,2016,4,0.20709184,13.605658,589.647,14.70292,165.18346,0.05,15.542783,1268.1492
+2C,340,2017,4,0.2065826,12.990495,587.7611,14.004037,162.33305,0.05,14.700925,1252.6538
+2C,340,2018,4,0.19013287,12.8006935,591.014,13.757698,174.73978,0.05,14.48008,1340.1887
+2C,340,2019,4,0.25579578,10.1217165,758.3523,10.925056,167.92639,0.05,11.36363,1290.477
+2C,341,2015,4,0.36049742,12.929865,944.6342,14.0079,167.92497,0.05,14.539753,1248.3696
+2C,341,2016,4,0.44414714,9.401422,1239.3088,10.296701,175.20435,0.05,10.68732,1298.1908
+2C,341,2017,4,0.4850598,6.232773,1367.8708,6.8547325,174.76149,0.05,7.1210613,1299.0281
+2C,341,2018,4,0.3573685,10.883807,1011.01184,11.426724,175.86293,0.05,11.874712,1298.8422
+2C,341,2019,4,0.3084805,12.045692,849.4788,12.829237,172.0789,0.05,13.475059,1275.8915
+2C,342,2015,4,0.40767726,8.6877775,748.23413,9.308976,123.52657,0.05,9.69683,934.407
+2C,342,2016,4,0.3151574,10.771231,571.4495,11.04792,121.1224,0.05,11.366652,918.30536
+2C,342,2017,4,0.31093806,11.63321,556.8867,11.934125,119.74628,0.05,12.313025,910.32733
+2C,342,2018,4,0.3371417,11.469371,666.79694,11.878942,133.69258,0.05,12.29685,1000.8338
+2C,342,2019,4,0.3268685,12.224668,615.71497,12.9194975,128.49123,0.05,13.3499,967.2512
+2C,343,2015,4,0.23240525,11.56498,391.19556,12.986537,98.4061,0.05,13.721162,777.454
+2C,343,2016,4,0.24124078,12.176439,403.48703,13.493206,101.78088,0.05,14.287969,799.1133
+2C,343,2017,4,0.21916127,13.546334,382.91327,14.544282,107.75588,0.05,15.297113,845.2739
+2C,343,2018,4,0.24691898,12.815152,420.49966,14.315354,102.98077,0.05,15.146826,809.7292
+2C,343,2019,4,0.24998389,11.77948,442.1633,13.19737,105.19877,0.05,13.984812,822.94543
+2C,344,2015,4,0.54344636,5.644158,1549.801,6.2132773,162.37054,0.05,6.343427,1257.0922
+2C,344,2016,4,0.5248745,7.1215577,1488.112,7.91348,163.46747,0.05,8.051297,1265.5645
+2C,344,2017,4,0.5542119,6.2058973,1530.3315,7.336487,157.13701,0.05,7.4981823,1217.1722
+2C,344,2018,4,0.59217894,2.8164248,1752.7153,2.7434697,165.41725,0.05,2.7528744,1280.0436
+2C,344,2019,4,0.5339639,2.5139203,1503.415,2.3758712,154.72084,0.05,2.3584826,1200.5396
+2C,345,2015,4,0.40771583,10.552584,853.4307,11.061159,142.73407,0.05,11.632431,1069.2805
+2C,345,2016,4,0.33774403,13.808335,637.97974,14.56023,131.08435,0.05,15.060698,989.6741
+2C,345,2017,4,0.38094988,9.780665,768.1432,10.361699,135.3399,0.05,10.876382,1019.5222
+2C,345,2018,4,0.3386993,13.4557085,704.9724,13.81076,145.66313,0.05,14.3713255,1088.32
+2C,345,2019,4,0.3773566,12.990767,742.51215,13.835416,135.72476,0.05,14.344795,1019.37274
+2C,346,2015,4,0.5065784,6.9377985,1519.1361,8.21698,180.3569,0.05,8.611079,1365.9229
+2C,346,2016,4,0.42967105,9.751192,1278.4752,10.724817,182.96124,0.05,11.169591,1378.7943
+2C,346,2017,4,0.4932721,7.675314,1512.571,8.686906,187.19615,0.05,9.05392,1408.713
+2C,346,2018,4,0.47715855,8.521536,1454.8639,9.521347,187.87918,0.05,9.897543,1412.3818
+2C,346,2019,4,0.47577035,8.727656,1464.0984,9.642113,188.66103,0.05,9.99982,1420.3613
+2C,347,2015,4,0.34054294,13.970175,770.06915,15.580968,140.31763,0.05,16.015589,1075.8318
+2C,347,2016,4,0.35310712,14.077989,793.1974,16.286623,139.40373,0.05,17.144419,1070.1884
+2C,347,2017,4,0.33700877,11.830454,794.8614,12.78255,144.26624,0.05,13.172979,1102.0682
+2C,347,2018,4,0.33042362,13.599955,727.43176,15.639529,135.71541,0.05,16.396513,1046.5446
+2C,347,2019,4,0.33821127,12.496123,748.6454,13.91693,134.13327,0.05,14.370315,1032.311
+2C,348,2015,4,0.30245948,12.477716,769.804,13.813401,149.12737,0.05,14.351565,1156.2444
+2C,348,2016,4,0.4141999,11.722242,1122.5747,13.986407,159.36742,0.05,14.558079,1230.5554
+2C,348,2017,4,0.33117864,11.965338,853.30774,13.720939,149.22011,0.05,14.302223,1156.7594
+2C,348,2018,4,0.39650235,11.347556,1050.7322,13.364859,153.98161,0.05,13.861246,1191.1946
+2C,348,2019,4,0.37510005,10.9992,964.9093,12.553148,150.5432,0.05,13.002739,1166.7526
+2C,349,2015,4,0.25973663,11.447161,866.03766,11.959017,201.23772,0.05,12.495832,1541.5623
+2C,349,2016,4,0.23026715,11.257147,742.06915,11.689678,194.48259,0.05,12.178181,1496.1049
+2C,349,2017,4,0.22805083,10.927318,691.9603,11.628886,185.42203,0.05,12.219198,1425.5648
+2C,349,2018,4,0.23133616,11.22835,717.83777,11.929908,189.72562,0.05,12.536353,1459.1292
+2C,349,2019,4,0.140941,12.138077,453.27863,12.311294,196.03586,0.05,12.922113,1506.9746
+2C,350,2015,4,0.5454434,11.407519,1574.4865,12.35692,189.98573,0.05,12.855472,1429.8522
+2C,350,2016,4,0.55943555,8.601982,1677.2563,9.346214,192.07329,0.05,9.784912,1446.347
+2C,350,2017,4,0.5819134,8.449901,1705.3441,9.057716,188.70206,0.05,9.452061,1424.3787
+2C,350,2018,4,0.55353296,10.359708,1607.6161,11.50694,188.14143,0.05,11.996391,1417.4435
+2C,350,2019,4,0.5060974,9.732463,1499.4299,10.5932865,187.72708,0.05,11.094637,1411.9818
+2C,351,2015,4,0.5978173,3.0513513,1853.4315,3.1718988,175.35733,0.05,3.1895323,1349.2719
+2C,351,2016,4,0.42978063,4.047063,1335.5198,4.427479,171.06516,0.05,4.503839,1319.9877
+2C,351,2017,4,0.5805966,4.0448666,1741.028,4.606371,167.94568,0.05,4.6744018,1296.7802
+2C,351,2018,4,0.549587,1.5668533,1698.7236,1.6415422,170.02777,0.05,1.6529776,1310.2692
+2C,351,2019,4,0.4943461,1.7289703,1428.2621,1.8675867,157.2761,0.05,1.8831098,1219.0814
+2C,352,2015,4,0.34641498,9.715514,626.1194,9.698704,122.83469,0.05,9.924735,923.94867
+2C,352,2016,4,0.3345154,10.263376,601.2215,10.124889,123.45668,0.05,10.406364,930.59955
+2C,352,2017,4,0.2773524,11.312776,491.10397,12.184021,125.0102,0.05,12.984702,937.6784
+2C,352,2018,4,0.3671344,8.918581,736.14124,8.744973,135.45427,0.05,9.004829,1010.7832
+2C,352,2019,4,0.32889354,11.1533785,545.53906,11.322043,118.949036,0.05,11.623905,899.0882
+2C,353,2015,4,0.15949872,26.921898,452.61926,27.870115,184.07278,0.05,29.395435,1421.4257
+2C,353,2016,4,0.1273131,27.77732,365.10776,28.424334,185.82222,0.05,30.14121,1434.802
+2C,353,2017,4,0.1326934,27.60626,368.334,28.270859,181.9007,0.05,29.993748,1405.6241
+2C,353,2018,4,0.15580389,27.507393,434.09656,28.594612,183.18849,0.05,30.334644,1414.1589
+2C,353,2019,4,0.17368685,26.357082,495.89896,27.780273,184.19687,0.05,29.201672,1419.6628
+2C,354,2015,4,0.23832916,14.226004,454.3934,15.569934,118.07206,0.05,16.416695,919.136
+2C,354,2016,4,0.22667281,15.701178,424.15024,16.854118,120.36667,0.05,17.867834,934.42847
+2C,354,2017,4,0.15658219,15.507865,311.4842,16.01858,124.54444,0.05,17.03058,962.64154
+2C,354,2018,4,0.23400469,13.9625,417.84338,15.239873,112.15017,0.05,16.139814,875.3973
+2C,354,2019,4,0.22475179,13.36444,400.63773,14.530937,110.68764,0.05,15.414247,863.3281
+2C,355,2015,4,0.59856534,2.4555135,1882.4957,2.5694835,176.91472,0.05,2.5846686,1360.7427
+2C,355,2016,4,0.56583977,4.6710334,1699.8239,5.2141886,170.4599,0.05,5.2925277,1315.8875
+2C,355,2017,4,0.5735196,4.482788,1694.3375,5.372884,165.7194,0.05,5.4794836,1278.9045
+2C,355,2018,4,0.43398035,1.5263113,1355.58,1.5258887,168.80107,0.05,1.5299225,1299.984
+2C,355,2019,4,0.4734057,2.379125,1356.7952,2.5658433,156.33058,0.05,2.589997,1212.1134
+2C,356,2015,4,0.44521233,12.014011,964.6953,12.899765,149.10553,0.05,13.5106125,1117.2183
+2C,356,2016,4,0.43850663,12.213533,872.3178,12.844792,136.58797,0.05,13.316235,1034.8127
+2C,356,2017,4,0.4525521,11.128409,936.5587,11.839676,142.73373,0.05,12.365717,1074.2834
+2C,356,2018,4,0.4436713,10.402129,1003.01666,10.715444,155.14392,0.05,11.216509,1162.6022
+2C,356,2019,4,0.405677,12.937843,852.84174,13.9078245,147.48492,0.05,14.496871,1103.314
+2C,357,2015,4,0.4885812,7.0519857,1261.0157,7.191861,162.5783,0.05,7.3538437,1227.6494
+2C,357,2016,4,0.38454658,8.526415,962.8234,9.744285,158.63977,0.05,10.213344,1204.7017
+2C,357,2017,4,0.51796436,8.082321,1303.377,9.260125,164.64279,0.05,9.448371,1242.4532
+2C,357,2018,4,0.34132263,8.719649,867.8499,9.038845,158.95499,0.05,9.212001,1204.173
+2C,357,2019,4,0.48918322,7.7563667,1296.5151,9.403976,167.65086,0.05,9.721179,1261.5294
+2C,358,2015,4,0.4299301,11.753324,804.59186,11.8250065,129.71648,0.05,12.210509,980.38055
+2C,358,2016,4,0.33089995,15.684704,618.4744,15.586132,133.70702,0.05,15.925497,1011.4532
+2C,358,2017,4,0.34170297,16.24618,615.9666,16.806543,133.2769,0.05,17.183275,1010.2008
+2C,358,2018,4,0.3494696,15.72775,683.85565,16.275808,136.16322,0.05,16.683426,1026.8301
+2C,358,2019,4,0.363456,14.843361,703.38245,16.132582,133.42819,0.05,16.774382,1006.62463
+2C,359,2015,4,0.5102859,12.386585,1788.3065,13.768277,215.41035,0.05,14.233369,1644.0999
+2C,359,2016,4,0.47898626,10.983965,1734.3262,12.388375,217.38959,0.05,12.787623,1659.3169
+2C,359,2017,4,0.5315479,9.300358,1885.8287,10.401816,214.56047,0.05,10.841994,1638.842
+2C,359,2018,4,0.39363748,13.005964,1390.1818,14.7105055,212.04608,0.05,15.406782,1621.14
+2C,359,2019,4,0.51100594,10.321471,1771.658,11.010168,207.31732,0.05,11.3280325,1589.0105
+2C,360,2015,4,0.22569989,10.819337,546.8406,11.993286,138.46292,0.05,12.700349,1073.0475
+2C,360,2016,4,0.21367852,11.398966,560.1526,12.497423,150.66287,0.05,13.227435,1160.1725
+2C,360,2017,4,0.22111909,10.863394,560.1077,12.013419,143.97821,0.05,12.72274,1115.3976
+2C,360,2018,4,0.19244064,10.444096,539.8415,11.353113,156.73553,0.05,11.976147,1203.9023
+2C,360,2019,4,0.23059942,9.615005,588.29974,10.262417,145.18944,0.05,10.646477,1121.3604
+2C,361,2015,4,0.29402912,11.5858345,733.508,12.859142,143.97054,0.05,13.4169655,1105.4277
+2C,361,2016,4,0.24781226,13.522636,618.9964,14.645583,146.41026,0.05,15.351053,1122.4221
+2C,361,2017,4,0.30833772,11.139124,819.0677,12.369563,154.05138,0.05,12.909931,1171.4567
+2C,361,2018,4,0.311393,9.064871,813.3337,9.9200325,152.51732,0.05,10.321896,1163.5941
+2C,361,2019,4,0.37189883,7.422361,1004.8243,8.471677,152.85089,0.05,8.831969,1169.2848
+2C,362,2015,4,0.22531769,12.213595,425.36786,13.370257,114.69624,0.05,14.186865,895.18945
+2C,362,2016,4,0.17915921,13.934486,330.69165,14.579613,117.14049,0.05,15.500306,909.4699
+2C,362,2017,4,0.13623762,14.53704,253.89493,14.8363,118.49267,0.05,15.773978,916.9708
+2C,362,2018,4,0.216895,12.566021,402.73206,13.662333,113.04064,0.05,14.497043,880.47906
+2C,362,2019,4,0.30745712,11.683685,585.2438,13.49085,115.65413,0.05,14.316885,899.10736
+2C,363,2015,4,0.33527476,18.080193,1208.6077,19.611103,221.4532,0.05,20.63903,1689.6233
+2C,363,2016,4,0.2843943,17.638023,1002.24335,18.954836,214.06192,0.05,19.881754,1632.682
+2C,363,2017,4,0.28812337,18.61256,1022.4175,19.935526,218.82077,0.05,20.915632,1668.2073
+2C,363,2018,4,0.2007389,19.07079,705.1941,19.947393,213.8475,0.05,21.202887,1630.9999
+2C,363,2019,4,0.19183838,18.309046,701.6182,19.085752,217.86646,0.05,20.23477,1659.6763
+2C,364,2015,4,0.5925896,4.017103,1748.5406,4.3093033,167.31676,0.05,4.3444595,1292.2173
+2C,364,2016,4,0.4946872,3.5057597,1476.7621,3.6667857,165.60019,0.05,3.6836739,1280.4786
+2C,364,2017,4,0.58233595,3.8414807,1695.3629,4.2329392,162.62906,0.05,4.2881193,1259.7462
+2C,364,2018,4,0.58390486,1.368922,1743.6282,1.5780998,163.05571,0.05,1.6058326,1262.4976
+2C,364,2019,4,0.53959465,1.4997597,1543.1533,1.6095427,155.41837,0.05,1.6186978,1207.1354
+2C,365,2015,4,0.35716653,11.416727,656.3254,11.747546,128.513,0.05,12.160861,961.03516
+2C,365,2016,4,0.30113575,13.419816,524.3162,13.924369,125.39589,0.05,14.34621,946.68317
+2C,365,2017,4,0.31025216,12.443861,594.20233,12.353999,133.21402,0.05,12.675084,996.2223
+2C,365,2018,4,0.36611947,10.142078,768.7246,10.131183,147.28227,0.05,10.431554,1093.6973
+2C,365,2019,4,0.3467884,11.529621,635.11224,11.719684,130.65367,0.05,12.068927,977.91644
+2C,366,2015,4,0.56789786,7.338543,1514.0967,9.246317,153.64487,0.05,9.749574,1200.4236
+2C,366,2016,4,0.49379584,9.846251,1289.738,11.411725,156.23741,0.05,12.055877,1217.9463
+2C,366,2017,4,0.41320115,10.073623,1069.3837,11.655575,153.79697,0.05,12.295071,1201.6464
+2C,366,2018,4,0.551993,9.961899,1461.4674,11.908133,160.2861,0.05,12.613815,1248.46
+2C,366,2019,4,0.3409507,11.723377,853.0229,12.920191,151.50851,0.05,13.586843,1182.826
+2C,367,2015,4,0.4092404,10.3294115,738.21515,10.715094,123.23045,0.05,11.125078,932.204
+2C,367,2016,4,0.34892187,11.315072,619.133,11.464408,121.422485,0.05,11.775574,919.32745
+2C,367,2017,4,0.31877494,10.343397,540.4426,10.98047,114.103905,0.05,11.421583,870.28436
+2C,367,2018,4,0.38495082,10.488111,753.88403,10.767029,135.0878,0.05,11.171024,1011.64874
+2C,367,2019,4,0.39801213,10.401972,761.077,10.710008,128.10045,0.05,11.112639,965.2801
+2C,368,2015,4,0.21044254,12.134244,375.08182,13.233585,106.69779,0.05,14.017538,837.38245
+2C,368,2016,4,0.16892488,12.894,293.61884,13.501509,107.17019,0.05,14.334224,836.1986
+2C,368,2017,4,0.18854792,14.600433,340.04382,15.421296,113.78583,0.05,16.326517,884.917
+2C,368,2018,4,0.20991266,12.759307,375.12338,13.860064,107.87074,0.05,14.688899,842.33344
+2C,368,2019,4,0.24922518,13.025834,456.68478,14.389447,112.509865,0.05,15.274928,875.943
+2C,369,2015,4,0.40721384,12.572889,813.7588,14.506362,124.71728,0.05,15.053698,964.0654
+2C,369,2016,4,0.504916,11.073422,1005.9932,13.360173,126.15185,0.05,13.936554,974.28125
+2C,369,2017,4,0.40238744,11.218248,844.00464,12.773407,130.48627,0.05,13.273959,1003.30145
+2C,369,2018,4,0.44250843,10.875414,847.3755,12.868558,118.33153,0.05,13.30872,919.4158
+2C,369,2019,4,0.38066682,10.770272,720.1441,12.503157,115.94345,0.05,13.074646,899.1317
+2C,370,2015,4,0.41756102,11.495657,856.66614,12.065653,142.75946,0.05,12.618619,1069.4387
+2C,370,2016,4,0.35907352,13.68893,672.2359,14.785257,131.08798,0.05,15.224566,989.669
+2C,370,2017,4,0.40750355,9.1817255,815.54663,9.632823,135.28873,0.05,10.069808,1019.09576
+2C,370,2018,4,0.36711827,12.69107,758.87006,12.925937,145.657,0.05,13.385242,1088.2216
+2C,370,2019,4,0.404179,12.069598,793.71185,12.913672,135.65118,0.05,13.340502,1018.7873
+2C,371,2015,4,0.5492652,7.1342645,1422.5295,7.264259,172.56369,0.05,7.6422625,1294.4354
+2C,371,2016,4,0.4846247,8.723983,1132.9314,8.747869,161.66327,0.05,9.117049,1216.9731
+2C,371,2017,4,0.5221215,9.17772,1176.7677,9.34835,160.50372,0.05,9.777552,1211.7805
+2C,371,2018,4,0.51324344,9.410223,1221.3893,9.426661,167.54532,0.05,9.829222,1259.1428
+2C,371,2019,4,0.48709765,8.01981,1219.4242,8.203209,167.32765,0.05,8.608905,1257.7294
+2C,372,2015,4,0.36786112,9.376876,958.2561,9.529839,162.45485,0.05,9.796152,1203.7539
+2C,372,2016,4,0.2814019,12.569361,698.7605,13.911158,157.02647,0.05,14.766304,1159.1178
+2C,372,2017,4,0.32197234,11.012934,857.902,11.174783,168.16724,0.05,11.477451,1236.3794
+2C,372,2018,4,0.29228637,12.586494,766.3326,13.366939,166.51012,0.05,14.108618,1227.2749
+2C,372,2019,4,0.25473163,12.00841,662.3305,13.309506,160.1494,0.05,14.109701,1178.27
+2C,373,2015,4,0.2481517,13.053583,494.86697,13.763055,129.8867,0.05,14.52358,984.88354
+2C,373,2016,4,0.22549759,14.139536,426.84827,15.042222,123.29039,0.05,15.889935,933.1412
+2C,373,2017,4,0.24043138,14.06207,467.5364,14.777264,126.019455,0.05,15.56151,959.1048
+2C,373,2018,4,0.25175968,15.374947,529.44275,16.131693,139.88168,0.05,16.978046,1051.059
+2C,373,2019,4,0.24625006,13.789348,502.6366,14.453352,131.6826,0.05,15.23307,996.83484
+2C,374,2015,4,0.45005554,13.2498455,893.50867,13.4672165,139.48836,0.05,13.94361,1060.5294
+2C,374,2016,4,0.34250745,17.469995,695.33826,18.861908,143.39236,0.05,19.63213,1089.2831
+2C,374,2017,4,0.4186594,14.253591,840.38904,14.779578,140.25745,0.05,15.28655,1071.696
+2C,374,2018,4,0.3768952,15.956437,809.4659,16.860031,148.61162,0.05,17.531345,1124.402
+2C,374,2019,4,0.40988097,15.04391,862.058,16.63589,145.40227,0.05,17.34818,1100.089
+2C,375,2015,4,0.38244477,10.071248,741.33936,10.43358,129.60507,0.05,10.78108,976.01154
+2C,375,2016,4,0.28458667,14.060894,520.95233,14.750924,128.52664,0.05,15.1649,975.25104
+2C,375,2017,4,0.30713394,13.14706,604.3795,13.132739,133.92317,0.05,13.434397,1011.097
+2C,375,2018,4,0.34688926,11.62977,733.9859,11.676715,147.29868,0.05,11.970935,1101.6187
+2C,375,2019,4,0.3448873,10.95718,681.7109,11.387572,133.72469,0.05,11.743996,1005.3823
+2C,376,2015,4,0.5436843,8.583949,1429.372,10.82483,152.43979,0.05,11.438827,1189.9097
+2C,376,2016,4,0.36541662,12.040379,941.2762,13.433159,152.55008,0.05,14.247052,1189.2925
+2C,376,2017,4,0.27762014,12.291193,712.6589,13.362429,151.64421,0.05,14.13583,1185.1201
+2C,376,2018,4,0.49564922,11.462801,1289.7643,13.6575165,156.9364,0.05,14.510297,1221.5205
+2C,376,2019,4,0.247235,12.51325,616.93756,13.474028,148.08713,0.05,14.278576,1155.0708
+2C,377,2015,4,0.42636254,12.155654,923.74,12.927827,149.45119,0.05,13.536863,1119.8508
+2C,377,2016,4,0.41892454,12.375159,836.0946,12.985172,136.85132,0.05,13.434782,1036.833
+2C,377,2017,4,0.45577678,10.526345,948.7835,11.262527,142.97362,0.05,11.741923,1076.1173
+2C,377,2018,4,0.44409338,9.816927,1005.64404,10.087816,155.36601,0.05,10.574963,1164.2916
+2C,377,2019,4,0.40870166,12.434581,863.3271,12.9708395,147.68784,0.05,13.554009,1104.8602
+2C,378,2015,4,0.2644941,11.858454,936.1628,12.658021,216.79796,0.05,13.336429,1658.7883
+2C,378,2016,4,0.23304772,12.639962,858.6589,13.307442,224.94771,0.05,13.987013,1718.1708
+2C,378,2017,4,0.23946603,11.924324,857.9915,12.408338,217.90582,0.05,12.957586,1667.5334
+2C,378,2018,4,0.14992884,12.323491,546.96027,12.566441,219.07649,0.05,13.374866,1676.5042
+2C,378,2019,4,0.22949053,11.853603,788.855,12.462532,209.36697,0.05,13.168963,1607.4626
+2C,379,2015,4,0.5949615,6.2630305,1739.3988,7.872811,171.68243,0.05,8.307908,1316.0039
+2C,379,2016,4,0.5983346,6.2399135,1773.2454,7.608314,172.66096,0.05,8.020303,1329.0626
+2C,379,2017,4,0.59824234,5.1082344,1794.5492,6.3695064,172.86852,0.05,6.7490234,1331.2524
+2C,379,2018,4,0.5987042,5.237519,1776.7113,6.3890843,169.62416,0.05,6.744712,1309.7051
+2C,379,2019,4,0.59470326,4.835314,1703.5087,5.9485736,166.38606,0.05,6.313821,1282.5925
+2C,380,2015,4,0.57788867,7.457639,1551.1958,9.391202,156.1012,0.05,9.9180155,1212.3567
+2C,380,2016,4,0.494589,10.10155,1271.8789,11.722773,155.04863,0.05,12.405373,1204.7881
+2C,380,2017,4,0.45876193,9.092167,1219.7999,10.711183,155.02347,0.05,11.299215,1206.5575
+2C,380,2018,4,0.55799526,9.54261,1470.0138,11.616247,158.46701,0.05,12.328401,1228.573
+2C,380,2019,4,0.33889312,10.4635725,839.6711,11.624989,146.87634,0.05,12.292832,1140.5648
+2C,381,2015,4,0.41499153,7.850479,775.24457,8.398896,125.16697,0.05,8.761055,942.1662
+2C,381,2016,4,0.31904426,11.230795,566.04565,11.399592,120.29188,0.05,11.712847,909.9117
+2C,381,2017,4,0.284251,11.51123,511.52222,11.565864,120.868996,0.05,11.863899,915.8034
+2C,381,2018,4,0.3039637,12.276514,603.54083,12.864167,134.95122,0.05,13.385312,1007.735
+2C,381,2019,4,0.33519518,10.544081,613.36115,11.069061,122.32173,0.05,11.42011,921.6293
+2C,382,2015,4,0.57365173,11.31532,2105.7437,12.997363,231.21338,0.05,13.505745,1758.2277
+2C,382,2016,4,0.54148275,12.445876,2025.2344,14.032262,233.05617,0.05,14.613203,1771.5751
+2C,382,2017,4,0.5406621,11.854508,1987.347,13.261,229.93173,0.05,13.8848715,1750.1377
+2C,382,2018,4,0.3880245,16.92994,1413.5647,18.722523,227.37201,0.05,19.66699,1732.6085
+2C,382,2019,4,0.58040845,9.161655,2098.9314,10.117207,221.34718,0.05,10.52768,1689.318
+2C,383,2015,4,0.17225131,19.385073,428.9965,20.263287,154.11702,0.05,21.48706,1189.4946
+2C,383,2016,4,0.18764356,20.091967,477.5675,21.150887,158.3272,0.05,22.455029,1222.6349
+2C,383,2017,4,0.19247006,19.497065,483.45984,20.652042,155.85893,0.05,21.81973,1203.3574
+2C,383,2018,4,0.20912664,20.440468,533.16095,21.367832,163.61082,0.05,22.413963,1260.7623
+2C,383,2019,4,0.31795385,18.81221,857.48627,20.961538,172.74928,0.05,21.943504,1324.112
+2C,384,2015,4,0.24105401,12.522061,444.4483,13.97677,110.05482,0.05,14.738674,863.67786
+2C,384,2016,4,0.22129624,14.698586,393.81104,15.860095,112.68055,0.05,16.846449,880.9342
+2C,384,2017,4,0.25048056,13.05441,494.00934,13.770695,121.02796,0.05,14.265389,943.9866
+2C,384,2018,4,0.2486731,13.570988,447.43478,14.922341,110.901375,0.05,15.632674,868.4159
+2C,384,2019,4,0.24967967,11.40912,476.60944,12.66013,112.56882,0.05,13.272307,880.6179
+2C,385,2015,4,0.27704167,10.415153,452.30606,10.587979,111.74879,0.05,10.845668,843.32385
+2C,385,2016,4,0.3267947,9.348421,633.0504,9.095887,132.97725,0.05,9.321419,993.07056
+2C,385,2017,4,0.27684715,11.134945,489.32858,12.047123,120.951225,0.05,12.750542,908.0089
+2C,385,2018,4,0.30231726,11.564788,544.90497,11.971986,123.902794,0.05,12.161002,930.28125
+2C,385,2019,4,0.26621103,10.856117,399.57513,11.813049,105.308914,0.05,12.479648,802.54974
+2C,386,2015,4,0.22175486,12.484672,508.21173,13.289584,133.46912,0.05,13.836501,1036.7615
+2C,386,2016,4,0.22580975,13.696427,512.7011,14.72223,135.27095,0.05,15.450825,1051.8276
+2C,386,2017,4,0.21735497,10.818901,510.4533,11.322049,137.35838,0.05,11.722645,1067.1855
+2C,386,2018,4,0.23795103,11.9402075,598.5281,12.661949,145.38162,0.05,13.185437,1127.5095
+2C,386,2019,4,0.25495547,8.783536,637.7844,9.350877,141.95607,0.05,9.704647,1101.427
+2C,387,2015,4,0.42209604,11.878194,840.06946,12.36128,139.46292,0.05,12.846487,1047.4583
+2C,387,2016,4,0.3158086,14.071051,614.128,14.774113,135.58401,0.05,15.275624,1025.3578
+2C,387,2017,4,0.41927502,9.580988,877.1023,9.860865,138.25584,0.05,10.237969,1042.5134
+2C,387,2018,4,0.41187277,11.4098,884.3282,11.827264,149.1633,0.05,12.2710285,1114.4381
+2C,387,2019,4,0.4176897,9.9182625,903.4311,10.726191,143.68065,0.05,11.210174,1075.0168
+2C,388,2015,4,0.3367007,11.311423,572.38727,11.575888,123.29973,0.05,11.899286,923.92664
+2C,388,2016,4,0.28541636,13.130505,462.81476,13.967974,118.26586,0.05,14.55204,891.55896
+2C,388,2017,4,0.28981817,11.921426,501.72256,12.750211,121.06345,0.05,13.299662,908.5707
+2C,388,2018,4,0.3308601,10.215841,627.59247,9.977385,135.30959,0.05,10.145979,1005.6351
+2C,388,2019,4,0.32302824,11.124811,548.13025,11.49396,120.29516,0.05,11.799897,902.98083
+2C,389,2015,4,0.41182664,11.412916,1075.0166,12.41997,167.40518,0.05,12.868635,1244.3945
+2C,389,2016,4,0.47068366,8.351383,1314.119,9.427472,174.87148,0.05,9.829374,1295.6472
+2C,389,2017,4,0.49908033,6.089923,1398.5969,6.8717957,174.34073,0.05,7.16153,1295.8713
+2C,389,2018,4,0.37003103,10.952819,1041.4779,11.706781,175.41818,0.05,12.199121,1295.5203
+2C,389,2019,4,0.33821386,11.548595,929.4612,12.464883,171.8092,0.05,13.090262,1273.7795
+2C,390,2015,4,0.30532357,10.258964,537.71594,10.251457,120.90928,0.05,10.484869,909.9403
+2C,390,2016,4,0.3369414,9.456914,655.2301,9.509475,133.48082,0.05,9.800436,1000.7107
+2C,390,2017,4,0.29287952,11.929348,532.75037,12.826449,126.11053,0.05,13.513091,947.2621
+2C,390,2018,4,0.31866837,11.204756,624.9802,10.78846,134.62811,0.05,10.98927,1005.6021
+2C,390,2019,4,0.29105404,11.622525,466.2591,12.380119,113.73567,0.05,12.811283,867.17804
+2C,391,2015,4,0.31358978,9.697744,621.3678,9.525372,134.51445,0.05,9.699662,1000.80927
+2C,391,2016,4,0.30997008,9.57883,644.3786,9.704685,133.64317,0.05,9.893778,997.4511
+2C,391,2017,4,0.28889027,8.79063,547.4096,8.947901,124.53696,0.05,9.179427,936.09
+2C,391,2018,4,0.291184,9.274497,556.7718,9.286105,130.42299,0.05,9.485419,975.51996
+2C,391,2019,4,0.3174157,7.9319134,646.5078,7.7226167,129.65271,0.05,7.904828,969.5841
+2C,392,2015,4,0.33191508,8.909808,614.74286,8.828987,119.07726,0.05,9.012191,907.34033
+2C,392,2016,4,0.31737638,11.8467,573.60504,11.909647,118.716736,0.05,12.072248,899.72687
+2C,392,2017,4,0.24496989,12.935133,396.7111,14.165026,111.33698,0.05,14.913189,850.6397
+2C,392,2018,4,0.38137954,9.869858,729.8083,10.122041,130.98332,0.05,10.4039135,984.34314
+2C,392,2019,4,0.32064188,11.133403,607.13055,11.829478,124.897316,0.05,12.215885,943.2247
+2C,393,2015,4,0.42936084,11.071264,921.5939,11.705564,146.48479,0.05,12.250904,1097.9391
+2C,393,2016,4,0.36009187,13.395923,700.0547,14.21025,133.37393,0.05,14.645031,1010.2557
+2C,393,2017,4,0.4306556,10.157036,893.1502,10.859826,140.56511,0.05,11.362669,1057.4814
+2C,393,2018,4,0.41648638,11.001873,925.80914,11.209549,152.80228,0.05,11.66167,1144.386
+2C,393,2019,4,0.4116321,11.678963,858.5979,12.004073,144.41556,0.05,12.463608,1081.7188
+2C,394,2015,4,0.41548833,7.8995686,762.5145,8.26301,120.78984,0.05,8.592306,914.0097
+2C,394,2016,4,0.34387755,10.704436,618.0224,10.984593,119.91164,0.05,11.3255005,907.4353
+2C,394,2017,4,0.29218966,13.177369,468.15262,13.696247,112.28388,0.05,14.093919,854.6056
+2C,394,2018,4,0.3842961,10.427681,729.86835,10.579891,133.54953,0.05,10.9809475,999.89404
+2C,394,2019,4,0.40138513,9.169509,759.80786,9.542408,125.97248,0.05,9.949051,948.57587
+2C,395,2015,4,0.5308676,7.7481728,1463.367,8.369142,181.05081,0.05,8.750394,1360.6162
+2C,395,2016,4,0.5608318,7.40019,1581.705,7.68321,189.33022,0.05,8.10268,1418.9387
+2C,395,2017,4,0.5573352,6.8900023,1562.891,6.9315825,183.71785,0.05,7.2556987,1382.0559
+2C,395,2018,4,0.5628159,7.955109,1584.8091,8.254694,188.18,0.05,8.661716,1410.2764
+2C,395,2019,4,0.5522662,7.2601604,1598.5784,7.8959455,190.06377,0.05,8.321724,1423.3121
+2C,396,2015,4,0.1999739,11.819668,341.69556,12.833419,101.941284,0.05,13.598461,801.1575
+2C,396,2016,4,0.15539478,12.6295805,264.87387,13.142176,104.85423,0.05,13.949829,818.78253
+2C,396,2017,4,0.1599989,14.514435,276.55765,15.083809,109.71584,0.05,16.024567,854.0346
+2C,396,2018,4,0.19044359,12.324512,327.12106,13.24664,103.21447,0.05,14.040715,807.8082
+2C,396,2019,4,0.22763482,12.274476,402.61774,13.428249,107.38929,0.05,14.249546,836.66016
+2C,397,2015,4,0.5341535,6.593129,1623.6401,8.055143,184.72029,0.05,8.490467,1398.6023
+2C,397,2016,4,0.5564334,6.7800574,1699.6266,7.777434,189.71442,0.05,8.146827,1431.2167
+2C,397,2017,4,0.5463474,6.849688,1707.0339,8.107301,191.9718,0.05,8.517231,1445.97
+2C,397,2018,4,0.5276144,7.0100403,1609.0089,8.216124,185.20686,0.05,8.572407,1398.1302
+2C,397,2019,4,0.5125427,7.828777,1593.0298,9.171801,189.05568,0.05,9.613373,1426.3942
+2C,398,2015,4,0.23512106,12.100978,588.6507,13.112399,143.8216,0.05,13.6677065,1117.6256
+2C,398,2016,4,0.2445392,11.890979,661.3294,13.029703,153.44112,0.05,13.604994,1186.4158
+2C,398,2017,4,0.18686977,13.317951,473.41824,14.18502,145.17294,0.05,14.859594,1126.7296
+2C,398,2018,4,0.29317442,12.478722,776.7751,13.942181,152.69504,0.05,14.513022,1182.2032
+2C,398,2019,4,0.22048245,12.36083,569.48834,13.212883,148.30446,0.05,13.732004,1151.5333
+2C,399,2015,4,0.5962955,3.6595516,1947.2891,3.5945761,186.92477,0.05,3.5889235,1432.2146
+2C,399,2016,4,0.5400834,3.828278,1728.8728,4.186655,180.38564,0.05,4.23897,1386.0566
+2C,399,2017,4,0.5964016,3.2419305,1861.4005,3.5588837,174.71248,0.05,3.5851753,1344.9149
+2C,399,2018,4,0.53229654,1.7705029,1724.0574,1.8671829,178.60577,0.05,1.8884649,1371.291
+2C,399,2019,4,0.5131567,2.62881,1529.4895,2.962607,164.61559,0.05,3.0037591,1272.6982
+3C,0,2015,2,0.3952502,14.116617,935.3405,13.980379,470.6953,0.15,15.264168,1200.5726
+3C,0,2016,2,0.48955664,13.465921,1154.1837,14.296893,476.89963,0.15,16.361061,1215.0519
+3C,0,2017,2,0.46107736,14.001986,1056.6315,14.279985,473.66177,0.15,15.230188,1208.0723
+3C,0,2018,2,0.4119579,14.44076,926.6965,14.712774,454.55887,0.15,14.540574,1162.8131
+3C,0,2019,2,0.48370486,11.827709,1102.6315,12.391938,458.61316,0.15,13.120909,1173.0336
+3C,1,2015,2,0.59747714,5.769553,1736.9324,6.7523694,491.72665,0.15,7.8851275,1285.6368
+3C,1,2016,2,0.59250736,6.0508075,1753.2344,7.0352864,503.48694,0.15,8.239056,1314.5776
+3C,1,2017,2,0.5864273,6.016854,1720.731,7.110234,497.32034,0.15,8.208765,1299.1316
+3C,1,2018,2,0.5725859,6.335742,1704.5597,7.283426,510.83997,0.15,8.757418,1331.6694
+3C,1,2019,2,0.46186107,6.000792,1395.933,6.606014,507.05713,0.15,7.9333167,1321.5989
+3C,2,2015,2,0.5974318,0.19760972,2368.3691,0.19139028,715.54224,0.15,0.17864728,1808.7673
+3C,2,2016,2,0.57913774,1.3688498,2162.551,0.9973006,687.35333,0.15,0.82479626,1740.1001
+3C,2,2017,2,0.5917288,0.71649164,2300.3696,0.72646326,715.0118,0.15,0.7205227,1807.9469
+3C,2,2018,2,0.5973522,0.1253711,2443.6958,0.10556486,740.27026,0.15,0.10723777,1866.5634
+3C,2,2019,2,0.5915674,2.0771277,2292.5042,1.7317108,709.2075,0.15,1.5943269,1792.8486
+3C,3,2015,2,0.28853998,13.7478695,682.6875,13.506482,473.32678,0.15,14.791216,1212.5948
+3C,3,2016,2,0.38238707,13.910712,956.1584,13.701015,508.50504,0.15,12.914073,1298.395
+3C,3,2017,2,0.4982139,5.586422,1295.0265,4.9160094,513.9919,0.15,4.1959457,1312.3784
+3C,3,2018,2,0.4650545,10.233068,1215.2013,8.751739,512.97284,0.15,7.810039,1310.3148
+3C,3,2019,2,0.53871167,7.2952285,1427.8175,7.2679896,539.0771,0.15,6.7316837,1370.6854
+3C,4,2015,2,0.5430035,7.4644012,1391.2421,6.975795,496.8594,0.15,6.81347,1256.0061
+3C,4,2016,2,0.55616623,3.775202,1479.2026,3.1573327,508.07706,0.15,2.9517941,1282.5757
+3C,4,2017,2,0.5559582,2.4499528,1516.5049,1.8359365,509.34567,0.15,1.7010956,1287.8384
+3C,4,2018,2,0.4998958,9.288964,1234.0806,9.191899,480.8841,0.15,9.101381,1219.219
+3C,4,2019,2,0.41544318,10.87552,1021.5676,10.285717,485.20847,0.15,9.663282,1232.0078
+3C,5,2015,2,0.5940653,3.7097635,1426.3053,3.2184448,459.78287,0.15,3.0359678,1165.3829
+3C,5,2016,2,0.58020335,5.831203,1348.6211,5.7879925,454.4732,0.15,5.1852665,1153.5239
+3C,5,2017,2,0.591572,5.097206,1378.4662,3.7699823,457.3169,0.15,3.157826,1159.1757
+3C,5,2018,2,0.59515685,1.0201303,1486.0765,0.5206033,470.98987,0.15,0.42700922,1191.586
+3C,5,2019,2,0.5910007,2.5630636,1525.7388,1.466215,491.97827,0.15,1.1776468,1241.0502
+3C,6,2015,2,0.54793274,5.992887,1747.7911,6.060652,583.7013,0.15,6.9064207,1467.4503
+3C,6,2016,2,0.5586319,7.076473,1746.4875,6.815099,584.9199,0.15,7.858433,1472.4484
+3C,6,2017,2,0.56595236,6.1464877,1795.1699,5.932265,587.6172,0.15,6.863126,1482.0378
+3C,6,2018,2,0.5278328,7.246122,1635.2583,6.92704,573.91705,0.15,7.721326,1448.0465
+3C,6,2019,2,0.51243186,9.407309,1568.1261,9.065607,586.4041,0.15,10.59824,1477.1609
+3C,7,2015,2,0.4730469,8.410293,1322.5837,8.334593,522.3385,0.15,9.604007,1317.9163
+3C,7,2016,2,0.47531027,8.9318,1364.9402,8.686485,535.5004,0.15,9.968035,1350.2942
+3C,7,2017,2,0.4584305,6.2893667,1395.3506,6.1272264,542.04205,0.15,6.956774,1367.8866
+3C,7,2018,2,0.37203586,11.837154,977.177,11.304063,508.60022,0.15,13.055667,1287.8577
+3C,7,2019,2,0.2799954,12.773321,775.7334,11.731798,533.3958,0.15,14.039194,1347.1703
+3C,8,2015,2,0.56689095,5.1408496,1892.6843,5.2443743,593.9944,0.15,5.613032,1498.8971
+3C,8,2016,2,0.56831676,6.185898,1887.4044,6.29873,601.3627,0.15,6.931595,1522.3551
+3C,8,2017,2,0.58596367,4.1929464,2028.9058,4.2218294,612.67596,0.15,4.4062243,1547.178
+3C,8,2018,2,0.54586685,6.2554035,1779.584,6.472999,580.895,0.15,7.0274506,1471.1487
+3C,8,2019,2,0.5576858,5.2595043,1768.2468,5.3000174,561.49994,0.15,5.6917906,1426.2849
+3C,9,2015,2,0.5577364,6.754875,1167.069,6.4448295,416.89874,0.15,6.075851,1062.7687
+3C,9,2016,2,0.47037476,9.544738,998.169,9.895519,425.9336,0.15,10.209786,1083.6792
+3C,9,2017,2,0.5445543,7.4466686,1150.2816,7.111569,421.91458,0.15,6.418184,1078.3936
+3C,9,2018,2,0.48979092,8.759777,1075.5863,9.182303,435.23474,0.15,9.673675,1106.61
+3C,9,2019,2,0.5333135,7.7937875,1203.0474,8.036977,447.5549,0.15,8.164451,1133.9756
+3C,10,2015,2,0.49448422,7.7395563,1250.6517,6.9707217,487.6178,0.15,6.321705,1236.6029
+3C,10,2016,2,0.507439,6.5930743,1307.1182,5.9778924,504.64117,0.15,5.4593325,1274.6527
+3C,10,2017,2,0.49922734,3.71411,1336.6111,2.9849365,504.6866,0.15,2.7305439,1278.3085
+3C,10,2018,2,0.37449816,11.200642,915.51404,10.861524,479.8559,0.15,13.001638,1216.6687
+3C,10,2019,2,0.3532077,10.868766,865.2391,10.568335,479.86606,0.15,12.804194,1219.7761
+3C,11,2015,2,0.51349545,9.680091,1421.2422,8.758248,543.7918,0.15,8.109959,1377.4374
+3C,11,2016,2,0.52836907,5.3261094,1626.959,4.4549146,586.3591,0.15,3.9753456,1477.5679
+3C,11,2017,2,0.58948386,2.1916182,1855.6456,1.7798971,586.67126,0.15,1.5941767,1479.252
+3C,11,2018,2,0.5574496,10.203301,1609.0488,10.093369,582.3763,0.15,10.208798,1468.939
+3C,11,2019,2,0.56495124,2.4383647,1820.3751,1.7821414,597.29663,0.15,1.3826506,1505.1737
+3C,12,2015,2,0.51049936,7.7330413,1217.947,6.783988,465.96756,0.15,6.166166,1181.3582
+3C,12,2016,2,0.4825032,8.59816,1192.3237,7.413048,495.7749,0.15,6.985709,1250.454
+3C,12,2017,2,0.47539562,4.0431013,1229.2996,3.4321604,493.10178,0.15,2.9935284,1247.7926
+3C,12,2018,2,0.40981406,10.058281,1013.33905,10.077326,472.5121,0.15,12.063443,1197.8049
+3C,12,2019,2,0.38160098,10.218452,903.21185,10.086325,467.1394,0.15,11.293418,1185.5764
+3C,13,2015,2,0.59515816,0.4106419,2299.9553,0.39503098,697.12427,0.15,0.36985496,1762.3192
+3C,13,2016,2,0.57098377,3.9599633,2063.9573,2.7791598,676.3762,0.15,2.2920306,1711.0664
+3C,13,2017,2,0.5858591,2.4285684,2156.1611,2.3888514,682.2141,0.15,2.389547,1727.5032
+3C,13,2018,2,0.593062,0.8529259,2347.1372,0.6790859,718.88495,0.15,0.5923016,1812.2028
+3C,13,2019,2,0.5834091,4.848346,2151.1707,3.6117043,682.63684,0.15,2.8820653,1725.91
+3C,14,2015,2,0.33497772,10.060626,1162.7966,9.268366,620.33057,0.15,9.724882,1591.2325
+3C,14,2016,2,0.3756581,11.41786,1297.0557,11.537555,618.1283,0.15,11.735113,1585.2234
+3C,14,2017,2,0.2710331,12.751997,913.72064,11.787962,600.0849,0.15,13.215647,1540.8881
+3C,14,2018,2,0.26660568,9.877327,912.1643,9.201425,598.7121,0.15,10.19497,1538.5457
+3C,14,2019,2,0.45104316,7.118228,1503.7765,5.8895655,597.84576,0.15,4.954842,1535.142
+3C,15,2015,2,0.3913862,8.994527,898.04895,8.914639,446.6974,0.15,10.295144,1137.324
+3C,15,2016,2,0.3280654,9.868544,800.4977,9.41782,473.61563,0.15,11.637377,1199.2716
+3C,15,2017,2,0.37035242,8.944072,884.0699,8.7561245,477.15274,0.15,10.818962,1208.5215
+3C,15,2018,2,0.37622592,8.273907,878.8783,8.369874,433.99188,0.15,8.822975,1104.8087
+3C,15,2019,2,0.30456924,9.192702,727.89026,8.843015,451.46072,0.15,10.872043,1148.3337
+3C,16,2015,2,0.52247095,12.347912,1366.7366,13.204136,511.74017,0.15,13.838491,1300.6068
+3C,16,2016,2,0.59294677,9.45211,1680.4471,7.4615793,546.3169,0.15,6.1240854,1384.1213
+3C,16,2017,2,0.5162894,10.848451,1379.8112,11.616481,516.018,0.15,13.704007,1309.6682
+3C,16,2018,2,0.5669229,12.458508,1425.2253,13.422848,496.13235,0.15,13.013795,1265.6168
+3C,16,2019,2,0.5756937,11.846043,1477.1836,12.605503,507.35864,0.15,12.019422,1291.4137
+3C,17,2015,2,0.5937329,0.79055554,1928.7642,0.7581764,516.33685,0.15,0.7404909,1347.8456
+3C,17,2016,2,0.5330475,1.8435618,1770.7802,1.7758366,532.44635,0.15,1.5504941,1388.8834
+3C,17,2017,2,0.5058763,3.599528,1634.6722,3.672133,528.0318,0.15,3.9290252,1377.1171
+3C,17,2018,2,0.5165576,3.607208,1673.1907,3.720055,527.61505,0.15,3.6178243,1374.8263
+3C,17,2019,2,0.5708405,2.8470216,1827.3607,2.9153674,523.21326,0.15,2.8567195,1362.8328
+3C,18,2015,2,0.5715222,4.027913,1712.1002,4.734293,494.6582,0.15,5.129394,1287.1188
+3C,18,2016,2,0.26550904,7.650707,833.7937,7.7040167,509.94025,0.15,8.909887,1323.8544
+3C,18,2017,2,0.13481635,8.200057,406.73343,7.625845,483.4132,0.15,9.035728,1259.3136
+3C,18,2018,2,0.15293658,7.857759,487.91528,7.422875,507.25742,0.15,8.819827,1316.2513
+3C,18,2019,2,0.45318443,6.330135,1488.7045,7.383608,540.1401,0.15,8.486462,1399.526
+3C,19,2015,2,0.25512463,17.54166,649.7168,16.701717,498.43558,0.15,19.369995,1276.2644
+3C,19,2016,2,0.25132677,20.266586,681.2255,18.78044,553.2436,0.15,22.029781,1411.5782
+3C,19,2017,2,0.31813982,20.025257,806.5367,19.100065,539.8982,0.15,22.430075,1381.6083
+3C,19,2018,2,0.4609204,13.336941,1239.364,13.792847,526.0253,0.15,14.406051,1348.1237
+3C,19,2019,2,0.5882223,9.244882,1737.428,9.411298,571.13696,0.15,9.832096,1454.7317
+3C,20,2015,2,0.59307086,1.3707434,2249.2114,0.8562865,646.0681,0.15,0.67143935,1661.6808
+3C,20,2016,2,0.5732376,11.485195,1939.448,9.465618,636.4104,0.15,8.804775,1637.6936
+3C,20,2017,2,0.4609838,17.328587,1494.7584,18.268986,628.5663,0.15,19.127415,1619.213
+3C,20,2018,2,0.59668404,5.6106396,2189.6228,3.5705414,666.74396,0.15,2.544733,1711.506
+3C,20,2019,2,0.31486833,13.381544,1135.863,12.23779,647.4183,0.15,12.246977,1665.095
+3C,21,2015,2,0.5123622,10.008871,1219.3175,11.011775,459.12506,0.15,12.951682,1170.7894
+3C,21,2016,2,0.53602874,9.339085,1267.4558,10.292433,458.64267,0.15,11.612771,1170.5913
+3C,21,2017,2,0.46148604,10.75386,1069.7175,11.292762,456.27713,0.15,13.619959,1164.7317
+3C,21,2018,2,0.30417264,11.491835,668.42206,11.107892,423.9183,0.15,13.507339,1087.2601
+3C,21,2019,2,0.52211934,10.89464,1188.8237,11.708473,451.99957,0.15,13.412179,1156.2367
+3C,22,2015,2,0.37235385,5.8861876,1030.8,5.6983886,479.17227,0.15,5.6947255,1222.2697
+3C,22,2016,2,0.49916437,7.7550287,1323.0929,8.5368,474.1366,0.15,9.189896,1210.3336
+3C,22,2017,2,0.48524582,3.9982934,1316.1947,3.737128,469.30585,0.15,3.568672,1197.3025
+3C,22,2018,2,0.4603142,7.929916,1280.1636,8.345285,501.19775,0.15,9.0851755,1273.2421
+3C,22,2019,2,0.55543256,2.4629958,1535.9519,1.8403723,492.80283,0.15,1.7027309,1253.3826
+3C,23,2015,2,0.5828822,1.411396,1725.2096,1.4721726,517.4894,0.15,1.6325973,1318.5674
+3C,23,2016,2,0.5490675,3.879973,1546.0345,3.5141397,509.8922,0.15,3.378522,1298.3744
+3C,23,2017,2,0.5680465,2.8880525,1679.9275,2.7254848,528.15686,0.15,2.767271,1339.9075
+3C,23,2018,2,0.5691721,4.0526347,1625.367,3.3911893,516.05347,0.15,3.178475,1314.4305
+3C,23,2019,2,0.56705016,2.100215,1678.6543,1.981744,522.0961,0.15,2.0316374,1328.807
+3C,24,2015,2,0.3384301,8.192698,1040.7781,8.016084,540.3149,0.15,7.2742314,1396.0327
+3C,24,2016,2,0.40371126,12.642054,1318.5287,12.349182,593.50116,0.15,13.372439,1527.2338
+3C,24,2017,2,0.22184028,16.15645,688.3993,14.921145,565.22974,0.15,17.803709,1457.1416
+3C,24,2018,2,0.5504549,5.623034,1871.4756,5.3267255,593.21533,0.15,5.1707897,1527.0267
+3C,24,2019,2,0.44308808,11.763877,1426.6202,11.742956,587.9252,0.15,13.507322,1513.1691
+3C,25,2015,2,0.5304987,5.7467027,1059.2643,5.0203743,396.15863,0.15,4.6841874,1004.61707
+3C,25,2016,2,0.4265616,7.651784,867.7463,7.5723224,401.33694,0.15,7.613623,1018.4871
+3C,25,2017,2,0.5018064,5.8784313,1031.2151,5.0057454,400.75272,0.15,4.478106,1018.85754
+3C,25,2018,2,0.5090287,6.3656116,1119.7517,5.6287155,430.85245,0.15,5.1723394,1086.4983
+3C,25,2019,2,0.49846113,5.1843157,1029.7705,4.480627,405.10535,0.15,3.9331324,1024.7396
+3C,26,2015,2,0.57515913,4.810131,1277.644,3.7181723,439.51562,0.15,3.317273,1109.978
+3C,26,2016,2,0.5681838,5.04263,1206.5852,4.5740404,409.93716,0.15,4.206722,1041.9465
+3C,26,2017,2,0.5866477,1.9612503,1322.8142,1.2159356,428.3332,0.15,0.9444077,1083.8418
+3C,26,2018,2,0.58723336,1.6057923,1394.72,1.0553803,459.70627,0.15,0.8443146,1159.1326
+3C,26,2019,2,0.57655454,2.8031178,1362.1804,1.9371618,455.81775,0.15,1.6294757,1148.5979
+3C,27,2015,2,0.54320467,6.8759384,1584.979,6.9624457,547.3133,0.15,7.759172,1379.2145
+3C,27,2016,2,0.5567965,5.8545914,1672.5345,5.6407037,553.03766,0.15,6.2462707,1393.104
+3C,27,2017,2,0.55670464,4.09808,1733.4332,3.9881737,560.07294,0.15,4.526765,1412.255
+3C,27,2018,2,0.5228545,7.898039,1482.8981,7.6109505,534.1077,0.15,8.1674595,1350.5314
+3C,27,2019,2,0.49988967,9.405874,1479.9626,9.21349,569.92883,0.15,10.13881,1433.5226
+3C,28,2015,2,0.5885553,4.47328,1783.753,4.2812686,564.08307,0.15,4.273241,1421.3406
+3C,28,2016,2,0.5878101,3.5585957,1800.933,2.9469476,563.92505,0.15,2.9833057,1420.5715
+3C,28,2017,2,0.5784556,4.7320156,1792.6704,4.489665,576.949,0.15,4.5840607,1454.0568
+3C,28,2018,2,0.58042085,5.812744,1694.1302,5.3634562,547.9955,0.15,5.568474,1386.1876
+3C,28,2019,2,0.56494576,6.4072323,1711.2828,6.379864,577.68896,0.15,6.779763,1454.0632
+3C,29,2015,2,0.47248212,9.489389,1317.5902,9.461502,530.1538,0.15,10.752136,1338.3518
+3C,29,2016,2,0.5323649,5.936145,1551.5085,5.889063,527.44476,0.15,6.6790648,1332.7593
+3C,29,2017,2,0.49051797,5.996615,1476.3398,5.8334513,542.10315,0.15,6.5736384,1367.3856
+3C,29,2018,2,0.4534836,7.7902117,1267.1617,7.5974674,510.56198,0.15,8.40141,1292.4476
+3C,29,2019,2,0.3012073,13.415514,848.6194,12.487078,542.94885,0.15,14.91708,1368.8076
+3C,30,2015,2,0.5579658,3.7934318,1711.6273,4.02797,526.59155,0.15,4.9467363,1365.8751
+3C,30,2016,2,0.4182454,3.2710204,1275.5404,3.4535148,504.0007,0.15,4.1900945,1308.936
+3C,30,2017,2,0.50665146,2.9718037,1594.0105,3.3149297,523.9702,0.15,4.0182114,1356.5343
+3C,30,2018,2,0.58713174,3.6297843,1806.4802,3.9916775,528.4595,0.15,4.8365135,1367.6361
+3C,30,2019,2,0.56824344,3.4066532,1775.5426,3.840492,533.9341,0.15,4.6789656,1382.1437
+3C,31,2015,2,0.51131964,8.821269,1833.8071,8.261264,630.2542,0.15,8.541098,1623.0978
+3C,31,2016,2,0.5324754,4.89801,1956.2795,3.4399707,623.1439,0.15,2.699029,1605.3417
+3C,31,2017,2,0.4377836,14.949999,1457.2181,14.867882,617.70874,0.15,17.045914,1592.854
+3C,31,2018,2,0.58872527,6.5512133,2146.8142,4.6553087,649.3514,0.15,3.716472,1669.5426
+3C,31,2019,2,0.4541674,12.015856,1586.9882,11.845458,618.8735,0.15,12.966259,1597.0513
+3C,32,2015,2,0.5481979,6.779178,1762.4865,7.4182343,557.734,0.15,8.721679,1415.0049
+3C,32,2016,2,0.45556754,8.498886,1461.4087,8.676058,571.74207,0.15,10.219462,1445.6526
+3C,32,2017,2,0.5643289,5.759456,1884.8489,6.085846,589.47003,0.15,7.065197,1487.2622
+3C,32,2018,2,0.5001898,6.3918405,1667.1674,6.658213,576.1613,0.15,7.5437846,1454.6816
+3C,32,2019,2,0.5016764,7.526414,1686.1064,7.862648,585.0434,0.15,8.992653,1478.0267
+3C,33,2015,2,0.5764534,4.3716164,1265.2761,5.0483236,374.2992,0.15,5.7163506,971.93274
+3C,33,2016,2,0.58660096,4.732283,1345.3575,5.444028,397.4365,0.15,6.141,1027.8762
+3C,33,2017,2,0.5468537,3.9307532,1257.558,4.425863,391.80383,0.15,4.877669,1012.8484
+3C,33,2018,2,0.5836051,4.1944766,1328.4768,4.748918,391.66754,0.15,5.303073,1014.9538
+3C,33,2019,2,0.59805334,2.8842602,1433.3245,3.207147,402.6972,0.15,3.4958012,1042.922
+3C,34,2015,2,0.5522537,11.794332,1768.9011,12.582199,575.3271,0.15,14.092917,1494.1901
+3C,34,2016,2,0.57200754,12.875439,1783.3279,14.134228,569.0917,0.15,16.499449,1476.6466
+3C,34,2017,2,0.5941159,12.352345,1844.4169,13.585044,567.7239,0.15,15.449115,1472.4323
+3C,34,2018,2,0.5575415,12.596782,1785.5874,13.754276,579.71405,0.15,15.970818,1502.176
+3C,34,2019,2,0.4881955,14.163009,1567.2258,15.061533,584.0563,0.15,17.548883,1513.888
+3C,35,2015,2,0.34868926,8.630799,642.77686,9.179078,323.89218,0.15,10.6937,849.34424
+3C,35,2016,2,0.36130872,9.184974,654.8783,9.631062,329.56488,0.15,11.310656,861.3599
+3C,35,2017,2,0.3914793,9.334206,752.49756,9.989026,348.3713,0.15,11.777288,910.0256
+3C,35,2018,2,0.48607278,8.795447,902.8193,9.946425,336.09082,0.15,11.524262,878.92944
+3C,35,2019,2,0.44563726,8.460628,872.55066,9.434182,350.46573,0.15,11.097351,911.5582
+3C,36,2015,2,0.55509466,5.267777,1418.5117,4.439302,497.93237,0.15,4.023953,1256.1355
+3C,36,2016,2,0.55941933,4.2237563,1526.6542,3.7058024,522.46094,0.15,3.540346,1315.1836
+3C,36,2017,2,0.56964034,1.0279466,1582.2443,0.9712845,506.44763,0.15,0.96334064,1279.5101
+3C,36,2018,2,0.56718624,4.742926,1501.6388,3.957985,494.37982,0.15,3.7385573,1252.376
+3C,36,2019,2,0.46213037,8.646886,1158.5148,7.8485208,487.3771,0.15,7.6133256,1234.4506
+3C,37,2015,2,0.58558303,3.3452353,1264.2883,2.537438,410.10367,0.15,2.2331264,1045.4758
+3C,37,2016,2,0.5219609,9.927972,1100.3435,10.429489,431.0036,0.15,11.604608,1094.3209
+3C,37,2017,2,0.58443254,3.0740218,1344.5394,2.4408112,438.107,0.15,2.2288098,1113.993
+3C,37,2018,2,0.5602014,9.615417,1256.8982,8.7578945,446.48956,0.15,8.038144,1130.9109
+3C,37,2019,2,0.57330877,7.2447176,1313.8612,7.4742703,455.67462,0.15,7.624653,1151.7733
+3C,38,2015,2,0.57942206,3.732142,2053.3206,3.3776824,604.4233,0.15,3.2419934,1559.7137
+3C,38,2016,2,0.5869464,5.648485,2047.7036,5.3241887,593.86237,0.15,5.097795,1534.48
+3C,38,2017,2,0.5564532,3.1406417,1914.3529,2.6603992,567.57446,0.15,2.5139654,1473.887
+3C,38,2018,2,0.59030235,3.639471,2055.0598,3.896821,585.8856,0.15,3.975541,1515.3708
+3C,38,2019,2,0.5119397,2.9984422,1769.139,2.6911604,566.7526,0.15,2.4926324,1469.7485
+3C,39,2015,2,0.5706234,2.694354,1386.6835,3.0718753,402.37576,0.15,3.3578339,1041.107
+3C,39,2016,2,0.532516,3.1564682,1336.21,3.4026587,418.39932,0.15,3.5382788,1080.3776
+3C,39,2017,2,0.57595617,2.779256,1440.2571,3.0266523,422.2502,0.15,3.2686365,1086.3096
+3C,39,2018,2,0.579255,1.6553166,1531.3665,1.8077003,434.2645,0.15,1.9463383,1119.74
+3C,39,2019,2,0.58572006,1.4140191,1563.4761,1.4145292,439.27747,0.15,1.42709,1131.796
+3C,40,2015,2,0.4066508,5.4620667,1387.4431,4.485574,577.09937,0.15,3.8900166,1484.7975
+3C,40,2016,2,0.29696974,11.500577,880.73846,11.010265,514.6552,0.15,12.441942,1335.2545
+3C,40,2017,2,0.18962269,13.626059,569.74115,12.6012745,527.12115,0.15,15.101962,1365.0498
+3C,40,2018,2,0.36026886,11.903765,1158.657,12.298065,561.0726,0.15,14.43475,1446.5958
+3C,40,2019,2,0.18213533,13.982389,583.6073,12.791752,561.85345,0.15,15.235302,1448.7322
+3C,41,2015,2,0.5838226,2.2366674,1519.7665,2.3312871,435.6223,0.15,2.5155714,1119.9202
+3C,41,2016,2,0.5685136,3.6353116,1483.1858,3.9906096,446.20822,0.15,4.2106605,1146.2844
+3C,41,2017,2,0.5551384,2.5284564,1489.1488,2.7233748,451.02063,0.15,2.8939686,1154.4922
+3C,41,2018,2,0.53134316,3.5207958,1467.8806,3.7449815,470.40524,0.15,4.119367,1204.029
+3C,41,2019,2,0.57534236,2.3840094,1556.3423,2.5192156,454.75693,0.15,2.633802,1166.2256
+3C,42,2015,2,0.54622304,8.725781,1868.0232,9.493048,595.9067,0.15,11.143088,1546.3058
+3C,42,2016,2,0.5704716,9.672995,1959.0983,10.60195,609.3666,0.15,12.674333,1579.2137
+3C,42,2017,2,0.59378684,9.28778,2036.6168,10.173946,610.80176,0.15,11.837383,1581.848
+3C,42,2018,2,0.5365946,9.261282,1890.411,9.918346,618.20856,0.15,11.695686,1600.0358
+3C,42,2019,2,0.5497308,8.91774,1929.2219,9.629095,614.2123,0.15,11.27859,1591.3065
+3C,43,2015,2,0.3919511,13.013393,1338.8713,12.806275,633.7303,0.15,14.6581545,1630.4789
+3C,43,2016,2,0.3176294,12.968039,1179.5482,12.424263,672.021,0.15,15.044956,1724.2794
+3C,43,2017,2,0.29656976,12.55195,1090.6375,12.022846,657.8977,0.15,14.618862,1690.7704
+3C,43,2018,2,0.3245184,12.769142,1197.6327,12.22148,667.63617,0.15,14.077375,1714.0675
+3C,43,2019,2,0.3399525,12.786481,1250.5576,12.320123,664.9341,0.15,14.826011,1707.4517
+3C,44,2015,2,0.5607433,5.3778696,1436.0042,4.583888,497.31076,0.15,4.197578,1254.5514
+3C,44,2016,2,0.5649005,4.619703,1537.6515,4.0311456,521.77167,0.15,3.8763862,1313.4233
+3C,44,2017,2,0.5728325,1.4232662,1581.6992,1.3114274,505.84317,0.15,1.3237165,1277.9706
+3C,44,2018,2,0.57031727,5.1342244,1507.9506,4.32068,493.80826,0.15,4.0290008,1250.909
+3C,44,2019,2,0.44755244,9.978085,1100.3022,9.36514,487.11597,0.15,9.281928,1233.7891
+3C,45,2015,2,0.42467678,5.8265114,1310.9948,6.2405148,529.02594,0.15,7.5514636,1371.8263
+3C,45,2016,2,0.43638465,5.800824,1407.4333,6.2144732,552.71497,0.15,7.536412,1429.0546
+3C,45,2017,2,0.43797758,5.912133,1333.5635,6.409021,524.95605,0.15,7.7600946,1363.775
+3C,45,2018,2,0.3879041,5.8160405,1225.2482,6.092377,542.7614,0.15,7.375649,1404.467
+3C,45,2019,2,0.3862555,5.906683,1148.9099,6.2391405,505.0799,0.15,7.5318556,1314.6561
+3C,46,2015,2,0.56183213,2.3607495,1470.7278,2.4144382,437.63077,0.15,2.5677207,1123.7731
+3C,46,2016,2,0.5399638,4.1488805,1439.8745,4.5321803,456.80908,0.15,5.006211,1171.2471
+3C,46,2017,2,0.579328,1.611739,1569.9937,1.7667267,454.4114,0.15,1.926969,1161.7216
+3C,46,2018,2,0.5711864,2.320366,1616.6527,2.4767444,480.27026,0.15,2.6796517,1225.7919
+3C,46,2019,2,0.58594984,1.4845716,1647.4094,1.4869484,470.3584,0.15,1.5398399,1201.9371
+3C,47,2015,2,0.5938668,1.9486965,2350.6519,1.4130299,700.19507,0.15,1.3244053,1785.5453
+3C,47,2016,2,0.53788626,11.453793,1930.926,10.765756,666.86346,0.15,10.774218,1702.2563
+3C,47,2017,2,0.58303964,0.97481424,2267.3318,0.97617984,689.35614,0.15,0.9455194,1758.875
+3C,47,2018,2,0.59770596,4.111282,2438.7217,3.3465269,729.33936,0.15,2.6646729,1853.2653
+3C,47,2019,2,0.592847,2.6899154,2300.723,2.35141,683.19434,0.15,2.088072,1744.7478
+3C,48,2015,2,0.458298,6.117048,1056.6096,6.2430525,437.9861,0.15,6.2629466,1117.6277
+3C,48,2016,2,0.53117514,3.1014197,1311.6528,2.3229172,453.67935,0.15,1.9568267,1155.4232
+3C,48,2017,2,0.44049615,7.4543023,1004.804,7.7165303,444.82712,0.15,8.772565,1132.7689
+3C,48,2018,2,0.47248006,5.8423967,1006.59296,5.0629473,399.13934,0.15,4.4570656,1025.3347
+3C,48,2019,2,0.4807474,5.234933,1119.5665,4.43305,434.9005,0.15,3.9194727,1113.4427
+3C,49,2015,2,0.43410382,9.923127,1034.6638,10.138267,464.16516,0.15,12.216219,1180.3179
+3C,49,2016,2,0.37519428,11.240462,925.99365,10.960348,485.9148,0.15,13.507633,1230.9309
+3C,49,2017,2,0.47301495,9.844357,1173.1476,9.078681,494.52658,0.15,8.3584795,1254.5536
+3C,49,2018,2,0.37910604,10.118114,925.2198,10.071174,460.94308,0.15,11.5849085,1174.3971
+3C,49,2019,2,0.3591279,10.462866,855.7822,10.455507,456.97836,0.15,9.972665,1165.3749
+3C,50,2015,2,0.58117515,7.203699,1952.8625,6.9741583,598.793,0.15,6.6051936,1536.4863
+3C,50,2016,2,0.22609197,8.805275,733.349,8.339457,547.4238,0.15,10.093695,1415.6088
+3C,50,2017,2,0.27864027,8.658369,954.02893,8.445604,581.2389,0.15,10.228418,1496.8973
+3C,50,2018,2,0.37983564,8.114924,1350.0327,8.430979,606.8297,0.15,10.21269,1556.5828
+3C,50,2019,2,0.36665678,7.9299903,1221.0243,8.078579,568.96606,0.15,9.7797165,1465.4153
+3C,51,2015,2,0.59181744,5.050351,1391.2966,4.4074697,452.42493,0.15,4.1703176,1146.665
+3C,51,2016,2,0.58993626,5.8896246,1418.3279,5.671229,455.96457,0.15,5.5768576,1157.5417
+3C,51,2017,2,0.5892761,6.510257,1405.5806,6.658416,461.72906,0.15,6.478248,1170.6278
+3C,51,2018,2,0.5784507,4.795659,1418.2882,3.9160998,464.03406,0.15,3.4795697,1177.2683
+3C,51,2019,2,0.5913673,6.563938,1482.8237,7.0920925,475.46796,0.15,7.5460835,1205.8367
+3C,52,2015,2,0.3990061,7.029777,1117.6172,6.869949,503.36224,0.15,8.460248,1294.4934
+3C,52,2016,2,0.3368224,7.064214,1078.6804,6.584748,570.8513,0.15,8.129487,1462.1938
+3C,52,2017,2,0.30693594,6.5787234,966.7596,6.2296796,549.9846,0.15,7.6734905,1408.7983
+3C,52,2018,2,0.39370498,7.0877566,1195.995,6.812915,546.2292,0.15,8.205428,1404.1914
+3C,52,2019,2,0.3659937,6.3987155,1160.3184,6.292742,548.4204,0.15,7.7270117,1408.4907
+3C,53,2015,2,0.59763044,2.2745194,1713.0378,2.6271827,471.76364,0.15,2.9024491,1224.0249
+3C,53,2016,2,0.23095573,3.6086779,675.6188,3.5140631,466.21954,0.15,4.1967616,1210.1254
+3C,53,2017,2,0.17386737,3.9924173,521.82947,3.7460701,474.0761,0.15,4.4680457,1231.0924
+3C,53,2018,2,0.38606098,3.7276337,1091.8374,4.0116725,458.20145,0.15,4.815878,1190.8889
+3C,53,2019,2,0.56828684,3.2879217,1650.4287,3.8638258,483.52426,0.15,4.5315742,1253.9451
+3C,54,2015,2,0.24743225,15.512366,872.685,14.775618,636.8407,0.15,17.879108,1638.2579
+3C,54,2016,2,0.2529096,14.875573,879.39264,14.358343,628.81195,0.15,17.303068,1619.625
+3C,54,2017,2,0.19417717,16.0399,667.92236,14.756526,633.84204,0.15,17.913666,1631.0541
+3C,54,2018,2,0.23146012,15.79473,796.05853,14.87732,632.22205,0.15,18.047752,1628.2708
+3C,54,2019,2,0.19218607,14.919872,654.784,13.885434,611.3466,0.15,16.756107,1577.0121
+3C,55,2015,2,0.5979866,2.0870156,2125.1985,1.8814051,589.6728,0.15,1.7302351,1514.1447
+3C,55,2016,2,0.4289767,4.755232,1539.0929,5.1286464,587.9621,0.15,5.7486434,1506.0735
+3C,55,2017,2,0.5892139,5.399567,1937.9585,6.312157,562.4119,0.15,7.2223372,1446.4275
+3C,55,2018,2,0.5878273,4.249048,1966.2294,5.312077,561.9662,0.15,5.99929,1442.8347
+3C,55,2019,2,0.42398366,3.3026896,1400.7126,3.40595,532.4931,0.15,3.4006922,1374.6296
+3C,56,2015,2,0.4217288,10.636474,932.23975,10.836498,437.81146,0.15,10.505769,1118.0236
+3C,56,2016,2,0.46707848,6.434543,1118.7084,5.0649896,466.74652,0.15,4.3639703,1186.8977
+3C,56,2017,2,0.40308508,10.338012,926.825,9.685787,454.32178,0.15,8.511777,1156.5092
+3C,56,2018,2,0.40734413,9.973927,879.61285,8.946559,427.73782,0.15,7.584496,1094.2987
+3C,56,2019,2,0.40973148,8.659278,890.37134,8.362348,431.61264,0.15,7.128362,1104.3134
+3C,57,2015,2,0.32573012,7.232051,1099.1913,7.233397,645.46967,0.15,7.5959888,1652.2578
+3C,57,2016,2,0.38153043,8.822378,1292.052,8.935656,674.8065,0.15,8.883818,1723.0509
+3C,57,2017,2,0.35248977,10.108701,1129.9573,10.159419,643.46423,0.15,10.576561,1647.8762
+3C,57,2018,2,0.2555283,11.054349,824.0599,10.711412,659.6601,0.15,11.532505,1687.0342
+3C,57,2019,2,0.21249437,11.503476,654.21027,10.5226755,623.08496,0.15,12.837116,1600.1664
+3C,58,2015,2,0.5965938,2.211368,2323.23,2.1843274,686.7989,0.15,2.3928099,1741.3138
+3C,58,2016,2,0.56996083,6.9693875,2032.6265,6.1632986,654.30176,0.15,6.097005,1661.0642
+3C,58,2017,2,0.5908596,6.035737,2165.6516,6.0716157,670.593,0.15,6.5527496,1702.7046
+3C,58,2018,2,0.5940032,2.6248732,2348.83,2.4787931,700.772,0.15,2.6071198,1773.264
+3C,58,2019,2,0.5796013,5.3535376,2141.5286,4.415721,664.56177,0.15,4.0990076,1686.9236
+3C,59,2015,2,0.33567366,5.9243765,1123.8802,5.792873,596.9915,0.15,7.06148,1540.6218
+3C,59,2016,2,0.28911957,5.6767163,1039.8876,5.489875,625.81335,0.15,6.664789,1609.5406
+3C,59,2017,2,0.2983506,5.8200307,1095.7537,5.614671,638.85266,0.15,6.836226,1642.9484
+3C,59,2018,2,0.31235084,6.048377,1131.0239,5.862536,637.07385,0.15,7.047556,1639.8336
+3C,59,2019,2,0.3336662,5.9332457,1221.0911,5.854215,639.45435,0.15,7.1186333,1644.774
+3C,60,2015,2,0.113248065,9.533878,356.51547,8.428076,522.0704,0.15,10.19597,1358.191
+3C,60,2016,2,0.14786968,8.835678,462.09158,8.169895,511.7876,0.15,9.784977,1333.5251
+3C,60,2017,2,0.12039642,9.131886,390.2564,8.215101,532.40674,0.15,9.87764,1383.2245
+3C,60,2018,2,0.13283798,9.1528635,455.12207,8.256658,561.0926,0.15,9.950738,1453.3041
+3C,60,2019,2,0.10867795,9.011433,344.90674,8.006808,519.66656,0.15,9.602087,1351.3124
+3C,61,2015,2,0.5917697,2.7687216,2090.7078,2.410072,604.25995,0.15,2.3354077,1555.2102
+3C,61,2016,2,0.4778482,17.66736,1388.0963,17.396538,573.08093,0.15,19.46989,1477.3002
+3C,61,2017,2,0.56078315,13.620862,1701.6904,13.178597,586.72876,0.15,12.915234,1510.9368
+3C,61,2018,2,0.59454525,10.970964,1890.0057,11.362082,591.2356,0.15,12.369981,1522.039
+3C,61,2019,2,0.5969121,5.2569804,2015.5568,4.594603,588.27106,0.15,4.1488056,1516.6166
+3C,62,2015,2,0.5382934,11.844127,1362.6381,12.833128,496.41272,0.15,13.6572695,1262.4612
+3C,62,2016,2,0.503077,11.783125,1311.3867,12.644747,504.72208,0.15,13.740193,1282.1245
+3C,62,2017,2,0.5170448,10.45456,1334.5299,10.987365,499.20755,0.15,11.652088,1270.5056
+3C,62,2018,2,0.52418536,11.568262,1269.1979,11.78409,473.2808,0.15,11.489394,1209.3207
+3C,62,2019,2,0.5487799,11.989449,1369.0029,13.013687,491.9356,0.15,13.381939,1252.9082
+3C,63,2015,2,0.5965581,5.656098,1803.6067,3.109786,512.95605,0.15,2.657377,1339.2448
+3C,63,2016,2,0.5867636,8.178512,1800.4458,7.722312,531.184,0.15,7.053979,1382.9176
+3C,63,2017,2,0.561365,11.143572,1644.1775,12.300371,520.36,0.15,13.4645,1355.9984
+3C,63,2018,2,0.5710336,13.435996,1681.7181,15.170784,537.7673,0.15,16.389238,1398.0143
+3C,63,2019,2,0.55818975,12.865038,1636.3711,14.377024,528.7173,0.15,16.230415,1376.766
+3C,64,2015,2,0.58305275,8.50537,1809.6117,8.394514,584.24963,0.15,10.014116,1471.94
+3C,64,2016,2,0.57487875,8.653274,1749.7133,8.419742,584.4274,0.15,10.066578,1471.4965
+3C,64,2017,2,0.5910451,7.1483617,2004.225,7.166482,624.8385,0.15,8.304846,1561.9407
+3C,64,2018,2,0.57272685,11.046203,1756.6849,10.808022,596.9648,0.15,12.988772,1501.108
+3C,64,2019,2,0.5822372,10.040778,1823.6713,9.836717,594.4607,0.15,11.791248,1496.4648
+3C,65,2015,2,0.1296634,9.52116,402.41705,8.544677,513.67365,0.15,10.229409,1335.9082
+3C,65,2016,2,0.13567373,8.9562235,426.25888,8.213646,512.5119,0.15,9.837383,1334.1515
+3C,65,2017,2,0.116211995,9.173078,375.2935,8.248557,526.7303,0.15,9.907749,1367.8959
+3C,65,2018,2,0.15112428,9.356319,511.9854,8.545481,556.4391,0.15,10.279559,1440.652
+3C,65,2019,2,0.115685925,8.033367,366.023,7.2853804,511.98566,0.15,8.473705,1331.6147
+3C,66,2015,2,0.5439238,5.8822618,1469.2639,5.108147,508.02426,0.15,4.7593794,1274.563
+3C,66,2016,2,0.54803544,5.0058208,1524.6719,4.84174,513.0097,0.15,4.996759,1285.8972
+3C,66,2017,2,0.56410754,1.2866125,1622.8608,1.1357741,513.30225,0.15,1.0427619,1287.7422
+3C,66,2018,2,0.5077495,5.2325516,1459.5999,4.9759607,525.6255,0.15,4.818761,1310.1821
+3C,66,2019,2,0.46045893,7.2620635,1250.4812,7.5209417,498.95917,0.15,8.34201,1251.3608
+3C,67,2015,2,0.51769745,3.3771482,1680.5398,3.4766114,531.1742,0.15,3.676955,1384.8351
+3C,67,2016,2,0.37690634,4.911873,1219.3851,5.1334753,520.8296,0.15,5.659173,1357.891
+3C,67,2017,2,0.15483838,8.762662,477.13513,8.118145,503.31757,0.15,9.675559,1314.1019
+3C,67,2018,2,0.23043765,7.787907,730.64417,7.5968103,514.0255,0.15,8.92548,1339.6025
+3C,67,2019,2,0.3274467,6.731337,1035.6802,6.800737,516.12305,0.15,7.632172,1346.6445
+3C,68,2015,2,0.5817935,8.494877,1990.1909,8.335871,613.01355,0.15,8.378144,1580.4216
+3C,68,2016,2,0.5305833,17.571495,1579.1826,17.945307,583.2913,0.15,20.476416,1506.3411
+3C,68,2017,2,0.5359583,16.003925,1625.9061,16.07201,601.3622,0.15,16.725183,1550.2815
+3C,68,2018,2,0.5647866,16.560349,1718.3019,17.840738,597.1414,0.15,20.239042,1539.2158
+3C,68,2019,2,0.58873683,12.681282,1857.263,11.621403,589.2633,0.15,11.65407,1521.9353
+3C,69,2015,2,0.57981664,5.057716,1759.3727,5.14709,556.2634,0.15,5.6374273,1402.9858
+3C,69,2016,2,0.5621185,6.8801546,1674.7894,6.830731,556.71484,0.15,7.3691196,1404.0112
+3C,69,2017,2,0.5797651,4.5476713,1776.1433,4.432126,561.53546,0.15,4.845187,1418.223
+3C,69,2018,2,0.55968153,5.363897,1655.6266,4.977218,545.5305,0.15,5.349084,1378.5598
+3C,69,2019,2,0.49860415,9.087139,1439.797,8.795987,555.8346,0.15,9.615948,1401.9681
+3C,70,2015,2,0.3790379,6.146543,877.71027,6.22942,438.6901,0.15,7.6434784,1111.3041
+3C,70,2016,2,0.37324637,6.732186,812.24066,6.6498713,420.77026,0.15,8.21004,1068.8097
+3C,70,2017,2,0.37101388,6.323246,768.19794,6.31302,399.65588,0.15,7.763659,1019.5377
+3C,70,2018,2,0.4020538,7.03164,896.8149,6.8579774,435.47043,0.15,5.672951,1105.173
+3C,70,2019,2,0.36096156,6.97685,809.9927,6.8822627,425.25024,0.15,8.486143,1081.8062
+3C,71,2015,2,0.59610134,2.9455478,2069.6367,2.8869045,579.7416,0.15,2.8590004,1489.5858
+3C,71,2016,2,0.4949864,4.449399,1742.9355,4.9728107,583.2454,0.15,5.5118256,1494.7682
+3C,71,2017,2,0.5774539,4.7838264,1899.9631,5.679034,555.8435,0.15,6.4434276,1430.4343
+3C,71,2018,2,0.5873967,4.1171374,1980.737,5.126323,566.8941,0.15,5.720954,1454.916
+3C,71,2019,2,0.35702607,4.594798,1177.6525,4.7832203,531.593,0.15,5.2332335,1372.0118
+3C,72,2015,2,0.5642433,3.2480478,1190.2188,2.9935403,396.8534,0.15,2.7120748,1012.77594
+3C,72,2016,2,0.5176327,6.741416,1114.1261,5.9461255,421.17297,0.15,5.260351,1068.2976
+3C,72,2017,2,0.5673091,2.4533396,1239.0864,1.8376915,413.8921,0.15,1.6436486,1053.9746
+3C,72,2018,2,0.53867006,7.735285,1180.687,6.8924456,427.56848,0.15,6.5333276,1085.416
+3C,72,2019,2,0.557182,4.2967234,1258.8019,4.200696,429.1135,0.15,4.211735,1085.897
+3C,73,2015,2,0.59926593,6.74324,2202.728,6.976581,639.51996,0.15,7.8933444,1627.5575
+3C,73,2016,2,0.59951985,5.0634294,2241.0215,5.2660933,648.86035,0.15,6.1601796,1649.4143
+3C,73,2017,2,0.5989314,6.2062955,2203.32,6.286659,645.2355,0.15,7.2720146,1641.4761
+3C,73,2018,2,0.59945095,5.207464,2198.7302,5.514832,631.5071,0.15,6.297104,1608.14
+3C,73,2019,2,0.599254,4.134532,2250.2927,4.2246675,640.91766,0.15,4.721327,1629.2201
+3C,74,2015,2,0.5888649,6.027773,1700.6874,5.9766417,508.35144,0.15,5.7912655,1317.5402
+3C,74,2016,2,0.44953436,12.634389,1332.1196,12.656798,547.37256,0.15,13.4600315,1411.2545
+3C,74,2017,2,0.49288276,8.221366,1501.1848,7.534377,534.89575,0.15,7.6813736,1379.9918
+3C,74,2018,2,0.5861091,7.0818877,1726.8483,6.2187357,524.5775,0.15,5.3161087,1357.5022
+3C,74,2019,2,0.59653074,3.8303204,1882.1217,3.3554041,537.9991,0.15,3.1374683,1390.1368
+3C,75,2015,2,0.57934034,2.2532244,1481.9554,2.4957855,425.60873,0.15,2.789985,1094.904
+3C,75,2016,2,0.5589841,3.4104693,1436.431,3.6674705,435.00354,0.15,3.8999877,1117.4343
+3C,75,2017,2,0.58107233,1.8121685,1517.67,1.9979581,436.73502,0.15,2.2253115,1119.3922
+3C,75,2018,2,0.58241326,1.9386126,1603.5288,2.0418699,461.80188,0.15,2.2097974,1182.9353
+3C,75,2019,2,0.58954734,1.2477927,1621.9551,1.3156308,457.1259,0.15,1.4252442,1170.5632
+3C,76,2015,2,0.38094872,4.6948996,713.08484,4.3151765,349.5022,0.15,4.4117928,893.3734
+3C,76,2016,2,0.37038898,6.0406885,700.8735,6.3387003,352.36826,0.15,7.696551,897.38763
+3C,76,2017,2,0.37459287,5.6384974,692.8408,5.3316765,342.25067,0.15,5.346511,875.7284
+3C,76,2018,2,0.45090172,5.2210264,932.8298,4.856448,395.8448,0.15,5.2413177,1000.0274
+3C,76,2019,2,0.43391082,4.3743196,894.8856,4.043935,378.37894,0.15,4.1756673,961.03625
+3C,77,2015,2,0.49499363,7.088258,1255.3969,7.769229,473.40982,0.15,8.100483,1192.1509
+3C,77,2016,2,0.44030684,7.0798054,1108.2588,7.5907617,459.754,0.15,9.174257,1161.9873
+3C,77,2017,2,0.46382028,6.9613543,1248.2378,7.5104504,495.54013,0.15,8.415779,1247.439
+3C,77,2018,2,0.41061616,6.6723013,1065.233,6.989789,464.94016,0.15,7.7613807,1176.8063
+3C,77,2019,2,0.30399004,7.045678,794.2186,7.025127,461.01883,0.15,8.554209,1161.414
+3C,78,2015,2,0.59886247,2.257989,2140.8137,2.3526504,599.41626,0.15,2.3691437,1533.392
+3C,78,2016,2,0.5685014,3.9339833,2003.1526,4.2828093,596.90765,0.15,4.5606627,1525.9103
+3C,78,2017,2,0.59948343,2.603174,2055.7302,2.7631698,572.82446,0.15,2.8480759,1470.2988
+3C,78,2018,2,0.59058726,3.2784824,1990.5239,3.5898476,563.9748,0.15,3.719882,1446.3198
+3C,78,2019,2,0.435655,2.937141,1451.5637,3.0038242,536.80005,0.15,3.0896935,1383.5565
+3C,79,2015,2,0.37482744,10.2594,838.1011,10.30627,428.4708,0.15,12.044161,1094.7812
+3C,79,2016,2,0.47097734,7.0703397,1119.7543,6.212789,445.08072,0.15,6.0462246,1135.0449
+3C,79,2017,2,0.39661115,10.270289,951.6017,9.804214,463.4871,0.15,9.897715,1181.3485
+3C,79,2018,2,0.41053867,10.42521,898.53326,10.470566,429.27686,0.15,11.034418,1095.5624
+3C,79,2019,2,0.3753688,10.535607,830.0978,10.526946,433.61908,0.15,11.16345,1108.2034
+3C,80,2015,0,0.41859967,5.3752594,1316.1029,6.0446186,201.9224,0.05,6.476997,1513.6228
+3C,80,2016,0,0.4216057,5.3237305,1323.0554,6.0852113,201.41425,0.05,6.4832253,1513.6713
+3C,80,2017,0,0.46665955,4.2359314,1487.4545,5.0588336,195.49063,0.05,5.395969,1475.1206
+3C,80,2018,0,0.3639974,5.279178,1139.8511,6.0330706,194.37474,0.05,6.4284105,1463.493
+3C,80,2019,0,0.36941743,5.4874926,1158.6814,6.1847296,197.38242,0.05,6.609866,1484.54
+3C,81,2015,0,0.18083698,6.86117,427.27454,7.0873475,161.03406,0.05,7.5768414,1225.6309
+3C,81,2016,0,0.20307642,7.5624447,493.3537,7.855785,171.78838,0.05,8.321494,1302.6559
+3C,81,2017,0,0.2586878,6.155672,641.19507,6.714017,161.94667,0.05,7.1420164,1237.981
+3C,81,2018,0,0.2005692,6.594488,488.86563,6.9303045,162.9266,0.05,7.3983254,1241.0939
+3C,81,2019,0,0.22364245,6.7527647,543.5526,7.1743536,164.34558,0.05,7.662326,1249.8468
+3C,82,2015,0,0.25812593,6.6784034,394.29596,7.351164,115.320496,0.05,7.82819,878.2222
+3C,82,2016,0,0.24342673,7.649704,335.44434,8.084521,114.50925,0.05,8.445076,872.66003
+3C,82,2017,0,0.28933647,6.991037,466.58337,7.5339527,124.80741,0.05,7.895426,944.60406
+3C,82,2018,0,0.28506804,7.1829567,437.9245,7.7748017,125.069695,0.05,8.248423,942.47723
+3C,82,2019,0,0.26248062,6.9485197,403.09186,7.347918,126.17456,0.05,7.671069,951.05194
+3C,83,2015,0,0.3283279,6.6796136,1063.1671,7.160352,219.80063,0.05,7.6510434,1640.2567
+3C,83,2016,0,0.35832912,6.7248054,1163.5591,7.3928723,222.65346,0.05,7.876914,1665.0907
+3C,83,2017,0,0.3596875,5.898708,1204.5667,6.578989,214.50229,0.05,7.0292025,1608.4132
+3C,83,2018,0,0.3149701,7.461447,941.7225,8.037343,210.65762,0.05,8.521388,1580.3433
+3C,83,2019,0,0.30299008,8.099882,896.7653,8.615028,216.27312,0.05,9.144077,1614.8687
+3C,84,2015,0,0.33949265,3.8996427,685.282,4.1292896,142.22063,0.05,4.3159146,1071.09
+3C,84,2016,0,0.36642608,7.6309495,651.5635,8.012743,153.46681,0.05,8.371768,1150.7338
+3C,84,2017,0,0.3646785,5.8270288,693.2428,6.170714,144.60045,0.05,6.453857,1086.9618
+3C,84,2018,0,0.35728028,5.888631,691.9291,6.130335,146.0798,0.05,6.4024396,1097.8698
+3C,84,2019,0,0.37444556,4.844078,744.8408,5.066735,150.7488,0.05,5.2924533,1127.2014
+3C,85,2015,0,0.33127046,6.089783,690.48914,6.517673,166.8815,0.05,6.8876977,1239.9404
+3C,85,2016,0,0.41476616,5.133718,876.33636,5.720278,167.4813,0.05,6.0758967,1250.4285
+3C,85,2017,0,0.3830505,4.715733,767.67487,5.157623,162.8257,0.05,5.455701,1214.737
+3C,85,2018,0,0.33554265,6.2774143,672.21326,6.728896,165.30191,0.05,7.048655,1231.7009
+3C,85,2019,0,0.37031847,5.566959,793.0236,6.079454,168.00443,0.05,6.399326,1254.6666
+3C,86,2015,0,0.35023376,5.8474245,673.4869,6.174271,140.90535,0.05,6.465337,1051.3716
+3C,86,2016,0,0.3141981,6.677359,654.3727,7.026624,152.14172,0.05,7.3457594,1127.4816
+3C,86,2017,0,0.40875098,4.753207,861.8155,5.328208,145.81616,0.05,5.6073656,1091.986
+3C,86,2018,0,0.3007614,6.3554645,584.79626,6.6819415,137.73497,0.05,6.9877763,1033.1232
+3C,86,2019,0,0.352119,5.724383,678.8354,6.0951924,138.54004,0.05,6.393718,1044.3342
+3C,87,2015,0,0.46125484,9.997439,1508.7931,11.043564,215.62411,0.05,11.7775955,1653.7753
+3C,87,2016,0,0.5073845,10.33009,1733.0154,11.269662,229.0091,0.05,12.04926,1749.3512
+3C,87,2017,0,0.42288533,9.688088,1469.2241,10.451476,222.87239,0.05,11.080266,1705.4504
+3C,87,2018,0,0.50901824,10.200276,1747.0337,11.110981,229.08218,0.05,11.771265,1751.5537
+3C,87,2019,0,0.53234816,8.586199,1864.7485,9.609551,230.25572,0.05,10.214221,1757.9432
+3C,88,2015,0,0.22915514,3.3468537,462.37308,3.5846484,131.55524,0.05,3.8320935,997.74976
+3C,88,2016,0,0.26304004,4.2402153,494.3766,4.6141014,134.78413,0.05,4.9289856,1018.8114
+3C,88,2017,0,0.23538266,4.0954876,448.8504,4.344113,130.96854,0.05,4.648468,993.1813
+3C,88,2018,0,0.25542444,3.774023,489.9102,4.051402,132.1935,0.05,4.3407297,998.61304
+3C,88,2019,0,0.23171926,3.8095434,449.70358,3.95575,139.98412,0.05,4.252251,1051.0455
+3C,89,2015,0,0.32357094,6.5589824,605.75006,6.9590664,136.51129,0.05,7.275995,1025.7253
+3C,89,2016,0,0.31421825,6.7547474,644.7845,7.1342235,149.92374,0.05,7.464443,1116.5273
+3C,89,2017,0,0.32633913,6.784115,662.8174,7.239142,147.40694,0.05,7.5771666,1101.807
+3C,89,2018,0,0.28248724,7.7705994,530.8253,8.095607,138.06065,0.05,8.422135,1039.0396
+3C,89,2019,0,0.34462714,5.0750966,670.7386,5.4620576,134.72513,0.05,5.730978,1019.38464
+3C,90,2015,0,0.17884773,5.0436277,279.4078,5.1386547,117.68996,0.05,5.5174894,882.4354
+3C,90,2016,0,0.181237,5.77487,259.75894,5.938033,112.41822,0.05,6.363702,848.0106
+3C,90,2017,0,0.19571054,5.85157,320.9727,5.912714,127.4626,0.05,6.295344,949.5521
+3C,90,2018,0,0.18372032,5.318515,286.23044,5.4222636,119.6905,0.05,5.8244042,893.9056
+3C,90,2019,0,0.16462041,5.2735863,265.90097,5.2858667,126.45577,0.05,5.6896205,942.2258
+3C,91,2015,0,0.5050394,4.821883,1511.6484,5.399821,200.9668,0.05,5.7005715,1505.2542
+3C,91,2016,0,0.3913386,7.4374647,1141.704,8.239259,200.34108,0.05,8.739176,1498.0708
+3C,91,2017,0,0.4697387,6.292449,1368.0863,7.003328,204.4399,0.05,7.407103,1525.7468
+3C,91,2018,0,0.4895008,5.709264,1451.7559,6.355405,205.60402,0.05,6.724688,1534.936
+3C,91,2019,0,0.4748203,5.8558626,1408.9941,6.551001,203.42009,0.05,6.9097614,1523.5261
+3C,92,2015,0,0.25268826,5.7203217,398.70312,6.194214,114.01672,0.05,6.5547156,866.112
+3C,92,2016,0,0.24313405,6.311984,349.75253,6.7009387,107.634125,0.05,7.025288,822.9212
+3C,92,2017,0,0.28329125,5.7405286,484.2091,6.150682,125.14074,0.05,6.476497,941.2488
+3C,92,2018,0,0.28456298,5.9815674,446.48145,6.369704,117.82182,0.05,6.698852,890.2954
+3C,92,2019,0,0.2699425,5.3238196,440.80484,5.6222925,123.28748,0.05,5.9277215,929.4768
+3C,93,2015,0,0.2959002,4.9925923,591.748,5.227919,134.07904,0.05,5.4479113,1000.34204
+3C,93,2016,0,0.3270902,4.8229823,724.4515,5.16885,143.06493,0.05,5.350115,1060.7472
+3C,93,2017,0,0.34341338,4.3226886,703.8118,4.59121,138.12659,0.05,4.7990956,1025.302
+3C,93,2018,0,0.28118393,5.4589276,572.4864,5.6972976,138.88977,0.05,5.9601045,1028.155
+3C,93,2019,0,0.3114236,5.2028008,608.1434,5.60418,131.03757,0.05,5.9050474,979.2994
+3C,94,2015,0,0.29631543,6.9071155,543.7315,7.1981263,136.42426,0.05,7.520659,1019.8006
+3C,94,2016,0,0.29809684,6.8785353,598.0775,7.2367687,146.48895,0.05,7.5577626,1087.7985
+3C,94,2017,0,0.33274236,5.8601294,676.30786,6.306179,142.64647,0.05,6.603442,1065.1858
+3C,94,2018,0,0.2520267,7.6794696,458.85184,7.918776,134.49513,0.05,8.242778,1008.9291
+3C,94,2019,0,0.31372747,6.1210103,578.6712,6.4175386,133.36404,0.05,6.70216,1004.6504
+3C,95,2015,0,0.35892856,3.2410815,901.0004,3.5717282,145.11682,0.05,3.724688,1132.0859
+3C,95,2016,0,0.32995844,2.7980533,869.91705,3.0492563,148.36502,0.05,3.1666799,1158.4573
+3C,95,2017,0,0.09350967,6.1529884,224.93712,6.1063643,144.92143,0.05,6.3286047,1129.6094
+3C,95,2018,0,0.13693379,5.1637526,344.42172,5.206123,148.05899,0.05,5.3944626,1154.5695
+3C,95,2019,0,0.15735912,4.5811825,401.28445,4.6530595,149.43744,0.05,4.871708,1164.2651
+3C,96,2015,0,0.30989194,5.38765,543.5155,5.6588264,122.51333,0.05,5.878474,921.55115
+3C,96,2016,0,0.29511184,5.9895515,509.0395,6.266922,123.15301,0.05,6.5140142,928.3159
+3C,96,2017,0,0.24556641,6.68672,425.4525,7.137465,124.65453,0.05,7.6317635,935.0107
+3C,96,2018,0,0.31558925,5.607312,601.4555,5.8649187,135.36224,0.05,6.0966268,1010.12933
+3C,96,2019,0,0.28167933,6.3023505,452.21753,6.528251,118.75789,0.05,6.784864,897.6518
+3C,97,2015,0,0.32023162,6.7593055,612.51654,7.0912046,141.05292,0.05,7.420347,1057.7748
+3C,97,2016,0,0.28722814,6.6942253,584.1776,7.041338,147.85307,0.05,7.359959,1102.4497
+3C,97,2017,0,0.34591597,5.941762,751.28406,6.386677,152.65356,0.05,6.6929274,1143.564
+3C,97,2018,0,0.27814096,6.8336115,555.6995,7.076414,140.35623,0.05,7.3567944,1062.0345
+3C,97,2019,0,0.3194809,5.6558013,638.34,5.965491,142.73373,0.05,6.2422915,1077.7036
+3C,98,2015,0,0.28336588,6.7423267,431.8283,7.244903,115.36757,0.05,7.5650916,877.21655
+3C,98,2016,0,0.26555187,7.1554637,360.15903,7.6256523,110.67369,0.05,7.9875765,844.3008
+3C,98,2017,0,0.32766148,6.445899,527.72485,7.014208,126.71203,0.05,7.390838,955.1449
+3C,98,2018,0,0.32577735,6.4867992,510.41483,7.0322113,122.94301,0.05,7.4014015,926.703
+3C,98,2019,0,0.30816096,6.1261125,485.6319,6.649173,122.77403,0.05,7.0064983,926.9074
+3C,99,2015,0,0.18579584,5.963669,434.53638,6.1174746,162.96599,0.05,6.545338,1234.221
+3C,99,2016,0,0.22378689,5.4584947,551.5564,5.7684565,166.56209,0.05,6.164472,1260.0864
+3C,99,2017,0,0.21058942,6.3148456,465.95193,6.6084723,159.19948,0.05,7.0586634,1210.4244
+3C,99,2018,0,0.18183015,6.0369034,427.43347,6.277819,160.26756,0.05,6.695016,1217.9132
+3C,99,2019,0,0.19192697,6.0642233,442.47284,6.3176928,156.77817,0.05,6.744191,1193.3903
+3C,100,2015,0,0.56320906,7.154515,2087.5886,7.6993103,248.05223,0.05,8.150771,1843.9402
+3C,100,2016,0,0.5675218,6.05799,2067.1616,6.804169,242.10825,0.05,7.2713556,1801.1927
+3C,100,2017,0,0.57769394,6.711653,2084.5774,7.4749384,235.8474,0.05,7.94754,1759.553
+3C,100,2018,0,0.49092197,8.278456,1731.9236,9.142846,234.20859,0.05,9.775515,1748.9923
+3C,100,2019,0,0.44274,9.780203,1528.5587,10.641571,235.19382,0.05,11.4226675,1753.515
+3C,101,2015,0,0.44272733,4.848833,952.35315,5.120243,153.9083,0.05,5.3699775,1150.1643
+3C,101,2016,0,0.38205215,6.3494816,777.87494,6.8484974,152.30971,0.05,7.232005,1140.0963
+3C,101,2017,0,0.41736016,5.7445455,943.2084,6.376534,159.23174,0.05,6.719811,1193.7072
+3C,101,2018,0,0.4463722,4.851348,990.3243,5.372883,158.3984,0.05,5.6696973,1185.9126
+3C,101,2019,0,0.45894763,4.3505087,1011.6787,4.9146576,153.13783,0.05,5.2051682,1150.7769
+3C,102,2015,0,0.33653903,6.3550963,629.93195,6.8758726,135.64047,0.05,7.207332,1019.82697
+3C,102,2016,0,0.32670167,6.581284,656.0198,6.9779634,149.34268,0.05,7.3067193,1112.1636
+3C,102,2017,0,0.32140005,7.392484,649.5232,7.847189,150.04626,0.05,8.211614,1119.805
+3C,102,2018,0,0.30380833,7.3634357,584.26416,7.6698093,142.88249,0.05,7.976918,1070.238
+3C,102,2019,0,0.3512384,5.0393696,699.86005,5.3966036,139.18849,0.05,5.675852,1050.1908
+3C,103,2015,0,0.58600384,5.623692,1680.895,6.8158455,182.69865,0.05,7.25872,1395.1359
+3C,103,2016,0,0.5863947,5.5796924,1686.6832,6.885446,183.35115,0.05,7.338936,1402.032
+3C,103,2017,0,0.588324,5.4772635,1634.428,6.723861,176.19516,0.05,7.15153,1349.5873
+3C,103,2018,0,0.56769115,5.76779,1592.3531,7.124865,180.75581,0.05,7.597205,1380.9448
+3C,103,2019,0,0.5013007,6.649294,1370.0112,7.92838,178.11906,0.05,8.43109,1361.6208
+3C,104,2015,0,0.4267298,4.228133,1165.2135,4.5140586,197.66364,0.05,4.786014,1474.9583
+3C,104,2016,0,0.3961192,2.970108,1154.9504,3.239037,191.7313,0.05,3.4595253,1439.3716
+3C,104,2017,0,0.44236267,2.9122589,1246.505,3.2190857,195.84311,0.05,3.4276862,1466.5895
+3C,104,2018,0,0.3641125,5.0475693,927.4863,5.382348,191.1051,0.05,5.6626525,1432.7233
+3C,104,2019,0,0.45410544,3.2366543,1294.3372,3.573345,198.32657,0.05,3.7842832,1485.3328
+3C,105,2015,0,0.34826344,5.4356403,1060.0016,6.0625396,190.52087,0.05,6.4992375,1439.6805
+3C,105,2016,0,0.38007644,5.4504724,1193.9723,6.124603,198.40903,0.05,6.5208015,1492.6366
+3C,105,2017,0,0.3237302,5.7390885,920.7566,6.33186,181.58472,0.05,6.7740793,1374.9111
+3C,105,2018,0,0.2983748,6.3321795,883.51685,6.7853465,193.04019,0.05,7.2828355,1453.1233
+3C,105,2019,0,0.34367424,5.5588503,1053.9279,6.101453,194.55135,0.05,6.4834895,1463.1613
+3C,106,2015,0,0.32284358,6.5005856,609.26337,6.849212,138.14655,0.05,7.1707616,1034.2682
+3C,106,2016,0,0.29008862,7.2622375,591.4211,7.618315,149.39053,0.05,7.963581,1108.731
+3C,106,2017,0,0.38338932,5.101846,816.1813,5.6575212,147.08214,0.05,5.9419856,1099.2002
+3C,106,2018,0,0.28662413,6.5876336,560.64404,6.8963375,138.65634,0.05,7.196618,1040.4843
+3C,106,2019,0,0.33314693,5.877032,631.6636,6.2034907,136.8729,0.05,6.499806,1032.4475
+3C,107,2015,0,0.34395757,4.2462435,1107.5863,4.643709,198.71971,0.05,4.982894,1492.718
+3C,107,2016,0,0.26868072,4.9746814,928.93256,5.2258368,216.454,0.05,5.613477,1612.5178
+3C,107,2017,0,0.2995666,4.490355,995.39105,4.7856007,203.01138,0.05,5.110486,1521.2152
+3C,107,2018,0,0.3038939,4.127797,1045.6471,4.2655916,211.28926,0.05,4.5095863,1575.8561
+3C,107,2019,0,0.35494906,4.450073,1219.5365,4.7192554,214.45609,0.05,4.9976344,1600.0154
+3C,108,2015,0,0.32389593,6.2463284,602.4602,6.743025,139.44173,0.05,7.0359116,1053.2827
+3C,108,2016,0,0.34002,7.4045095,593.77625,7.957332,145.26787,0.05,8.344945,1095.1841
+3C,108,2017,0,0.29816896,6.591984,537.7107,7.06502,143.32684,0.05,7.4623756,1081.9769
+3C,108,2018,0,0.33857992,7.2864366,588.9948,7.949197,139.36655,0.05,8.357606,1051.683
+3C,108,2019,0,0.35684857,4.907763,698.2107,5.049925,146.71606,0.05,5.2586536,1099.652
+3C,109,2015,0,0.3431077,6.374017,737.355,7.1693516,154.81985,0.05,7.670168,1171.6976
+3C,109,2016,0,0.36235574,7.488075,760.1468,8.230649,160.40117,0.05,8.66415,1211.0825
+3C,109,2017,0,0.29329973,6.530014,637.5893,6.9692755,158.48071,0.05,7.3648186,1196.2222
+3C,109,2018,0,0.3539142,6.4185205,783.2061,7.100505,157.40318,0.05,7.4692903,1192.5527
+3C,109,2019,0,0.4075326,5.327835,938.996,5.8600636,166.33281,0.05,6.2002077,1249.3055
+3C,110,2015,0,0.2652613,3.6421933,889.9547,3.7797997,197.92676,0.05,3.9809227,1486.5553
+3C,110,2016,0,0.25554213,3.83348,863.7951,3.952302,200.88402,0.05,4.1771293,1504.9214
+3C,110,2017,0,0.2755195,3.2739449,925.3065,3.3674996,200.1724,0.05,3.5700896,1495.438
+3C,110,2018,0,0.2763104,2.919705,965.7925,3.0496743,203.13475,0.05,3.2306578,1520.1174
+3C,110,2019,0,0.27785057,3.2825217,958.39185,3.4124043,203.34724,0.05,3.616254,1520.642
+3C,111,2015,0,0.23717687,5.604221,443.63367,6.0682654,127.46564,0.05,6.478043,968.4213
+3C,111,2016,0,0.2571466,6.913848,464.70493,7.375691,133.94482,0.05,7.7911716,1011.627
+3C,111,2017,0,0.23691942,6.490415,471.21637,6.8953743,138.6522,0.05,7.307005,1045.402
+3C,111,2018,0,0.26898286,6.666628,524.94855,7.121746,139.56015,0.05,7.5145802,1052.2609
+3C,111,2019,0,0.2468291,6.095685,490.76697,6.420266,140.25867,0.05,6.7673135,1060.069
+3C,112,2015,0,0.43418318,6.667633,1267.4512,7.3013673,203.85725,0.05,7.7098994,1525.0427
+3C,112,2016,0,0.33379242,8.227589,937.4205,8.927137,195.02756,0.05,9.457298,1462.4238
+3C,112,2017,0,0.4197038,7.022227,1204.1185,7.699354,204.60118,0.05,8.136217,1527.1049
+3C,112,2018,0,0.46199012,6.491257,1313.8606,7.1586556,202.18933,0.05,7.5839233,1511.5178
+3C,112,2019,0,0.4610348,6.600522,1313.535,7.2955875,201.11382,0.05,7.726959,1506.0833
+3C,113,2015,0,0.24435745,2.110442,478.33795,2.303314,121.58974,0.05,2.464108,924.63904
+3C,113,2016,0,0.2657548,3.007286,495.44156,3.3179169,124.33849,0.05,3.5424643,944.1591
+3C,113,2017,0,0.263302,2.9505746,507.28653,3.1945202,125.7053,0.05,3.419862,957.45605
+3C,113,2018,0,0.26719227,2.9202917,517.3042,3.139388,129.45232,0.05,3.3718107,980.20654
+3C,113,2019,0,0.23274116,2.5521379,468.08853,2.688724,133.61848,0.05,2.889897,1004.5087
+3C,114,2015,0,0.41059414,7.7547817,995.54315,8.304763,198.00548,0.05,8.797294,1478.1995
+3C,114,2016,0,0.44190037,5.3180084,1166.9279,5.753036,194.06346,0.05,6.1059556,1454.8207
+3C,114,2017,0,0.4529878,4.4745545,1191.1697,4.9400177,197.4798,0.05,5.2581654,1478.2517
+3C,114,2018,0,0.38558456,8.908129,861.76636,9.555826,193.84164,0.05,10.046828,1454.7511
+3C,114,2019,0,0.47257653,5.2759323,1217.4178,5.8488593,200.20647,0.05,6.216282,1496.209
+3C,115,2015,0,0.31885764,6.4654927,602.778,6.821234,136.519,0.05,7.13101,1025.997
+3C,115,2016,0,0.28451923,7.2753167,579.22015,7.65739,147.89178,0.05,8.00885,1099.8951
+3C,115,2017,0,0.33583143,6.155114,695.8777,6.6359267,146.82057,0.05,6.95153,1097.1752
+3C,115,2018,0,0.2683263,7.2507195,511.29764,7.5245934,136.9778,0.05,7.834059,1031.0969
+3C,115,2019,0,0.32633352,5.5367875,620.8831,5.847994,134.58076,0.05,6.115291,1017.7812
+3C,116,2015,0,0.355074,5.1010895,1229.173,5.3737574,223.16411,0.05,5.6869197,1663.8838
+3C,116,2016,0,0.27805907,4.9839973,971.5628,5.1921277,217.47688,0.05,5.5790815,1627.3473
+3C,116,2017,0,0.39605153,3.781363,1460.0836,3.9225502,232.3564,0.05,4.159831,1728.6536
+3C,116,2018,0,0.4184208,3.4525044,1548.3231,3.6244335,233.7615,0.05,3.8594394,1738.1354
+3C,116,2019,0,0.45576644,3.5170038,1633.9255,3.762129,228.88416,0.05,4.00648,1702.8809
+3C,117,2015,0,0.39065385,5.7324347,792.6138,6.176037,146.10222,0.05,6.493055,1097.9138
+3C,117,2016,0,0.32382745,7.008872,689.0101,7.4505477,158.86493,0.05,7.8435802,1184.6421
+3C,117,2017,0,0.39124468,5.7632318,881.052,6.3287115,160.5982,0.05,6.6746526,1199.4829
+3C,117,2018,0,0.36844724,5.330204,811.6048,5.834654,153.89072,0.05,6.1524396,1155.5314
+3C,117,2019,0,0.39502186,4.8441954,849.2695,5.283604,150.57042,0.05,5.5757127,1131.025
+3C,118,2015,0,0.4875704,5.21452,1302.9816,5.85615,181.61388,0.05,6.191004,1371.148
+3C,118,2016,0,0.45811528,6.941271,1238.2247,7.5023623,195.0913,0.05,7.9177113,1465.531
+3C,118,2017,0,0.5451739,5.3393035,1521.4023,5.899027,193.05933,0.05,6.2122574,1451.324
+3C,118,2018,0,0.43557563,5.1346755,1192.3317,5.5465455,184.82518,0.05,5.84359,1394.7634
+3C,118,2019,0,0.51170707,5.6161766,1463.277,6.162463,199.77124,0.05,6.5072303,1500.7921
+3C,119,2015,0,0.40106302,6.676117,1279.1819,7.3743997,226.24284,0.05,7.860784,1693.1327
+3C,119,2016,0,0.40908232,6.5960956,1303.7386,7.404788,225.51805,0.05,7.8801317,1687.8394
+3C,119,2017,0,0.41776577,5.7491064,1408.449,6.5193453,218.24155,0.05,6.9719515,1640.9767
+3C,119,2018,0,0.37043163,7.8034663,1044.4972,8.625454,212.15831,0.05,9.13019,1596.9503
+3C,119,2019,0,0.3789267,7.554103,1130.0974,8.261908,215.28131,0.05,8.744607,1619.22
+3C,120,2015,0,0.25052258,4.663064,532.1415,5.021898,146.38583,0.05,5.3436966,1121.2947
+3C,120,2016,0,0.27436683,4.4298587,598.9775,4.864267,146.47855,0.05,5.164722,1122.1769
+3C,120,2017,0,0.26992518,4.382447,639.8074,4.7445774,155.50758,0.05,5.0473895,1181.1294
+3C,120,2018,0,0.28985927,4.789601,653.4342,5.1601725,149.66974,0.05,5.479636,1144.1141
+3C,120,2019,0,0.23936854,4.5483937,535.74176,4.790738,146.04533,0.05,5.0700836,1116.3433
+3C,121,2015,0,0.31249377,4.836864,641.44,5.0329237,139.47421,0.05,5.257102,1037.5533
+3C,121,2016,0,0.28952584,4.7423615,611.20264,4.971877,136.63773,0.05,5.1573753,1020.1441
+3C,121,2017,0,0.28181025,4.513449,550.4108,4.69326,128.8489,0.05,4.8853817,968.7644
+3C,121,2018,0,0.28471437,4.5930147,604.66077,4.753192,140.22304,0.05,4.9454885,1045.918
+3C,121,2019,0,0.28116614,4.8936,606.27094,5.121947,138.65628,0.05,5.319043,1033.351
+3C,122,2015,0,0.42990953,4.494747,1117.2671,4.747628,190.53499,0.05,5.040584,1423.2427
+3C,122,2016,0,0.42773795,3.8351386,1184.1835,4.167389,192.14449,0.05,4.426903,1439.2272
+3C,122,2017,0,0.38631007,4.312347,960.96686,4.587755,187.59927,0.05,4.858939,1407.9945
+3C,122,2018,0,0.35243693,5.889415,810.67694,6.019783,182.91476,0.05,6.296133,1374.0714
+3C,122,2019,0,0.4677703,3.7449818,1249.0568,4.0311656,194.0041,0.05,4.2570057,1452.3595
+3C,123,2015,0,0.53006005,7.65932,1907.9652,8.587344,240.19946,0.05,9.19531,1794.6112
+3C,123,2016,0,0.5350221,6.612417,1959.0123,7.7295256,235.44939,0.05,8.267714,1761.9908
+3C,123,2017,0,0.55065626,6.5794997,1973.6781,7.675919,231.7467,0.05,8.211748,1737.0288
+3C,123,2018,0,0.49230957,7.1974273,1743.6915,8.2385435,229.29837,0.05,8.82415,1718.2538
+3C,123,2019,0,0.44182682,7.98608,1600.808,8.911768,237.80098,0.05,9.52828,1776.2424
+3C,124,2015,0,0.58184063,5.802415,1643.6869,7.1457496,176.18959,0.05,7.588373,1353.6642
+3C,124,2016,0,0.5828165,5.7989707,1663.759,7.29613,178.22624,0.05,7.7708473,1369.0613
+3C,124,2017,0,0.5870589,5.586776,1597.5493,6.9301033,169.65417,0.05,7.342069,1306.7091
+3C,124,2018,0,0.56750995,5.8124957,1565.6852,7.3679404,171.935,0.05,7.8412924,1323.4891
+3C,124,2019,0,0.51936036,6.4525023,1411.4789,7.8592787,172.51581,0.05,8.339704,1325.8007
+3C,125,2015,0,0.33980423,6.4651885,649.93774,6.8610187,139.80324,0.05,7.188518,1052.6873
+3C,125,2016,0,0.29212302,7.4050736,611.66815,7.7522078,154.15834,0.05,8.110256,1149.0172
+3C,125,2017,0,0.3563893,6.178963,759.6536,6.673584,152.3538,0.05,6.9974737,1141.4176
+3C,125,2018,0,0.2985549,6.3087945,624.22736,6.6688433,145.12787,0.05,6.9751396,1093.0062
+3C,125,2019,0,0.34513223,5.2117553,704.0721,5.5403247,142.74782,0.05,5.811689,1077.906
+3C,126,2015,0,0.572611,3.8620737,1637.1685,4.97269,165.71333,0.05,5.2702403,1278.5217
+3C,126,2016,0,0.55972856,4.282061,1599.9113,5.401082,166.61885,0.05,5.731531,1285.5748
+3C,126,2017,0,0.56163293,4.16083,1549.5027,5.3269544,161.04854,0.05,5.6636076,1243.4653
+3C,126,2018,0,0.47605944,4.8435655,1326.1101,5.986336,163.75896,0.05,6.3787,1262.6636
+3C,126,2019,0,0.39925665,4.5493746,1107.2227,5.374732,161.15564,0.05,5.711924,1243.7692
+3C,127,2015,0,0.59845185,3.8078752,1787.5687,4.252546,179.92128,0.05,4.3933873,1388.4812
+3C,127,2016,0,0.5973958,4.8819895,1820.1613,5.6272373,191.91313,0.05,5.922411,1470.5437
+3C,127,2017,0,0.59642816,4.9830074,1694.6688,5.824564,178.76695,0.05,6.1492977,1374.6735
+3C,127,2018,0,0.5950534,4.733088,1711.9415,5.459669,178.76547,0.05,5.7480288,1374.8021
+3C,127,2019,0,0.5742315,5.238452,1632.9119,6.245751,178.00668,0.05,6.6079683,1375.2117
+3C,128,2015,0,0.5717513,4.1479287,1609.1765,5.1479664,169.4517,0.05,5.4657536,1302.4023
+3C,128,2016,0,0.5720987,4.2393255,1570.5602,5.3873405,165.08655,0.05,5.737594,1273.2439
+3C,128,2017,0,0.5783551,4.277625,1606.4663,5.3244505,167.39587,0.05,5.6525035,1288.2885
+3C,128,2018,0,0.5361105,4.489383,1461.4303,5.6142592,165.99348,0.05,5.9772,1277.5272
+3C,128,2019,0,0.3627868,5.5695915,1017.6816,6.343322,170.72942,0.05,6.7604184,1310.0299
+3C,129,2015,0,0.26511562,7.966478,631.9345,8.568638,163.92818,0.05,9.161718,1240.9735
+3C,129,2016,0,0.33173704,7.6763744,844.7614,8.234829,177.48373,0.05,8.676132,1339.082
+3C,129,2017,0,0.29002225,7.2561054,718.11633,7.69977,168.1478,0.05,8.100923,1272.0743
+3C,129,2018,0,0.29862776,7.645763,730.23224,8.234153,169.08202,0.05,8.720133,1276.2421
+3C,129,2019,0,0.287709,6.7582617,750.9434,7.0627065,176.78566,0.05,7.424331,1330.4633
+3C,130,2015,0,0.29011783,5.8158584,767.85364,6.2261376,188.91855,0.05,6.495385,1434.6115
+3C,130,2016,0,0.33501542,5.8700476,954.84796,6.348171,204.55367,0.05,6.6187057,1548.5336
+3C,130,2017,0,0.3288783,4.7865915,896.2003,5.294614,186.97078,0.05,5.558752,1417.0878
+3C,130,2018,0,0.29285473,5.5921316,798.59064,6.065378,191.2867,0.05,6.411973,1448.9749
+3C,130,2019,0,0.28706843,5.656743,779.9825,6.1406136,194.54747,0.05,6.5353003,1469.0919
+3C,131,2015,0,0.28263533,3.4355805,613.8533,3.6525717,156.80356,0.05,3.886153,1165.8029
+3C,131,2016,0,0.29418996,4.970961,609.7275,5.326953,152.91295,0.05,5.5816865,1140.7317
+3C,131,2017,0,0.2932293,5.279753,575.5269,5.5072536,159.12282,0.05,5.7807155,1187.4188
+3C,131,2018,0,0.2647466,4.8429136,516.431,5.0729284,152.01456,0.05,5.2751102,1135.9238
+3C,131,2019,0,0.2526555,5.936224,516.8824,6.2608767,157.53386,0.05,6.5514746,1182.0875
+3C,132,2015,0,0.13133463,5.803209,249.93141,5.7877636,153.46713,0.05,6.187273,1166.502
+3C,132,2016,0,0.15684673,6.154509,323.60504,6.181881,161.28009,0.05,6.616431,1222.2107
+3C,132,2017,0,0.14983006,5.911366,328.0711,5.9476337,159.6994,0.05,6.358637,1209.441
+3C,132,2018,0,0.17234598,6.1892033,387.76852,6.2540894,170.34256,0.05,6.695319,1285.7405
+3C,132,2019,0,0.13320196,5.715121,263.68292,5.689324,156.60768,0.05,6.089796,1184.1918
+3C,133,2015,0,0.37715062,5.9770703,1080.2914,6.453497,211.33826,0.05,6.7789183,1584.9025
+3C,133,2016,0,0.41751137,4.988847,1265.1765,5.500432,220.12317,0.05,5.7668953,1643.7611
+3C,133,2017,0,0.4072123,3.8149714,1281.4147,4.275852,207.1124,0.05,4.5240235,1556.3846
+3C,133,2018,0,0.36692998,6.380744,1021.4157,7.148978,206.4965,0.05,7.583256,1553.7544
+3C,133,2019,0,0.35937944,6.9186754,1005.30945,7.5633645,210.00153,0.05,7.965475,1579.1116
+3C,134,2015,0,0.23215269,4.298796,392.2326,4.6474843,114.46527,0.05,4.9632134,870.9209
+3C,134,2016,0,0.24972226,4.7891355,418.24216,5.207787,113.86097,0.05,5.5342197,867.41534
+3C,134,2017,0,0.25388637,5.182236,454.2561,5.565778,125.60179,0.05,5.955398,943.955
+3C,134,2018,0,0.25290915,4.9328237,434.89966,5.3311877,119.28183,0.05,5.6706734,903.3486
+3C,134,2019,0,0.24205388,5.403257,424.70685,5.6420484,129.01817,0.05,5.985088,969.60046
+3C,135,2015,0,0.31832105,8.305625,629.13666,9.211296,152.62779,0.05,9.835199,1155.0049
+3C,135,2016,0,0.40295765,7.8142533,790.75574,8.698399,155.70139,0.05,9.144065,1178.3304
+3C,135,2017,0,0.27554289,7.5506744,561.85986,7.991475,153.3899,0.05,8.404904,1159.4343
+3C,135,2018,0,0.382987,7.5364842,795.1868,8.409994,156.17667,0.05,8.809861,1182.3854
+3C,135,2019,0,0.3679918,7.1949263,762.0231,7.915664,159.52861,0.05,8.34755,1201.1108
+3C,136,2015,0,0.33891502,5.0610576,735.17725,5.3467865,145.64084,0.05,5.5827346,1081.2118
+3C,136,2016,0,0.31124797,5.089048,694.31573,5.575326,144.13199,0.05,5.869531,1072.1725
+3C,136,2017,0,0.40326667,3.7794802,875.83344,4.2164726,138.03339,0.05,4.412096,1034.3632
+3C,136,2018,0,0.30103722,4.940716,637.68365,5.2155943,138.06538,0.05,5.4428864,1034.5778
+3C,136,2019,0,0.35638812,4.760965,737.4691,5.1473927,135.89388,0.05,5.383186,1023.25116
+3C,137,2015,0,0.48680246,7.0195746,1476.5822,8.007283,204.60207,0.05,8.428732,1531.9371
+3C,137,2016,0,0.49664652,7.294655,1502.2852,8.317315,208.82288,0.05,8.862122,1559.6063
+3C,137,2017,0,0.2648167,8.353544,759.815,8.90482,193.1113,0.05,9.528139,1447.4055
+3C,137,2018,0,0.5081827,6.946904,1561.8557,7.747843,216.70648,0.05,8.2456,1608.4128
+3C,137,2019,0,0.48859364,6.645304,1489.7235,7.5514317,206.60785,0.05,8.009932,1543.9509
+3C,138,2015,0,0.3090168,7.375701,778.96643,7.864973,187.83365,0.05,8.251279,1418.5704
+3C,138,2016,0,0.3426148,6.532987,893.08344,7.0221014,195.76285,0.05,7.3564253,1477.2762
+3C,138,2017,0,0.32286793,6.7206955,852.3465,7.249337,186.7452,0.05,7.629613,1413.3986
+3C,138,2018,0,0.2900755,6.686599,731.2033,7.237959,181.42065,0.05,7.6458745,1373.1787
+3C,138,2019,0,0.33687112,6.7387457,888.56244,7.231699,192.42639,0.05,7.609038,1449.4418
+3C,139,2015,0,0.2993304,5.8081336,941.7888,6.3404093,189.81383,0.05,6.6927414,1429.0452
+3C,139,2016,0,0.28468418,6.6163006,861.1297,7.0826015,188.27956,0.05,7.472268,1418.4164
+3C,139,2017,0,0.35234123,5.359034,1064.9,5.862005,187.70963,0.05,6.187584,1412.9214
+3C,139,2018,0,0.29347175,5.978536,899.24854,6.432209,187.13875,0.05,6.7912736,1412.1571
+3C,139,2019,0,0.28842324,6.505736,894.39856,6.9470115,193.78226,0.05,7.348634,1454.3688
+3C,140,2015,0,0.3441416,6.9437294,690.82434,7.316336,148.23131,0.05,7.6440973,1110.6814
+3C,140,2016,0,0.31973642,6.3908567,682.8796,6.829995,152.8812,0.05,7.147182,1143.0763
+3C,140,2017,0,0.404395,5.4180555,912.40674,5.9234133,157.39319,0.05,6.2128315,1181.235
+3C,140,2018,0,0.29447725,6.9195666,590.07275,7.25579,143.30708,0.05,7.5698586,1085.1061
+3C,140,2019,0,0.35895783,5.664259,763.72327,6.0092993,153.06305,0.05,6.3093715,1150.6702
+3C,141,2015,0,0.59533364,4.12452,1713.5614,4.8172526,179.80617,0.05,5.0934954,1382.0122
+3C,141,2016,0,0.5879175,4.6562777,1728.6704,5.400464,187.37357,0.05,5.7302723,1437.2773
+3C,141,2017,0,0.59427315,4.167074,1715.2052,4.897829,181.06299,0.05,5.210719,1389.1902
+3C,141,2018,0,0.5873251,4.4503527,1651.943,5.254731,177.00423,0.05,5.5666265,1362.1249
+3C,141,2019,0,0.5241356,5.5530686,1409.0431,6.4418697,172.3386,0.05,6.80054,1331.928
+3C,142,2015,0,0.43183604,4.239707,1333.0085,4.7019043,203.17032,0.05,4.957368,1526.196
+3C,142,2016,0,0.44268897,4.416508,1338.1823,4.9733963,198.99394,0.05,5.2623706,1497.405
+3C,142,2017,0,0.37839818,5.340138,1074.7573,5.843945,192.00171,0.05,6.1528344,1446.4241
+3C,142,2018,0,0.41509873,5.774765,1192.3704,6.364842,202.69434,0.05,6.74753,1519.0975
+3C,142,2019,0,0.38365856,4.9190965,1191.9373,5.3673277,204.8904,0.05,5.667541,1535.7703
+3C,143,2015,0,0.4412655,4.4135447,815.7506,4.9436703,126.762375,0.05,5.1742797,953.72406
+3C,143,2016,0,0.30410692,5.4288597,545.94293,5.775389,121.73399,0.05,6.01595,921.3185
+3C,143,2017,0,0.27900973,6.091651,525.8636,6.496553,127.373566,0.05,6.7594633,963.3196
+3C,143,2018,0,0.25953794,5.818614,501.66772,6.241889,132.62508,0.05,6.6567492,990.35
+3C,143,2019,0,0.32300454,5.0164113,593.32587,5.328561,122.89041,0.05,5.532303,925.2989
+3C,144,2015,0,0.40443555,4.0149093,1352.0491,4.3606663,206.56802,0.05,4.5966496,1547.0245
+3C,144,2016,0,0.36758256,3.5397873,1257.2435,3.7949674,207.72379,0.05,4.0185866,1552.8032
+3C,144,2017,0,0.41285846,3.0484197,1416.163,3.2472296,210.91629,0.05,3.4589202,1569.6808
+3C,144,2018,0,0.4191632,2.7487268,1467.9767,2.9914544,212.70572,0.05,3.1877182,1585.3207
+3C,144,2019,0,0.43755373,2.9113386,1554.5222,3.1978066,216.81923,0.05,3.405316,1615.9424
+3C,145,2015,0,0.39930832,5.074662,1290.8136,5.57528,215.23361,0.05,5.93145,1604.8519
+3C,145,2016,0,0.41270477,5.091164,1350.2538,5.7532525,215.94566,0.05,6.0912457,1614.0165
+3C,145,2017,0,0.4396333,3.4759765,1475.2554,4.043041,209.12553,0.05,4.3213506,1564.4065
+3C,145,2018,0,0.30649164,5.794749,991.5365,6.3559127,213.00368,0.05,6.7401657,1590.5044
+3C,145,2019,0,0.32969978,6.138464,1038.2833,6.610455,214.74362,0.05,6.9985247,1600.4354
+3C,146,2015,0,0.47082353,4.454105,899.9774,5.0193496,131.40668,0.05,5.248616,990.2826
+3C,146,2016,0,0.33020929,6.083283,636.9718,6.6683955,129.3017,0.05,6.9506865,981.5639
+3C,146,2017,0,0.4254404,5.2382383,848.60034,5.819227,135.67224,0.05,6.0717425,1022.3782
+3C,146,2018,0,0.39900133,5.731411,830.7464,6.173086,145.56488,0.05,6.433043,1088.1746
+3C,146,2019,0,0.36345983,5.789494,714.7392,6.272938,137.73024,0.05,6.5469904,1033.4987
+3C,147,2015,0,0.39854577,4.878325,1117.3811,5.401724,180.68489,0.05,5.6933255,1367.0453
+3C,147,2016,0,0.30557147,6.598298,841.54346,7.1943493,181.22516,0.05,7.628128,1368.429
+3C,147,2017,0,0.35552245,6.0690203,1004.32245,6.6283226,187.8123,0.05,6.980196,1414.9067
+3C,147,2018,0,0.38257653,5.5342712,1083.3751,6.079203,187.644,0.05,6.402715,1412.6575
+3C,147,2019,0,0.34035182,5.9047894,932.07874,6.4164786,180.566,0.05,6.749504,1365.255
+3C,148,2015,0,0.1348453,5.825209,275.77905,5.9363556,138.52902,0.05,6.301325,1069.1875
+3C,148,2016,0,0.14332825,5.5603914,297.58395,5.695959,137.13066,0.05,6.0581255,1059.2192
+3C,148,2017,0,0.14611357,6.454092,305.10654,6.563516,142.56812,0.05,6.959476,1095.9143
+3C,148,2018,0,0.16004035,6.0453734,341.8857,6.2246585,141.15028,0.05,6.6242123,1087.3489
+3C,148,2019,0,0.14239933,5.7688017,299.4926,5.867943,137.35472,0.05,6.2446237,1059.088
+3C,149,2015,0,0.15511681,6.660436,389.44058,6.719366,160.56024,0.05,7.183445,1226.47
+3C,149,2016,0,0.18728097,8.369642,505.9639,8.488816,183.95549,0.05,9.085806,1397.1461
+3C,149,2017,0,0.1747481,7.5976996,500.1297,7.598339,187.76212,0.05,8.1507015,1423.1855
+3C,149,2018,0,0.17158458,7.079594,462.3262,7.1957526,173.48578,0.05,7.69234,1322.7194
+3C,149,2019,0,0.23404418,7.3149433,696.5798,7.5543847,193.28262,0.05,8.084359,1462.2288
+3C,150,2015,0,0.3327932,5.65383,721.551,6.19534,150.04488,0.05,6.500284,1136.5133
+3C,150,2016,0,0.3450771,7.3785186,685.37024,8.129114,154.04094,0.05,8.551367,1167.1328
+3C,150,2017,0,0.4170384,5.600665,922.2931,6.3859115,155.96027,0.05,6.7566113,1180.5609
+3C,150,2018,0,0.3951085,6.399165,837.52625,7.130216,157.30339,0.05,7.528423,1186.5154
+3C,150,2019,0,0.38918912,5.146759,884.23615,5.652209,164.81355,0.05,5.9743867,1239.7083
+3C,151,2015,0,0.576059,5.194336,1738.151,6.085331,194.83862,0.05,6.4999056,1475.606
+3C,151,2016,0,0.5741394,5.8055964,1726.3899,6.849822,196.53171,0.05,7.325067,1486.9122
+3C,151,2017,0,0.5799522,5.574131,1674.3876,6.5391893,189.15903,0.05,6.9786606,1432.1484
+3C,151,2018,0,0.5220558,6.3280964,1494.0984,7.372307,190.7718,0.05,7.8570576,1444.912
+3C,151,2019,0,0.44085023,6.898035,1271.1565,7.804117,189.02185,0.05,8.303562,1434.6868
+3C,152,2015,0,0.39749128,4.016152,803.12354,4.3374867,146.15123,0.05,4.5356007,1100.98
+3C,152,2016,0,0.40669638,6.675246,746.85724,6.9320765,153.19531,0.05,7.2130156,1149.3119
+3C,152,2017,0,0.4254413,4.9206257,848.4642,5.2038765,147.87987,0.05,5.424897,1113.6078
+3C,152,2018,0,0.38555604,5.8240724,758.276,6.0739822,150.8405,0.05,6.35686,1132.8901
+3C,152,2019,0,0.38314402,4.72913,807.44934,4.8117056,156.95164,0.05,5.018269,1176.2655
+3C,153,2015,0,0.3692183,4.7599454,654.1435,5.190181,121.406624,0.05,5.4049287,917.0863
+3C,153,2016,0,0.25207174,5.3816504,450.98047,5.801202,119.63749,0.05,6.1828156,903.91077
+3C,153,2017,0,0.2292729,5.7635107,419.90866,6.1430926,121.044975,0.05,6.5611086,917.29114
+3C,153,2018,0,0.23399767,5.0684724,464.95248,5.45777,128.42073,0.05,5.8298407,960.5911
+3C,153,2019,0,0.24698241,5.4346766,427.5221,5.875907,115.74588,0.05,6.251123,875.9491
+3C,154,2015,0,0.5940998,4.4691534,1707.5215,5.244881,180.1894,0.05,5.5628567,1390.7375
+3C,154,2016,0,0.5935371,4.882865,1782.3154,5.6215363,192.08917,0.05,5.962059,1473.5559
+3C,154,2017,0,0.59187484,4.908081,1666.4103,5.6442313,180.4993,0.05,6.0006733,1387.7863
+3C,154,2018,0,0.5908011,4.759886,1670.8695,5.5342493,178.70094,0.05,5.8503757,1376.7157
+3C,154,2019,0,0.53857017,5.679821,1447.5156,6.5962353,172.24493,0.05,6.974146,1334.192
+3C,155,2015,0,0.27435216,5.653715,443.13483,6.0627527,115.727745,0.05,6.3486085,881.47107
+3C,155,2016,0,0.2434179,6.544551,353.09955,6.9513965,108.99973,0.05,7.2844405,833.97754
+3C,155,2017,0,0.29717326,5.8303437,519.6275,6.248134,129.70883,0.05,6.586462,975.43286
+3C,155,2018,0,0.3014078,5.62303,489.61984,6.0445004,120.54328,0.05,6.3641996,910.1468
+3C,155,2019,0,0.2814026,5.4615655,468.96677,5.7990656,125.5294,0.05,6.107564,946.55774
+3C,156,2015,0,0.4399937,7.4756365,1159.8762,8.3687,185.0742,0.05,8.839558,1393.5046
+3C,156,2016,0,0.32339174,9.320361,847.349,9.763084,193.108,0.05,10.293938,1447.6488
+3C,156,2017,0,0.46802592,8.476077,1274.615,9.445461,195.30984,0.05,9.976864,1464.9388
+3C,156,2018,0,0.29455075,7.067629,810.6682,7.348982,186.52441,0.05,7.728051,1407.1648
+3C,156,2019,0,0.42090923,7.1584096,1188.5186,7.7145267,197.17967,0.05,8.095769,1479.3329
+3C,157,2015,0,0.26067588,4.8468494,891.3537,4.963715,213.66542,0.05,5.345123,1592.1256
+3C,157,2016,0,0.31640923,4.437331,1052.2216,4.7482977,205.35907,0.05,5.1013737,1538.5271
+3C,157,2017,0,0.30842516,4.693438,1014.38257,4.976619,203.06175,0.05,5.3506827,1521.6199
+3C,157,2018,0,0.26093763,4.6979976,800.80975,4.9363065,191.77525,0.05,5.2961354,1440.5079
+3C,157,2019,0,0.1512347,4.9149446,508.00018,4.917927,203.59691,0.05,5.274244,1519.2919
+3C,158,2015,0,0.3767025,10.058235,1189.2489,10.847179,228.57133,0.05,11.622564,1691.2622
+3C,158,2016,0,0.29437786,10.264844,887.99084,10.765586,217.77211,0.05,11.539884,1616.064
+3C,158,2017,0,0.41462892,9.006511,1332.1821,9.824059,226.53795,0.05,10.525255,1680.6747
+3C,158,2018,0,0.30348334,10.047546,944.912,10.6333,220.5632,0.05,11.379654,1636.7352
+3C,158,2019,0,0.39517525,9.499216,1191.1663,10.345787,217.56079,0.05,11.074255,1615.3827
+3C,159,2015,0,0.5134102,8.653826,1330.801,10.073046,202.48624,0.05,10.6418085,1518.2153
+3C,159,2016,0,0.5208835,8.471609,1342.5898,9.909907,206.24,0.05,10.525738,1543.3213
+3C,159,2017,0,0.5250364,7.435265,1384.8555,8.593312,192.69078,0.05,9.05882,1448.5765
+3C,159,2018,0,0.46646985,7.7270384,1202.9716,8.968151,190.98302,0.05,9.511091,1436.0184
+3C,159,2019,0,0.48371735,8.568357,1227.6323,9.917839,194.95555,0.05,10.504942,1463.6245
+3C,160,2015,1,0.516426,3.5786266,1516.0178,4.0070486,337.60486,0.1,4.381885,1273.0703
+3C,160,2016,1,0.46361983,3.272301,1361.5339,3.5373218,329.13562,0.1,3.769273,1241.6936
+3C,160,2017,1,0.50263965,2.0908911,1562.6934,2.3624475,343.37134,0.1,2.541453,1291.0803
+3C,160,2018,1,0.51186675,2.5836785,1537.5656,2.9189856,339.94577,0.1,3.176026,1278.0052
+3C,160,2019,1,0.41856474,3.3692198,1266.6809,3.7267368,334.72037,0.1,4.1268706,1260.9098
+3C,161,2015,1,0.12281127,2.77559,294.01163,2.7243962,254.47424,0.1,2.982368,992.1427
+3C,161,2016,1,0.10743261,3.1012597,277.90475,2.9945397,273.00375,0.1,3.297512,1058.5309
+3C,161,2017,1,0.08785813,2.7539659,217.38992,2.6319008,258.3265,0.1,2.9279196,1005.1096
+3C,161,2018,1,0.10438776,2.9290903,258.32028,2.828649,258.72495,0.1,3.171308,1005.5103
+3C,161,2019,1,0.09387757,3.0753858,218.78474,2.9210556,247.06905,0.1,3.2531652,965.58563
+3C,162,2015,1,0.56508684,0.519433,1959.6018,0.3578393,370.2235,0.1,0.34070653,1436.4427
+3C,162,2016,1,0.5025722,0.25835288,1746.2119,0.18618587,362.603,0.1,0.16123053,1410.037
+3C,162,2017,1,0.31119227,3.910552,1020.36755,3.7103982,352.40417,0.1,3.6345901,1373.4811
+3C,162,2018,1,0.47855064,3.8056216,1545.992,3.3217287,358.6395,0.1,3.1108289,1393.8794
+3C,162,2019,1,0.5674824,1.4608128,1939.5308,1.0230426,372.41446,0.1,0.93065095,1444.2183
+3C,163,2015,1,0.54783756,5.2687464,1835.7596,6.1573014,388.1736,0.1,6.766247,1498.6168
+3C,163,2016,1,0.58415353,4.3792706,2027.8606,5.1735287,396.20282,0.1,5.6914434,1527.766
+3C,163,2017,1,0.48650417,4.9764814,1621.5273,5.816123,375.25076,0.1,6.4413543,1453.7582
+3C,163,2018,1,0.5940265,3.6099067,2062.8264,4.0799713,399.2747,0.1,4.4537315,1537.0822
+3C,163,2019,1,0.26655573,5.8472137,905.45844,6.129816,374.3304,0.1,6.90363,1448.7882
+3C,164,2015,1,0.59932643,0.09627723,2011.1499,0.07712573,366.64377,0.1,0.07271456,1398.6199
+3C,164,2016,1,0.5997083,0.027120259,2015.6987,0.024090573,364.33337,0.1,0.023945116,1397.0939
+3C,164,2017,1,0.5996015,0.092708044,1980.9401,0.08042555,357.9036,0.1,0.076684326,1370.9133
+3C,164,2018,1,0.59931755,0.1572857,1985.7983,0.15124281,359.59177,0.1,0.14812846,1376.1074
+3C,164,2019,1,0.59920835,0.029770369,1912.6312,0.033684302,344.50348,0.1,0.03272236,1323.8885
+3C,165,2015,1,0.33335197,4.839482,719.35583,5.049594,245.5358,0.1,5.394647,958.1454
+3C,165,2016,1,0.22451824,3.836517,500.15247,3.8313859,248.70265,0.1,4.148314,965.7091
+3C,165,2017,1,0.3527941,3.27463,814.00586,3.4225528,257.6935,0.1,3.6553805,996.6343
+3C,165,2018,1,0.5079555,2.6962385,1127.0839,2.8654263,250.11304,0.1,3.0219936,970.9936
+3C,165,2019,1,0.5331774,2.9064813,1287.8754,3.2893503,274.28424,0.1,3.5697503,1060.6053
+3C,166,2015,1,0.5274552,3.1131744,1628.8551,3.394611,353.888,0.1,3.6060843,1369.5907
+3C,166,2016,1,0.4401787,3.9077792,1402.8628,4.347125,362.4308,0.1,4.819264,1397.6154
+3C,166,2017,1,0.5108453,3.5878487,1584.2244,4.0740666,349.73114,0.1,4.3229475,1353.0677
+3C,166,2018,1,0.5188685,2.6926417,1592.8344,2.8891697,350.91827,0.1,3.0921116,1356.5704
+3C,166,2019,1,0.32248494,3.835627,948.77606,4.0895433,320.48767,0.1,4.415742,1245.4796
+3C,167,2015,1,0.11489676,5.794927,368.14893,5.5831633,343.62473,0.1,6.196386,1335.0278
+3C,167,2016,1,0.10261589,5.913347,319.98303,5.658923,335.61523,0.1,6.335663,1302.7316
+3C,167,2017,1,0.092263296,6.069168,287.68555,5.754818,336.12863,0.1,6.443032,1306.2855
+3C,167,2018,1,0.071885034,5.9057994,221.01744,5.5422435,332.56915,0.1,6.175682,1289.9923
+3C,167,2019,1,0.10191342,5.5511894,332.7204,5.330164,350.4534,0.1,5.8445544,1356.9807
+3C,168,2015,1,0.32614467,4.1593003,930.46075,4.351379,320.21948,0.1,4.859527,1204.2701
+3C,168,2016,1,0.26011434,4.3370295,707.6189,4.4081397,304.9903,0.1,4.979304,1149.9409
+3C,168,2017,1,0.28665462,4.077973,851.71747,4.17681,331.54337,0.1,4.6840878,1244.8802
+3C,168,2018,1,0.24342537,3.8729513,684.0984,3.9517984,303.63962,0.1,4.445535,1148.5488
+3C,168,2019,1,0.19112433,4.230951,556.9998,4.176531,315.30365,0.1,4.7450695,1182.9541
+3C,169,2015,1,0.57898915,2.8598113,1866.453,2.4042716,358.14713,0.1,2.281849,1389.8258
+3C,169,2016,1,0.15592818,7.306904,499.0849,7.0932436,354.51898,0.1,7.750066,1376.9568
+3C,169,2017,1,0.108813085,8.146705,337.66284,7.7795486,346.28537,0.1,8.684265,1346.2844
+3C,169,2018,1,0.14123195,6.9809513,449.59888,6.8093963,349.37674,0.1,7.520655,1356.7932
+3C,169,2019,1,0.18026343,7.109313,590.07916,7.110828,359.1117,0.1,7.7861605,1392.1053
+3C,170,2015,1,0.26927343,6.753182,916.19073,7.0386553,383.82968,0.1,7.965927,1484.9004
+3C,170,2016,1,0.4697616,6.1572013,1573.3572,7.0658865,387.4467,0.1,7.8096766,1498.7449
+3C,170,2017,1,0.55866116,5.3015094,1844.6896,6.226179,384.57785,0.1,6.8328776,1487.9435
+3C,170,2018,1,0.33559543,6.09693,1154.9092,6.539672,387.9067,0.1,7.2279825,1499.5077
+3C,170,2019,1,0.39868495,6.16071,1373.4504,6.8747206,392.7035,0.1,7.6293077,1517.7207
+3C,171,2015,1,0.4132656,4.3124633,891.1175,4.6101656,246.21704,0.1,4.958415,960.31445
+3C,171,2016,1,0.29534292,3.7733037,654.38464,3.864656,249.58794,0.1,4.1610913,968.8368
+3C,171,2017,1,0.37531784,3.1197283,864.73486,3.2740018,257.23367,0.1,3.5158608,995.0339
+3C,171,2018,1,0.5302663,2.4075654,1171.7173,2.5331743,248.40086,0.1,2.6569183,964.9034
+3C,171,2019,1,0.5559915,2.7173038,1323.0533,3.0568945,270.72928,0.1,3.3066888,1047.6213
+3C,172,2015,1,0.2960449,3.082221,623.2454,3.3684406,225.96361,0.1,3.7455688,885.61017
+3C,172,2016,1,0.25472277,3.4890885,518.0578,3.625171,223.74979,0.1,4.0276904,871.52515
+3C,172,2017,1,0.23331948,3.7286823,503.62726,3.8293228,236.2341,0.1,4.2590456,919.04156
+3C,172,2018,1,0.48038447,2.7271924,1017.01184,3.2420492,233.42395,0.1,3.521057,908.7043
+3C,172,2019,1,0.32635337,3.0619645,720.79285,3.3427997,241.21693,0.1,3.719935,935.7748
+3C,173,2015,1,0.5908532,1.8057518,1734.927,1.824326,326.92438,0.1,1.903274,1266.0145
+3C,173,2016,1,0.46789446,2.931787,1354.5973,2.930335,320.85538,0.1,2.9932384,1244.8776
+3C,173,2017,1,0.5864008,1.8687559,1691.7218,1.9417918,317.78992,0.1,1.9827937,1234.0914
+3C,173,2018,1,0.586543,1.9254165,1763.2384,1.9954231,334.34482,0.1,2.0712123,1294.2445
+3C,173,2019,1,0.43363726,2.2391527,1193.5404,2.232102,297.22702,0.1,2.2707314,1157.3561
+3C,174,2015,1,0.4331376,2.9829903,1175.0952,3.3560646,299.1465,0.1,3.6202993,1146.4362
+3C,174,2016,1,0.31304622,4.046703,887.06775,4.3038473,308.16327,0.1,4.7541485,1180.5944
+3C,174,2017,1,0.22778422,3.5380962,654.3789,3.6055996,306.37805,0.1,3.94904,1168.7256
+3C,174,2018,1,0.29492322,3.0955365,876.1593,3.1391556,324.85794,0.1,3.4816313,1235.0256
+3C,174,2019,1,0.32086045,3.1727037,914.5852,3.3667052,306.97385,0.1,3.6114538,1171.1588
+3C,175,2015,1,0.33619893,3.9340374,762.67993,4.1208897,252.11693,0.1,4.3871555,978.8842
+3C,175,2016,1,0.4411719,3.1283872,1016.81635,3.4177184,258.5545,0.1,3.6430836,1000.8885
+3C,175,2017,1,0.38425347,2.3921206,947.1559,2.578624,269.35312,0.1,2.8036637,1039.0154
+3C,175,2018,1,0.4328462,3.044021,1012.05316,3.229497,261.5164,0.1,3.4238508,1010.99506
+3C,175,2019,1,0.58600825,1.498365,1454.7897,1.6680843,272.23477,0.1,1.7264208,1053.1891
+3C,176,2015,1,0.16242673,2.9137454,314.91016,2.9357214,205.14455,0.1,3.2901769,807.3903
+3C,176,2016,1,0.15384589,3.3013785,303.56647,3.2612453,213.43806,0.1,3.6686182,837.49286
+3C,176,2017,1,0.13428918,3.3230588,275.20123,3.231486,221.25468,0.1,3.6371915,867.6748
+3C,176,2018,1,0.17215274,3.4265926,346.5366,3.4159033,216.63712,0.1,3.8456702,849.6719
+3C,176,2019,1,0.12492412,3.1268015,264.14386,3.0216262,226.11461,0.1,3.4017441,881.53186
+3C,177,2015,1,0.5997646,0.28842646,2137.1877,0.07809605,384.96915,0.1,0.06833351,1484.2114
+3C,177,2016,1,0.59897655,2.7611153,1897.9098,1.7916926,357.9314,0.1,1.5651942,1389.5535
+3C,177,2017,1,0.53139085,7.3682494,1617.1431,7.1540556,363.08755,0.1,7.1937866,1406.8695
+3C,177,2018,1,0.51852256,8.858018,1534.3158,10.038383,373.1672,0.1,10.684923,1440.1777
+3C,177,2019,1,0.50757056,7.7091208,1609.4736,8.8528185,388.13925,0.1,9.491104,1497.6914
+3C,178,2015,1,0.3192019,4.502095,1070.9855,4.9292216,370.27005,0.1,5.571291,1429.3608
+3C,178,2016,1,0.31428936,4.7897696,1060.3438,5.208947,374.4303,0.1,5.8888683,1443.8104
+3C,178,2017,1,0.2930053,4.9780507,972.7733,5.288136,369.32178,0.1,5.970556,1426.5502
+3C,178,2018,1,0.3460052,4.814764,1153.5852,5.323098,371.67947,0.1,6.001316,1433.8013
+3C,178,2019,1,0.3718406,4.3833222,1272.4022,4.985013,379.72568,0.1,5.6303716,1461.4152
+3C,179,2015,1,0.5891113,2.0953238,1708.998,2.1430144,325.05017,0.1,2.2057087,1259.5323
+3C,179,2016,1,0.50776017,2.5683343,1471.0844,2.489954,321.4491,0.1,2.527981,1247.2494
+3C,179,2017,1,0.57833725,2.3387902,1661.3632,2.3524835,318.80792,0.1,2.3470376,1238.9524
+3C,179,2018,1,0.5916835,1.4042149,1794.056,1.4609073,334.07822,0.1,1.49574,1294.0818
+3C,179,2019,1,0.46397585,2.0206766,1285.2413,1.8820564,298.96518,0.1,1.8654974,1164.3224
+3C,180,2015,1,0.5949888,1.7024186,1746.1532,1.7118645,323.4975,0.1,1.7282506,1253.8635
+3C,180,2016,1,0.5170518,2.095254,1526.2787,2.1057565,322.93646,0.1,2.0957484,1253.5239
+3C,180,2017,1,0.56074077,2.7549586,1590.7091,3.0229073,315.2197,0.1,3.1399066,1225.4315
+3C,180,2018,1,0.5778384,2.5222466,1687.2317,2.590444,324.86847,0.1,2.598187,1258.1868
+3C,180,2019,1,0.4314364,2.2806242,1171.6063,2.3331609,292.4332,0.1,2.3421044,1139.0653
+3C,181,2015,1,0.5974035,3.880635,2050.5083,4.442943,391.87604,0.1,4.55869,1511.0695
+3C,181,2016,1,0.59276676,4.610712,2035.1044,5.5372834,397.97943,0.1,5.959702,1531.2981
+3C,181,2017,1,0.5984862,4.034636,2029.2166,4.749872,389.3632,0.1,4.9068594,1500.2716
+3C,181,2018,1,0.595541,4.2256813,2050.148,5.019027,397.7028,0.1,5.3015323,1528.6997
+3C,181,2019,1,0.58582115,4.2840953,2026.8354,5.237304,398.46582,0.1,5.491149,1531.2031
+3C,182,2015,1,0.59745127,1.9555906,2009.1412,1.821039,368.9529,0.1,1.7783611,1430.1371
+3C,182,2016,1,0.3478903,4.8183103,1186.8942,5.057125,373.455,0.1,5.4047604,1443.6472
+3C,182,2017,1,0.5060808,3.935122,1625.8232,4.066211,356.92548,0.1,4.1266184,1386.1139
+3C,182,2018,1,0.5621636,3.720071,1803.195,4.0814347,357.6627,0.1,4.251596,1386.7715
+3C,182,2019,1,0.30489197,1.8402467,1004.03864,1.749757,341.24792,0.1,1.7001907,1328.1545
+3C,183,2015,1,0.21227452,5.065454,468.81583,5.122768,245.77994,0.1,5.5682454,957.0297
+3C,183,2016,1,0.22861703,3.7246192,528.49054,3.7548304,255.11418,0.1,4.061044,986.7259
+3C,183,2017,1,0.3532378,2.837941,850.2214,2.9816732,265.55405,0.1,3.2510836,1023.43634
+3C,183,2018,1,0.42639062,2.7364328,993.1259,2.8968897,259.32462,0.1,3.0905652,1002.31775
+3C,183,2019,1,0.5565054,2.67147,1342.4916,3.0730045,272.37222,0.1,3.3252628,1051.7994
+3C,184,2015,1,0.4999627,3.1641996,1548.0078,3.473304,356.9751,0.1,3.651869,1379.7047
+3C,184,2016,1,0.4022401,3.8848722,1275.8507,4.358713,356.5411,0.1,4.8258862,1376.5021
+3C,184,2017,1,0.5258791,3.2784262,1634.098,3.7982657,351.18964,0.1,3.9774253,1358.6405
+3C,184,2018,1,0.4983108,2.288138,1552.2659,2.4833794,353.77753,0.1,2.59865,1366.8778
+3C,184,2019,1,0.3517968,3.8401694,1033.0885,4.215484,321.70767,0.1,4.589122,1249.6848
+3C,185,2015,1,0.47319955,4.003106,1274.4581,4.4037523,299.53894,0.1,4.585064,1172.1313
+3C,185,2016,1,0.34373096,4.721319,968.97736,4.896513,313.56238,0.1,5.1383877,1222.6925
+3C,185,2017,1,0.2333976,4.4685125,650.8008,4.609483,298.6997,0.1,4.931821,1168.6068
+3C,185,2018,1,0.51405174,3.643805,1454.6306,4.0562468,312.8893,0.1,4.198322,1220.9237
+3C,185,2019,1,0.3357058,3.604241,917.0674,3.6899948,294.4827,0.1,3.8056183,1152.0619
+3C,186,2015,1,0.52102953,7.630307,1648.5826,8.033806,376.5466,0.1,8.436036,1453.5084
+3C,186,2016,1,0.33750758,7.5972958,1014.1327,7.767804,345.5413,0.1,8.176128,1341.9568
+3C,186,2017,1,0.31706816,9.765867,934.0393,10.12401,347.12363,0.1,10.846394,1348.7228
+3C,186,2018,1,0.2845746,10.552797,843.3844,10.9661255,356.48035,0.1,12.032217,1377.2527
+3C,186,2019,1,0.27818528,10.501255,849.5553,10.794889,367.01526,0.1,11.862143,1416.8763
+3C,187,2015,1,0.355047,4.8830204,938.3644,5.129906,291.96164,0.1,5.296599,1144.9156
+3C,187,2016,1,0.2886285,5.6194944,815.38995,5.7638454,313.9119,0.1,6.050207,1225.5083
+3C,187,2017,1,0.15612625,5.7620296,433.13443,5.7146964,299.75223,0.1,6.1535807,1172.5078
+3C,187,2018,1,0.4655887,4.735839,1306.8987,5.193342,312.8681,0.1,5.422946,1222.6176
+3C,187,2019,1,0.27692968,3.9771578,768.06714,3.9871457,296.29947,0.1,4.0808816,1159.2354
+3C,188,2015,1,0.49035677,4.4198895,1321.7274,4.7984924,300.01987,0.1,4.8976364,1176.0989
+3C,188,2016,1,0.42283568,4.7494726,1237.9724,4.9355965,326.81613,0.1,5.0528803,1272.6194
+3C,188,2017,1,0.3225751,5.0361004,926.2861,5.3517246,313.1177,0.1,5.6316013,1221.5391
+3C,188,2018,1,0.50481147,4.033974,1459.1702,4.308484,321.09344,0.1,4.3900595,1251.7098
+3C,188,2019,1,0.45071203,2.277343,1286.5024,2.1038458,304.13397,0.1,2.0394428,1188.2644
+3C,189,2015,1,0.28352848,5.1868463,869.84436,5.4414697,340.164,0.1,5.8563895,1323.9485
+3C,189,2016,1,0.152619,5.687932,466.93994,5.6139693,331.26932,0.1,6.2599974,1292.6409
+3C,189,2017,1,0.19863144,5.462408,602.26166,5.5533557,330.9168,0.1,6.2008805,1291.5336
+3C,189,2018,1,0.22178578,5.4129643,693.7738,5.5420995,343.1098,0.1,6.131009,1334.2949
+3C,189,2019,1,0.19670127,5.1047535,580.61414,5.166301,322.23804,0.1,5.5543923,1257.2035
+3C,190,2015,1,0.20250025,2.8774312,474.35178,2.857366,256.9469,0.1,3.2002413,986.05237
+3C,190,2016,1,0.17226095,3.2192683,397.4567,3.113384,257.09634,0.1,3.5020819,987.4746
+3C,190,2017,1,0.19055583,3.1551192,441.43088,3.1057606,254.06564,0.1,3.4842405,976.9931
+3C,190,2018,1,0.16248383,3.03231,400.28082,2.923927,269.64587,0.1,3.2932951,1030.9017
+3C,190,2019,1,0.21370873,2.8580728,507.24725,2.8304458,260.13663,0.1,3.1452668,999.2801
+3C,191,2015,1,0.5280998,3.9624887,1441.0482,4.0736475,305.2048,0.1,4.0412407,1192.1992
+3C,191,2016,1,0.45031562,4.414519,1313.5323,4.4351497,326.3391,0.1,4.474428,1269.5531
+3C,191,2017,1,0.31757686,4.9520564,886.96735,5.2272267,304.32526,0.1,5.497292,1188.2314
+3C,191,2018,1,0.5226602,3.7743325,1512.9501,4.033692,321.3973,0.1,4.1070733,1251.5593
+3C,191,2019,1,0.49986085,2.170823,1383.2864,1.9292849,296.972,0.1,1.8370849,1160.8763
+3C,192,2015,1,0.29245237,5.62358,886.5991,5.626628,353.22006,0.1,6.1771092,1338.4861
+3C,192,2016,1,0.32818308,4.3630815,1063.4988,4.3104224,360.7712,0.1,4.451597,1370.1436
+3C,192,2017,1,0.5749122,1.7312056,1940.123,1.613677,383.44202,0.1,1.6390475,1452.2063
+3C,192,2018,1,0.31884912,4.5875316,1025.9348,4.5563974,360.33856,0.1,4.768792,1368.2799
+3C,192,2019,1,0.59078056,1.6242435,2034.1079,1.6437575,396.51718,0.1,1.7361985,1496.4114
+3C,193,2015,1,0.2835969,4.018187,920.2302,4.1375813,350.56628,0.1,4.473886,1349.4983
+3C,193,2016,1,0.21473837,5.008031,706.0063,5.1336713,355.7713,0.1,5.578859,1366.2996
+3C,193,2017,1,0.2919372,4.37426,952.4503,4.66075,353.1057,0.1,5.0708256,1356.4657
+3C,193,2018,1,0.3005742,4.5721207,961.9259,5.0397863,346.82303,0.1,5.5505037,1337.287
+3C,193,2019,1,0.30770802,3.5288596,956.7355,3.5109801,334.95233,0.1,3.6138358,1292.6873
+3C,194,2015,1,0.33684456,4.456102,981.43115,4.7754517,321.71198,0.1,5.259547,1220.5708
+3C,194,2016,1,0.26893508,4.844205,768.21436,4.990686,312.777,0.1,5.5308213,1186.554
+3C,194,2017,1,0.3954661,3.2872775,1193.4836,3.5477793,328.86212,0.1,3.8387225,1243.9083
+3C,194,2018,1,0.34891048,3.8429427,1057.9758,4.1395416,333.86496,0.1,4.6096883,1257.4861
+3C,194,2019,1,0.2919074,4.1613097,856.9482,4.3395567,321.65057,0.1,4.807706,1217.077
+3C,195,2015,1,0.28326973,3.9972591,755.6152,4.2206697,287.68576,0.1,4.453715,1127.0045
+3C,195,2016,1,0.17360632,4.6350684,503.69302,4.6463356,309.38223,0.1,5.0091896,1207.3915
+3C,195,2017,1,0.07986124,4.719552,220.07393,4.492392,295.18076,0.1,4.8950796,1153.4689
+3C,195,2018,1,0.3659429,4.116713,1053.8062,4.5067005,313.93576,0.1,4.761862,1223.7872
+3C,195,2019,1,0.18283339,4.1952047,512.6344,4.2208424,298.8652,0.1,4.4522295,1167.919
+3C,196,2015,1,0.11050888,4.6302776,389.79587,4.4079866,380.41083,0.1,4.83578,1467.327
+3C,196,2016,1,0.07570703,3.8925083,259.01517,3.669098,360.0508,0.1,4.0416484,1394.313
+3C,196,2017,1,0.10225123,4.375988,340.87402,4.1743736,358.41632,0.1,4.572889,1387.6633
+3C,196,2018,1,0.074420005,4.2207046,263.7221,3.9260278,374.70865,0.1,4.410683,1442.4287
+3C,196,2019,1,0.08685398,3.78967,311.257,3.5932574,373.39557,0.1,4.011603,1440.2589
+3C,197,2015,1,0.12938915,3.970458,436.38858,3.8477173,355.6794,0.1,4.2966495,1380.9287
+3C,197,2016,1,0.1177333,3.4244964,399.02783,3.3299258,353.55585,0.1,3.6696877,1370.5682
+3C,197,2017,1,0.089328974,3.9839706,299.6019,3.7701344,352.7906,0.1,4.2072954,1367.5697
+3C,197,2018,1,0.07561302,3.8209584,256.93826,3.5786626,354.9787,0.1,4.0198326,1374.4698
+3C,197,2019,1,0.09059525,3.260779,311.1325,3.135058,357.11755,0.1,3.3738291,1382.7877
+3C,198,2015,1,0.5883519,2.255373,1681.5076,2.301061,319.40433,0.1,2.3508847,1239.6582
+3C,198,2016,1,0.50993425,2.880797,1468.0386,2.85268,319.6694,0.1,2.8880372,1242.0409
+3C,198,2017,1,0.5494228,2.7861362,1537.1173,2.9926574,310.3184,0.1,3.0278163,1207.5104
+3C,198,2018,1,0.58985865,1.8176978,1765.7582,1.9841812,331.163,0.1,2.0620627,1283.9825
+3C,198,2019,1,0.47266862,2.172893,1296.0583,2.0168858,296.84424,0.1,1.9737682,1156.2828
+3C,199,2015,1,0.59962773,0.9916052,1976.1482,1.0011854,356.38715,0.1,1.0172085,1382.2328
+3C,199,2016,1,0.581298,3.2030382,1788.2909,3.9124265,340.91385,0.1,4.247511,1326.5911
+3C,199,2017,1,0.57209396,3.5017421,1771.2462,4.105701,346.7249,0.1,4.4891515,1346.4183
+3C,199,2018,1,0.5963224,3.3039289,1882.0186,3.6021237,356.294,0.1,3.802533,1379.3044
+3C,199,2019,1,0.59893703,2.2947526,1977.7631,2.490269,365.00162,0.1,2.6794982,1414.706
+3C,200,2015,1,0.3863776,2.4245427,844.62244,2.6568117,228.52397,0.1,2.7871437,900.85614
+3C,200,2016,1,0.25565267,4.4103875,618.23413,4.5945573,263.42587,0.1,5.052013,1030.6171
+3C,200,2017,1,0.20291688,4.3257475,453.5779,4.364748,242.06487,0.1,4.764686,952.8526
+3C,200,2018,1,0.4056985,3.5477076,874.95123,4.0058928,235.73393,0.1,4.3360734,925.92065
+3C,200,2019,1,0.2411552,3.8068027,560.77356,3.9959385,249.0799,0.1,4.3453965,974.76715
+3C,201,2015,1,0.1569312,7.091612,430.2158,6.639622,303.30548,0.1,7.616219,1161.1244
+3C,201,2016,1,0.16192791,6.8407087,449.22324,6.4435997,306.32202,0.1,7.3800883,1173.7496
+3C,201,2017,1,0.20056772,7.2286882,563.46344,6.855682,311.12674,0.1,7.877466,1191.5931
+3C,201,2018,1,0.16625461,6.4553347,473.67987,6.1974816,306.5526,0.1,7.0603447,1176.0591
+3C,201,2019,1,0.17074293,6.8957624,473.7498,6.5970893,304.75095,0.1,7.5282965,1166.369
+3C,202,2015,1,0.5775763,1.7561857,1440.4299,2.0239513,279.26935,0.1,2.2431893,1085.5718
+3C,202,2016,1,0.5768506,1.6297492,1567.4714,1.8832362,304.86453,0.1,2.0864294,1180.1227
+3C,202,2017,1,0.56695336,1.8195404,1461.4557,2.0372372,291.6291,0.1,2.2772422,1130.5253
+3C,202,2018,1,0.562479,1.4344317,1420.471,1.7121311,281.1332,0.1,1.9246897,1093.9136
+3C,202,2019,1,0.5647551,1.6340139,1450.0072,1.8982476,285.04684,0.1,2.1143637,1107.8046
+3C,203,2015,1,0.3843968,3.7724836,997.3231,4.1668468,276.49628,0.1,4.454123,1084.9377
+3C,203,2016,1,0.2032487,5.322954,529.9608,5.3775864,285.1261,0.1,5.8795743,1117.1915
+3C,203,2017,1,0.16589686,4.731553,419.41113,4.7150855,271.43726,0.1,5.145039,1065.9945
+3C,203,2018,1,0.15768413,4.77261,405.9172,4.6733623,279.21768,0.1,5.078255,1094.0393
+3C,203,2019,1,0.18968983,4.3062973,511.95837,4.3393598,289.85654,0.1,4.719142,1132.5762
+3C,204,2015,1,0.36756903,2.6095626,1026.692,2.7910953,299.98102,0.1,2.8940344,1164.1345
+3C,204,2016,1,0.42472845,2.3310885,1232.7938,2.6069334,313.40158,0.1,2.7277024,1211.0182
+3C,204,2017,1,0.21606362,2.7551615,619.92755,2.8316703,300.91415,0.1,3.0176003,1168.2574
+3C,204,2018,1,0.35898855,2.4737647,1044.771,2.6807034,310.27036,0.1,2.8126748,1200.9182
+3C,204,2019,1,0.34095106,2.2259107,971.4381,2.3595178,302.37082,0.1,2.4772477,1171.7137
+3C,205,2015,1,0.43067753,4.051682,1505.143,4.281452,386.71588,0.1,4.8957033,1484.6874
+3C,205,2016,1,0.25123808,3.6608753,836.5967,3.7890036,356.24307,0.1,4.261372,1378.0188
+3C,205,2017,1,0.29018408,3.9174304,978.65247,4.0533233,367.05936,0.1,4.576094,1414.3718
+3C,205,2018,1,0.40905264,3.7942362,1414.3019,4.126127,380.4885,0.1,4.6801867,1460.6008
+3C,205,2019,1,0.44722235,4.389967,1566.781,4.6305804,387.3231,0.1,5.3094316,1487.1357
+3C,206,2015,1,0.5495348,0.8045191,1849.445,0.51037604,358.71625,0.1,0.46900585,1395.1661
+3C,206,2016,1,0.46633464,0.16183391,1612.0363,0.09488222,358.21188,0.1,0.08138924,1393.186
+3C,206,2017,1,0.17503336,4.603786,558.61896,4.509711,339.02628,0.1,4.6645947,1321.6713
+3C,206,2018,1,0.28174737,4.678386,926.9453,4.607761,355.77664,0.1,4.717496,1381.8759
+3C,206,2019,1,0.39844957,1.4728011,1368.8219,1.0313163,362.3144,0.1,0.8790747,1406.474
+3C,207,2015,1,0.12502895,3.8412461,389.02295,3.7420113,330.05078,0.1,3.998838,1281.9009
+3C,207,2016,1,0.10072434,5.5534363,320.98697,5.3036337,340.89615,0.1,5.9264708,1320.5906
+3C,207,2017,1,0.10088728,5.202768,337.07153,4.981163,354.7614,0.1,5.5279236,1369.6263
+3C,207,2018,1,0.108819865,5.29562,376.62537,5.064458,370.2605,0.1,5.633192,1424.8997
+3C,207,2019,1,0.11117416,3.0896442,367.20822,3.049449,346.06628,0.1,3.0830998,1338.6346
+3C,208,2015,1,0.3577399,4.6383476,931.16003,4.8492823,291.7772,0.1,5.086233,1135.9469
+3C,208,2016,1,0.20423725,5.6553826,563.2487,5.659152,305.29108,0.1,6.121811,1184.2289
+3C,208,2017,1,0.20457791,5.6896086,534.3926,5.7156663,288.40356,0.1,6.2076263,1122.9482
+3C,208,2018,1,0.31654137,5.092827,854.8942,5.351082,300.17834,0.1,5.6683683,1166.3351
+3C,208,2019,1,0.16007902,5.1507797,410.1299,5.085532,280.16196,0.1,5.404214,1091.7614
+3C,209,2015,1,0.20262007,5.3917184,634.93964,5.453992,344.55054,0.1,6.079603,1340.8468
+3C,209,2016,1,0.15690094,5.6299853,493.6433,5.57223,340.4539,0.1,6.194425,1326.9781
+3C,209,2017,1,0.18852529,5.522207,577.1609,5.5681167,334.1264,0.1,6.250447,1304.8042
+3C,209,2018,1,0.21560344,5.4672256,684.5381,5.593535,348.95807,0.1,6.2630405,1355.5607
+3C,209,2019,1,0.14348707,5.141529,436.11023,5.04324,328.15018,0.1,5.6314692,1279.2727
+3C,210,2015,1,0.5967548,2.513968,1997.9077,2.410591,368.1916,0.1,2.3506298,1428.6825
+3C,210,2016,1,0.35736874,4.7428226,1228.7485,5.085132,375.69843,0.1,5.535943,1451.9344
+3C,210,2017,1,0.54653996,4.2139635,1765.6914,4.5593286,362.4075,0.1,4.7349305,1407.1583
+3C,210,2018,1,0.5717341,3.9930732,1864.2301,4.4234753,364.88925,0.1,4.650075,1414.4774
+3C,210,2019,1,0.286992,3.2370932,946.34467,3.2550144,348.01532,0.1,3.3783364,1354.3304
+3C,211,2015,1,0.43363726,2.4378448,849.5227,2.6350138,213.59827,0.1,2.8232846,839.93353
+3C,211,2016,1,0.5139897,2.27637,1036.9371,2.412169,221.61307,0.1,2.4984183,869.08057
+3C,211,2017,1,0.4461712,2.825035,953.29614,3.052605,238.8582,0.1,3.3013265,931.40314
+3C,211,2018,1,0.47128618,2.1874297,946.76575,2.4079654,217.50494,0.1,2.5214863,853.34656
+3C,211,2019,1,0.3671063,3.3111227,708.06256,3.5395846,214.36513,0.1,3.7713118,840.5266
+3C,212,2015,1,0.5615665,3.3211637,1768.4854,3.685172,363.29456,0.1,3.8917432,1405.0782
+3C,212,2016,1,0.43490508,4.2134724,1432.3671,4.7726927,372.22543,0.1,5.279728,1434.0477
+3C,212,2017,1,0.529415,4.0413246,1677.5951,4.6806326,361.06638,0.1,4.9491987,1394.8357
+3C,212,2018,1,0.5655009,3.0166178,1769.8121,3.2848072,362.76273,0.1,3.4618962,1398.5953
+3C,212,2019,1,0.2996961,4.4525213,913.5774,4.6948667,332.8616,0.1,5.061575,1291.7874
+3C,213,2015,1,0.17714056,4.2408595,384.07312,4.204878,239.61838,0.1,4.5926332,933.3747
+3C,213,2016,1,0.19806583,2.850251,476.31555,2.8051074,260.03616,0.1,3.0082624,1006.1943
+3C,213,2017,1,0.36372042,1.1753364,884.16724,1.2233613,258.47586,0.1,1.3011827,999.10675
+3C,213,2018,1,0.4585192,1.3210645,1119.3027,1.3290067,262.43088,0.1,1.3783073,1015.8507
+3C,213,2019,1,0.5090858,1.6410807,1226.168,1.7046443,263.27026,0.1,1.7771716,1020.51636
+3C,214,2015,1,0.5979324,1.1882076,1862.2438,1.2240813,344.204,0.1,1.2484891,1326.305
+3C,214,2016,1,0.5705339,2.7707808,1763.4567,2.8644772,350.46237,0.1,2.8959773,1350.2131
+3C,214,2017,1,0.57166445,2.6886697,1670.9323,2.8149135,328.6024,0.1,2.877677,1270.9268
+3C,214,2018,1,0.3954673,3.6450477,1230.2201,3.8126383,344.46927,0.1,4.013231,1324.0314
+3C,214,2019,1,0.4061504,2.9718068,1177.4534,3.109867,316.94995,0.1,3.179826,1227.7764
+3C,215,2015,1,0.5989007,0.026175855,2076.4255,0.025581613,384.98618,0.1,0.024652606,1454.5488
+3C,215,2016,1,0.598815,0.0685348,2075.2214,0.060457405,379.14737,0.1,0.055990513,1445.3987
+3C,215,2017,1,0.5991231,0.044564363,1988.0874,0.0463859,358.88263,0.1,0.043297905,1374.0968
+3C,215,2018,1,0.59909016,0.026188249,1977.5763,0.027034966,358.0284,0.1,0.025148163,1369.2955
+3C,215,2019,1,0.5984892,0.017615195,1932.9652,0.015346067,351.01135,0.1,0.014401041,1342.1986
+3C,216,2015,1,0.25652632,5.498824,830.3452,5.586231,363.6355,0.1,6.301422,1404.3098
+3C,216,2016,1,0.12785418,5.51679,402.34277,5.293256,341.85388,0.1,5.9824896,1329.3473
+3C,216,2017,1,0.15022741,5.449398,486.58575,5.2696905,352.81378,0.1,5.9187727,1368.4927
+3C,216,2018,1,0.20492223,5.364686,663.0724,5.3867817,356.18506,0.1,6.086417,1378.1992
+3C,216,2019,1,0.27473658,5.544429,893.2028,5.6547575,367.70837,0.1,6.326645,1417.1093
+3C,217,2015,1,0.31113338,3.0472329,1176.977,3.0708606,421.66885,0.1,3.2348404,1609.5189
+3C,217,2016,1,0.34527415,3.0073838,1326.3933,2.958923,433.88202,0.1,3.06336,1653.2488
+3C,217,2017,1,0.22719732,3.0995886,843.9541,3.0210996,413.00433,0.1,3.1680877,1578.2885
+3C,217,2018,1,0.20437963,3.6613884,756.7144,3.6086063,405.20148,0.1,3.784263,1550.1996
+3C,217,2019,1,0.2932709,2.7003884,1061.5087,2.6014528,409.756,0.1,2.670655,1566.1185
+3C,218,2015,1,0.11700596,5.1335845,381.23334,4.8833604,349.40323,0.1,5.4950366,1348.3716
+3C,218,2016,1,0.10649179,4.8504863,354.48206,4.6574345,350.89984,0.1,5.228503,1355.0323
+3C,218,2017,1,0.08446783,4.860725,290.42877,4.5955114,361.63254,0.1,5.158659,1393.8192
+3C,218,2018,1,0.0993,4.7630095,357.40115,4.530493,379.04895,0.1,5.0855947,1455.8323
+3C,218,2019,1,0.113377705,4.931435,392.08002,4.7259383,367.67242,0.1,5.2226477,1415.8381
+3C,219,2015,1,0.5930428,1.2011164,2035.1921,1.1539212,394.26767,0.1,1.1755188,1491.744
+3C,219,2016,1,0.5949907,1.0843132,2056.6326,0.9148646,391.6503,0.1,0.86846864,1486.5642
+3C,219,2017,1,0.5864447,1.8303751,1974.6139,1.5027575,386.67126,0.1,1.4134388,1466.8801
+3C,219,2018,1,0.5089869,2.8978925,1672.0753,2.554152,379.57663,0.1,2.5095315,1437.6725
+3C,219,2019,1,0.53607506,2.5923505,1703.1113,2.415423,362.74243,0.1,2.4016714,1385.3938
+3C,220,2015,1,0.34237188,4.208709,888.55774,4.405544,286.60785,0.1,4.59002,1120.7039
+3C,220,2016,1,0.24476181,4.3601093,677.54486,4.455041,298.69278,0.1,4.72674,1164.3889
+3C,220,2017,1,0.10019989,4.483569,269.1589,4.3430533,287.90082,0.1,4.632504,1124.1338
+3C,220,2018,1,0.35935545,4.1257467,1001.0902,4.340644,305.18762,0.1,4.5047708,1187.9705
+3C,220,2019,1,0.19802465,4.2575655,539.465,4.26548,293.05856,0.1,4.47456,1144.2584
+3C,221,2015,1,0.47641602,1.8165455,1166.4418,1.9894089,259.29852,0.1,2.1210682,1021.53156
+3C,221,2016,1,0.44434035,2.3042777,1084.2504,2.5583086,258.93765,0.1,2.6950264,1020.15155
+3C,221,2017,1,0.35528424,2.5137384,764.4345,2.6937337,228.55171,0.1,2.846264,904.5414
+3C,221,2018,1,0.3318118,2.9639463,772.665,3.1749706,249.64494,0.1,3.3994222,982.14014
+3C,221,2019,1,0.41660497,1.7970315,981.9096,2.012847,248.91464,0.1,2.127077,979.48804
+3C,222,2015,1,0.070160076,4.911456,236.06764,4.5707374,358.51627,0.1,5.1495633,1389.9457
+3C,222,2016,1,0.082762286,4.9429975,279.36127,4.6416225,359.8735,0.1,5.2283244,1393.3657
+3C,222,2017,1,0.10879694,4.787454,368.98154,4.577631,362.15823,0.1,5.1564717,1403.0028
+3C,222,2018,1,0.06846414,4.784362,232.22723,4.4537644,360.01984,0.1,5.0041485,1391.4293
+3C,222,2019,1,0.083106294,4.805858,284.09842,4.518891,363.7644,0.1,5.046309,1406.3665
+3C,223,2015,1,0.5699199,1.2345272,1671.5487,1.142351,318.43143,0.1,1.1130897,1234.6422
+3C,223,2016,1,0.4670739,1.6652038,1406.8789,1.6049907,321.80814,0.1,1.5691793,1248.699
+3C,223,2017,1,0.42780963,1.463895,1237.8397,1.4627328,305.56897,0.1,1.4707876,1190.5098
+3C,223,2018,1,0.58280736,0.6520181,1779.597,0.63240165,327.55145,0.1,0.6314253,1270.7043
+3C,223,2019,1,0.47586036,0.3498959,1393.4205,0.29765528,304.66754,0.1,0.28168613,1185.8656
+3C,224,2015,1,0.59818286,1.1458906,1793.621,1.2169685,328.76935,0.1,1.2513123,1272.0223
+3C,224,2016,1,0.509352,2.7846704,1506.3934,2.9428706,326.93405,0.1,2.983441,1267.3068
+3C,224,2017,1,0.5407133,2.9397075,1549.7411,3.1549351,318.92422,0.1,3.263753,1238.1671
+3C,224,2018,1,0.42237756,3.438325,1261.0621,3.5104935,328.91388,0.1,3.6029105,1271.1233
+3C,224,2019,1,0.35881883,2.498123,981.635,2.5636349,292.0574,0.1,2.6241832,1137.3259
+3C,225,2015,1,0.47356915,2.7019675,1165.3285,3.012709,266.69464,0.1,3.2696137,1047.2642
+3C,225,2016,1,0.39848697,2.6921604,1007.5159,2.9908204,268.57248,0.1,3.2308476,1055.0159
+3C,225,2017,1,0.29513982,3.387238,649.9411,3.5928438,236.4225,0.1,3.8904119,933.59644
+3C,225,2018,1,0.2785786,3.732541,691.4557,3.8798418,266.09094,0.1,4.2213173,1043.5571
+3C,225,2019,1,0.42290875,2.561401,1056.1534,2.884939,267.91574,0.1,3.0876982,1051.296
+3C,226,2015,1,0.45688263,3.6924405,1444.848,4.118139,357.47205,0.1,4.412911,1381.59
+3C,226,2016,1,0.39854234,3.9860308,1329.0251,4.606153,369.68463,0.1,5.148179,1424.0309
+3C,226,2017,1,0.46003795,3.7990303,1469.6118,4.438749,355.89764,0.1,4.793019,1375.0356
+3C,226,2018,1,0.48185962,2.9324207,1524.7516,3.2711053,354.74673,0.1,3.4968085,1368.9374
+3C,226,2019,1,0.2519715,3.87452,753.7687,4.0866427,321.22354,0.1,4.5045977,1247.4735
+3C,227,2015,1,0.16051549,3.4618692,333.67154,3.4620452,221.76704,0.1,3.8758004,869.4011
+3C,227,2016,1,0.15082105,3.9538307,325.65656,3.8871477,235.02133,0.1,4.3430676,918.11414
+3C,227,2017,1,0.17479602,3.709024,394.57004,3.7032077,243.22653,0.1,4.1629972,948.4879
+3C,227,2018,1,0.2958525,3.5462596,651.10333,3.7940793,241.0232,0.1,4.20786,937.695
+3C,227,2019,1,0.14228763,3.5775638,334.75864,3.51216,250.95303,0.1,3.9268873,973.84314
+3C,228,2015,1,0.13649224,5.826726,477.59482,5.6326723,387.0753,0.1,5.9708905,1484.8959
+3C,228,2016,1,0.17432904,5.432065,559.1806,5.432709,350.01215,0.1,5.759177,1354.1698
+3C,228,2017,1,0.16639084,5.562508,567.71106,5.533942,372.67148,0.1,5.98437,1434.8077
+3C,228,2018,1,0.14393519,6.0720844,492.4013,5.91695,373.1232,0.1,6.4593554,1434.5475
+3C,228,2019,1,0.2569428,4.468156,851.56085,4.4004946,367.0049,0.1,4.4510794,1413.9507
+3C,229,2015,1,0.32446185,3.4259648,591.9668,3.622035,200.84583,0.1,3.899663,792.1118
+3C,229,2016,1,0.21835005,4.898486,421.47226,4.9465637,218.0945,0.1,5.344883,855.0461
+3C,229,2017,1,0.29997936,4.683444,606.5112,4.8886714,229.59804,0.1,5.3082943,897.8162
+3C,229,2018,1,0.25028586,4.162519,470.38068,4.309317,207.58923,0.1,4.6476593,815.9605
+3C,229,2019,1,0.23686771,4.434855,441.5954,4.5635653,209.15948,0.1,5.0135217,821.0446
+3C,230,2015,1,0.10432142,4.4765096,303.6669,4.2487392,320.941,0.1,4.690225,1250.8593
+3C,230,2016,1,0.06951387,4.911145,220.73817,4.5641165,346.744,0.1,5.081824,1343.7599
+3C,230,2017,1,0.06299816,4.8470545,192.71799,4.4713674,335.46295,0.1,4.996607,1301.1587
+3C,230,2018,1,0.09667671,4.9148893,311.15115,4.6353703,353.37454,0.1,5.109112,1368.8654
+3C,230,2019,1,0.062427185,5.4065,194.91895,4.997098,346.4142,0.1,5.5546274,1341.922
+3C,231,2015,1,0.434301,4.303297,1299.482,4.6296654,339.22244,0.1,5.051502,1273.5026
+3C,231,2016,1,0.40191418,3.4261415,1163.9445,3.5909064,323.44223,0.1,3.9395711,1219.5991
+3C,231,2017,1,0.43600863,2.7286763,1369.0923,2.9289312,347.69766,0.1,3.1767194,1301.664
+3C,231,2018,1,0.39275634,3.5077305,1199.7244,3.828482,340.06323,0.1,4.2587314,1268.964
+3C,231,2019,1,0.35743576,4.2477837,1104.7181,4.467539,339.75067,0.1,4.911941,1275.1548
+3C,232,2015,1,0.3234307,7.494401,1106.3042,7.926583,391.20566,0.1,8.733882,1511.6567
+3C,232,2016,1,0.41852105,6.4673595,1433.8627,6.9641695,392.86337,0.1,7.6500063,1517.5962
+3C,232,2017,1,0.54465514,6.8725204,1783.5409,8.014104,388.42352,0.1,8.694196,1500.9082
+3C,232,2018,1,0.2739872,6.9712167,945.80615,7.147333,388.67828,0.1,7.817399,1501.362
+3C,232,2019,1,0.46157652,5.487294,1603.0337,5.6620736,396.20755,0.1,6.0339565,1529.5605
+3C,233,2015,1,0.5984122,0.1592818,2114.267,0.1350233,398.3476,0.1,0.13265084,1495.6317
+3C,233,2016,1,0.5990379,0.2449024,2132.6353,0.22244214,400.6802,0.1,0.2196499,1505.4906
+3C,233,2017,1,0.599113,0.10270208,2132.3135,0.118205994,399.28387,0.1,0.123826705,1502.3525
+3C,233,2018,1,0.598291,0.16860251,2106.817,0.1652188,394.97775,0.1,0.16702029,1486.0018
+3C,233,2019,1,0.59850407,0.21531366,2109.845,0.22220214,395.9815,0.1,0.22561303,1489.2434
+3C,234,2015,1,0.5962677,1.6218011,1806.3987,1.7351964,338.65256,0.1,1.8106899,1305.8083
+3C,234,2016,1,0.5898814,2.4614224,1769.9089,2.6403074,337.90698,0.1,2.7373962,1305.2063
+3C,234,2017,1,0.58836687,1.4614856,1737.3378,1.5286934,323.8603,0.1,1.5581285,1254.2745
+3C,234,2018,1,0.4091702,3.491108,1218.545,3.5536234,330.23456,0.1,3.697266,1272.6183
+3C,234,2019,1,0.5844718,1.4602703,1662.9062,1.552954,311.74033,0.1,1.5887957,1208.584
+3C,235,2015,1,0.5997918,0.05978693,2090.934,0.066851154,374.00507,0.1,0.06752168,1445.0829
+3C,235,2016,1,0.5995917,0.04781868,2093.801,0.057938725,376.16,0.1,0.059418716,1450.0406
+3C,235,2017,1,0.5997114,0.1018612,2097.1692,0.08523655,375.6533,0.1,0.08078736,1449.5737
+3C,235,2018,1,0.59967625,0.07040492,2095.985,0.07542487,376.7746,0.1,0.0770602,1451.4623
+3C,235,2019,1,0.59987974,0.0452244,2182.5967,0.052080475,393.10806,0.1,0.052921772,1512.7487
+3C,236,2015,1,0.16550146,3.7849095,375.16406,3.796414,241.47774,0.1,4.232368,943.57605
+3C,236,2016,1,0.17643249,4.202169,411.96805,4.1720047,255.70786,0.1,4.6508107,993.75073
+3C,236,2017,1,0.1953971,4.151168,479.4092,4.1750402,266.29648,0.1,4.669134,1031.3661
+3C,236,2018,1,0.36224884,3.4723861,855.47406,3.8779848,259.9228,0.1,4.2753267,1007.12256
+3C,236,2019,1,0.20710616,4.092191,517.16345,4.143686,271.51553,0.1,4.635663,1049.0521
+3C,237,2015,1,0.21086055,2.9517546,484.84872,3.0323212,239.0721,0.1,3.2527387,940.7212
+3C,237,2016,1,0.14999981,4.6315804,346.87408,4.572681,250.49435,0.1,5.071631,982.047
+3C,237,2017,1,0.21568263,4.3133626,513.85834,4.4506426,255.18571,0.1,4.8898807,1000.9761
+3C,237,2018,1,0.27834615,3.5785902,619.8727,3.7112408,240.68654,0.1,3.9901168,944.312
+3C,237,2019,1,0.15786709,3.9829922,390.36282,3.9881134,261.7469,0.1,4.41067,1021.997
+3C,238,2015,1,0.11170679,8.0509405,260.74832,7.525194,274.54416,0.1,8.53485,1071.6399
+3C,238,2016,1,0.109823205,8.183933,273.242,7.620058,289.16544,0.1,8.659915,1127.7325
+3C,238,2017,1,0.13335298,8.400103,372.19458,7.884279,320.16824,0.1,8.972252,1240.9314
+3C,238,2018,1,0.15174891,8.1076355,394.41837,7.7374425,296.4949,0.1,8.7848,1154.8252
+3C,238,2019,1,0.15361425,7.607016,413.6348,7.3254085,307.54788,0.1,8.279507,1194.9141
+3C,239,2015,1,0.42297325,3.518144,952.4425,3.8096805,250.62723,0.1,4.0733457,972.9803
+3C,239,2016,1,0.4702324,3.2028213,1076.605,3.5318596,258.16568,0.1,3.772816,999.5037
+3C,239,2017,1,0.40692925,2.516509,989.431,2.6471035,266.383,0.1,2.7913132,1026.5035
+3C,239,2018,1,0.452235,2.6275811,1064.9185,2.827269,261.21603,0.1,3.0202374,1009.69446
+3C,239,2019,1,0.58699214,1.7870251,1450.5079,1.9384713,273.21448,0.1,2.009082,1056.9785
+3C,240,2015,3,0.5254873,3.0975728,1685.3989,2.9779232,603.01733,0.15,3.103073,1521.2637
+3C,240,2016,3,0.56984586,1.9313989,1973.6136,1.755503,647.51666,0.15,1.8207272,1625.3108
+3C,240,2017,3,0.58858013,1.7641535,1964.6193,1.5594409,624.6472,0.15,1.5398134,1570.2715
+3C,240,2018,3,0.5899642,1.1215672,2037.4873,1.045343,627.83527,0.15,1.106286,1580.4789
+3C,240,2019,3,0.5974623,0.7331893,2170.8118,0.6886572,657.0174,0.15,0.70417815,1648.341
+3C,241,2015,3,0.45721513,3.2267854,1066.6144,3.349008,447.83334,0.15,3.9681678,1139.7529
+3C,241,2016,3,0.40574846,3.7631142,964.47516,3.6896267,469.20547,0.15,3.9630775,1192.0126
+3C,241,2017,3,0.40354833,3.6531317,994.3417,3.6496599,485.32797,0.15,4.4787807,1231.1019
+3C,241,2018,3,0.32448047,3.7436981,763.4277,3.591991,449.6083,0.15,4.350572,1144.2634
+3C,241,2019,3,0.33297446,3.804988,772.89166,3.6422153,448.24118,0.15,4.2903557,1143.2965
+3C,242,2015,3,0.52236056,2.481133,1875.8566,2.641151,632.1515,0.15,2.6621943,1621.1622
+3C,242,2016,3,0.50655985,3.207737,1806.1399,3.3748124,640.4423,0.15,3.6362145,1641.0522
+3C,242,2017,3,0.37762234,3.56726,1308.638,3.6032,605.2044,0.15,3.961093,1556.7518
+3C,242,2018,3,0.48636338,2.9892876,1752.7672,3.088823,634.0335,0.15,3.4434245,1627.5616
+3C,242,2019,3,0.45255148,2.8024712,1569.0844,2.8854294,604.45685,0.15,3.0979035,1554.1447
+3C,243,2015,3,0.23039086,3.3259265,801.5789,3.159686,590.00714,0.15,3.815553,1515.3254
+3C,243,2016,3,0.3150908,3.5948656,1104.3207,3.492044,612.8053,0.15,4.242518,1570.8789
+3C,243,2017,3,0.2187682,3.7076147,731.4294,3.463891,573.1354,0.15,4.193985,1477.245
+3C,243,2018,3,0.22868787,4.210539,779.6475,3.8448496,604.487,0.15,4.671961,1553.8784
+3C,243,2019,3,0.23041753,3.5968602,801.5705,3.3765697,591.4346,0.15,4.0902214,1519.3844
+3C,244,2015,3,0.55716646,2.6908798,1100.4219,2.478203,410.91257,0.15,2.5179536,1039.5563
+3C,244,2016,3,0.5042452,3.057793,1013.4344,3.1331146,408.8507,0.15,3.2964997,1038.1531
+3C,244,2017,3,0.563969,1.4454738,1218.051,1.1412121,415.7858,0.15,1.1080513,1053.82
+3C,244,2018,3,0.54770803,2.173435,1177.6986,1.7745534,438.63104,0.15,1.6497741,1104.4839
+3C,244,2019,3,0.5555777,1.8457407,1198.2888,1.6256322,426.56793,0.15,1.6097026,1076.0353
+3C,245,2015,3,0.47520024,3.347043,1250.8062,3.3991117,505.57278,0.15,3.5665157,1278.2152
+3C,245,2016,3,0.4707252,3.4751382,1211.0624,3.1827443,494.28293,0.15,3.2910886,1251.8679
+3C,245,2017,3,0.5467668,1.833199,1506.4025,1.6673234,512.4254,0.15,1.7962883,1296.0197
+3C,245,2018,3,0.4628306,3.3490086,1177.8997,3.3370142,485.763,0.15,3.6854837,1229.0887
+3C,245,2019,3,0.45336017,3.171806,1151.9076,2.9607697,482.81665,0.15,3.005478,1224.5101
+3C,246,2015,3,0.5967697,2.0106165,1974.3324,1.8415277,566.01483,0.15,1.8147609,1463.377
+3C,246,2016,3,0.43006313,2.8045816,1457.5157,3.0325315,570.10925,0.15,3.3735218,1472.1333
+3C,246,2017,3,0.54666877,2.403902,1750.2727,2.5837145,543.6623,0.15,2.60397,1409.7477
+3C,246,2018,3,0.59643626,2.2863414,1941.7368,2.7172663,557.9935,0.15,2.9906206,1442.6635
+3C,246,2019,3,0.47254282,2.3703027,1462.6394,2.7061028,518.6482,0.15,3.1597323,1347.1951
+3C,247,2015,3,0.5195992,1.7621843,1759.0028,1.7963645,578.93335,0.15,1.9219048,1493.8746
+3C,247,2016,3,0.17382437,3.7256773,586.1564,3.4046261,572.9943,0.15,4.100157,1479.6284
+3C,247,2017,3,0.12887442,3.7932432,429.66373,3.4049134,563.252,0.15,4.087327,1458.1619
+3C,247,2018,3,0.2600039,3.6238167,868.80273,3.4689593,571.5694,0.15,4.179603,1478.0597
+3C,247,2019,3,0.35785043,3.2528,1206.8015,3.2951822,576.4934,0.15,3.9322598,1490.1523
+3C,248,2015,3,0.46819803,2.6726916,1196.4171,2.8769312,471.53,0.15,3.2705698,1198.061
+3C,248,2016,3,0.43858346,2.268828,1075.3163,2.4997976,441.10907,0.15,3.0224268,1125.8395
+3C,248,2017,3,0.44935158,2.4655976,1193.5444,2.6808112,481.7096,0.15,3.2622592,1223.0667
+3C,248,2018,3,0.41939017,2.2450142,1082.2539,2.4346602,458.4361,0.15,2.9176636,1161.959
+3C,248,2019,3,0.42701906,2.501908,1110.4784,2.6877015,471.64578,0.15,3.269652,1197.4133
+3C,249,2015,3,0.51844704,1.8145664,1593.0695,1.5377969,553.16656,0.15,1.565711,1402.1226
+3C,249,2016,3,0.4656857,3.6463768,1408.7797,3.4025304,570.84576,0.15,3.7245448,1442.747
+3C,249,2017,3,0.5869535,1.648063,1821.9586,1.4128962,571.41833,0.15,1.3659467,1444.7092
+3C,249,2018,3,0.42008042,4.4568925,1222.2007,4.358013,571.1279,0.15,5.1481624,1446.632
+3C,249,2019,3,0.56731224,2.855519,1788.7252,2.6516292,599.2052,0.15,2.7863631,1510.3811
+3C,250,2015,3,0.38917828,3.7200458,980.025,3.8184738,467.81827,0.15,4.658514,1190.748
+3C,250,2016,3,0.47770354,3.498736,1158.598,3.3483713,474.3895,0.15,3.4001791,1208.5265
+3C,250,2017,3,0.57090926,2.680669,1473.1996,2.6229389,503.3382,0.15,2.7214859,1278.2563
+3C,250,2018,3,0.57113755,2.917152,1391.2393,2.7541356,467.33145,0.15,2.6529408,1190.1198
+3C,250,2019,3,0.43969652,4.1356254,1037.5302,4.191257,463.05878,0.15,4.6327395,1182.4879
+3C,251,2015,3,0.39325732,3.8698502,966.8189,3.8862557,470.01608,0.15,4.769379,1194.321
+3C,251,2016,3,0.4607998,3.8151855,1108.2151,3.3979409,480.0067,0.15,3.1698134,1217.4503
+3C,251,2017,3,0.5712316,1.9962023,1483.5803,1.8896551,501.80554,0.15,1.8827696,1270.6852
+3C,251,2018,3,0.49707976,3.628614,1234.1394,3.69858,483.31302,0.15,3.991541,1226.6105
+3C,251,2019,3,0.37702197,3.866239,919.4219,3.84466,467.83405,0.15,3.911467,1192.045
+3C,252,2015,3,0.4197006,3.387858,996.0479,3.5234137,451.602,0.15,4.2935476,1149.6351
+3C,252,2016,3,0.38851455,3.987117,942.1717,3.9075906,473.2277,0.15,4.5913415,1203.371
+3C,252,2017,3,0.47275412,3.814249,1159.045,3.843609,492.4077,0.15,3.9201884,1249.2745
+3C,252,2018,3,0.4570612,3.7342756,1076.568,3.7945733,458.14426,0.15,4.4844832,1167.3463
+3C,252,2019,3,0.36150736,3.7975807,842.32904,3.7552323,452.27237,0.15,4.18413,1153.1774
+3C,253,2015,3,0.5989635,0.30998388,1886.9529,0.28929147,524.56213,0.15,0.2965069,1354.0803
+3C,253,2016,3,0.5930087,0.46545544,1840.1887,0.41739482,524.16205,0.15,0.4360507,1354.0892
+3C,253,2017,3,0.5973721,2.6977568,1704.7598,2.1448693,510.1151,0.15,1.9563782,1320.5289
+3C,253,2018,3,0.5827204,2.460908,1684.1451,2.1276586,518.8281,0.15,2.0914395,1341.3812
+3C,253,2019,3,0.5968599,2.0545812,1863.3134,1.8611014,554.53656,0.15,1.7958398,1430.3241
+3C,254,2015,3,0.45440808,3.5854716,1077.8767,3.7984135,454.75848,0.15,4.580209,1158.264
+3C,254,2016,3,0.3972407,4.2420573,956.3087,4.1428614,475.88013,0.15,4.721617,1209.496
+3C,254,2017,3,0.5141265,3.6401813,1261.1243,3.5502477,493.92932,0.15,3.3487556,1253.0995
+3C,254,2018,3,0.5060713,3.4096544,1195.8364,3.4816935,454.85757,0.15,3.5201395,1159.4879
+3C,254,2019,3,0.38395032,3.570745,888.53925,3.5783083,449.03665,0.15,3.8865502,1144.905
+3C,255,2015,3,0.22116216,5.764914,606.4004,5.289623,519.7719,0.15,6.3871946,1331.8523
+3C,255,2016,3,0.2944454,5.148133,846.9227,4.882962,542.8813,0.15,5.774264,1388.7587
+3C,255,2017,3,0.5096375,4.888377,1384.0077,5.0061784,529.42676,0.15,5.889956,1357.25
+3C,255,2018,3,0.44084263,2.9923959,1301.8008,3.104609,529.0115,0.15,3.4631126,1357.2506
+3C,255,2019,3,0.5656825,3.0893354,1750.6621,2.9837132,581.0196,0.15,3.2149808,1482.8278
+3C,256,2015,3,0.59615743,2.5061624,1789.9545,2.0783184,533.0028,0.15,1.7798533,1377.2362
+3C,256,2016,3,0.5774966,1.4437107,1758.1565,1.2202506,523.92706,0.15,1.1627529,1356.0721
+3C,256,2017,3,0.55656606,3.910962,1591.7722,4.3604074,519.3941,0.15,5.0788655,1346.3925
+3C,256,2018,3,0.43452486,4.729943,1252.4774,4.980699,530.1323,0.15,5.905362,1373.2798
+3C,256,2019,3,0.5635429,3.9588747,1610.086,4.236967,529.558,0.15,4.8926682,1369.8165
+3C,257,2015,3,0.34459653,2.4974594,1149.6583,2.4615264,563.85925,0.15,2.7999518,1455.1764
+3C,257,2016,3,0.40211594,2.9313295,1272.3024,3.0001416,543.80914,0.15,3.5483787,1405.96
+3C,257,2017,3,0.20177324,3.4713993,649.6736,3.2508545,546.1087,0.15,3.8771899,1414.9133
+3C,257,2018,3,0.1994035,3.6753767,643.0158,3.4221456,549.96844,0.15,4.134767,1424.6044
+3C,257,2019,3,0.51353675,2.3840067,1665.6548,2.5326297,554.46924,0.15,2.8357553,1434.604
+3C,258,2015,3,0.5312784,2.3926065,1760.5724,2.6868677,567.7276,0.15,3.1154554,1459.1132
+3C,258,2016,3,0.27125445,2.8486938,945.6869,2.8775668,569.49005,0.15,3.4278922,1462.4784
+3C,258,2017,3,0.5779743,2.114767,1834.4022,2.563208,542.37964,0.15,2.9951792,1397.7068
+3C,258,2018,3,0.57255185,1.9352926,1863.1332,2.3921924,557.5232,0.15,2.8123286,1432.2963
+3C,258,2019,3,0.2136288,2.293776,678.24176,2.2589989,508.08502,0.15,2.6300964,1313.5212
+3C,259,2015,3,0.5468985,2.3597507,1635.5532,2.430399,554.50415,0.15,2.6126769,1405.1997
+3C,259,2016,3,0.5648603,2.6883492,1733.2974,2.6574173,574.2825,0.15,2.915802,1452.841
+3C,259,2017,3,0.5955469,1.85728,1835.3829,1.819168,568.6173,0.15,1.8395426,1438.9604
+3C,259,2018,3,0.54803646,2.9818025,1647.772,3.0515866,565.5359,0.15,3.3443403,1434.6919
+3C,259,2019,3,0.58740735,2.6194627,1893.3727,2.6545954,605.0413,0.15,3.0096395,1526.9932
+3C,260,2015,3,0.33678848,3.3179023,1159.7123,3.2802553,589.6454,0.15,3.8895667,1519.1305
+3C,260,2016,3,0.222022,3.6686022,768.4899,3.4292266,589.1073,0.15,4.1232066,1517.9205
+3C,260,2017,3,0.16728847,3.7547774,569.87756,3.4297986,578.7163,0.15,4.1140294,1496.3652
+3C,260,2018,3,0.32660753,3.5165606,1098.5306,3.4825633,577.3411,0.15,4.1847386,1491.8625
+3C,260,2019,3,0.55112696,2.8013065,1865.8888,3.0795105,592.6774,0.15,3.5568132,1528.6658
+3C,261,2015,3,0.52740693,1.7658867,1566.7189,1.5766057,555.2988,0.15,1.5781224,1403.9188
+3C,261,2016,3,0.5683696,0.631931,1814.9441,0.5933889,582.1568,0.15,0.6326208,1465.3553
+3C,261,2017,3,0.5807058,1.103723,1807.7963,1.0417377,571.281,0.15,1.0659077,1440.7189
+3C,261,2018,3,0.57162124,1.1825762,1819.2773,1.0800089,594.1849,0.15,1.1450003,1495.9602
+3C,261,2019,3,0.55787164,1.4885403,1773.3633,1.4358083,593.83014,0.15,1.5586133,1494.9155
+3C,262,2015,3,0.3707074,4.1181436,928.86914,4.103072,477.8657,0.15,5.0268245,1213.7838
+3C,262,2016,3,0.4627153,3.8998978,1132.8566,3.7479906,486.19104,0.15,3.5536075,1234.8573
+3C,262,2017,3,0.55154204,3.2013633,1387.8469,3.0363636,504.53583,0.15,3.0188677,1277.4108
+3C,262,2018,3,0.56762135,2.5989637,1455.0869,2.392656,486.89133,0.15,2.368728,1235.4136
+3C,262,2019,3,0.29894927,4.7415624,738.725,4.5321493,482.99365,0.15,5.100936,1226.8563
+3C,263,2015,3,0.5155671,3.0545275,1296.5323,2.857691,486.79758,0.15,2.8034556,1234.5018
+3C,263,2016,3,0.50209224,2.809925,1278.9579,2.6597054,500.5318,0.15,2.5766637,1265.1533
+3C,263,2017,3,0.5138251,1.87655,1390.8209,1.71024,512.0925,0.15,1.7755146,1295.9504
+3C,263,2018,3,0.36720762,3.8842845,893.52167,3.7253618,474.69217,0.15,4.428736,1204.1217
+3C,263,2019,3,0.36663538,3.6847556,923.62396,3.6209333,482.74902,0.15,4.460938,1226.4576
+3C,264,2015,3,0.54359037,2.2778304,1639.2587,2.3282042,553.4935,0.15,2.496787,1405.7877
+3C,264,2016,3,0.5851836,2.1640716,1883.157,2.167482,593.4341,0.15,2.3428066,1501.4292
+3C,264,2017,3,0.5958439,2.0480292,1870.2008,2.042089,581.47943,0.15,1.9551237,1469.8999
+3C,264,2018,3,0.5569476,2.7319314,1702.2278,2.787933,572.0876,0.15,2.9683104,1451.3401
+3C,264,2019,3,0.58449215,2.5250738,1913.9337,2.611169,610.2685,0.15,2.7879498,1541.5723
+3C,265,2015,3,0.43207625,4.2758346,1061.0035,4.4238405,474.6096,0.15,5.3995895,1206.1616
+3C,265,2016,3,0.44153377,4.5399866,1087.4536,4.514121,495.19095,0.15,4.9513855,1257.6686
+3C,265,2017,3,0.52774525,4.161395,1323.0968,4.0425067,511.8771,0.15,4.1752033,1296.2657
+3C,265,2018,3,0.5800692,1.973737,1516.9694,1.7231396,487.2112,0.15,1.6879668,1238.3715
+3C,265,2019,3,0.3304007,4.854188,800.0564,4.7823186,479.79367,0.15,5.1511374,1219.9375
+3C,266,2015,3,0.4685381,3.6606987,1176.5441,3.583927,489.2222,0.15,3.5004563,1240.6997
+3C,266,2016,3,0.46504587,3.2842202,1174.251,2.9442248,492.58167,0.15,2.7318726,1247.2812
+3C,266,2017,3,0.52521396,1.5894217,1433.7023,1.45349,512.4125,0.15,1.5311182,1296.188
+3C,266,2018,3,0.41094464,3.7596576,982.07526,3.7486098,465.29025,0.15,4.247304,1180.1771
+3C,266,2019,3,0.41080874,3.721115,1026.9386,3.7205133,478.73648,0.15,3.9802477,1217.7118
+3C,267,2015,3,0.46770552,2.4708102,1178.9163,2.2461302,476.3333,0.15,2.1659985,1192.0549
+3C,267,2016,3,0.50316644,2.2617214,1284.4751,2.1245959,478.42877,0.15,2.1567748,1196.1605
+3C,267,2017,3,0.48493367,1.6916686,1330.1085,1.5563533,505.77365,0.15,1.5568991,1260.9703
+3C,267,2018,3,0.40488997,2.6579754,1038.5056,2.661778,477.12915,0.15,3.0831778,1197.2976
+3C,267,2019,3,0.36735934,2.4566035,962.1961,2.5276468,471.73795,0.15,2.865635,1178.4094
+3C,268,2015,3,0.4029263,3.2145913,950.5329,3.1885471,455.09253,0.15,3.4438212,1159.538
+3C,268,2016,3,0.47890556,1.6656926,1178.4384,1.4347348,464.27884,0.15,1.4232302,1181.2267
+3C,268,2017,3,0.40988278,3.1845942,983.84515,3.1745768,456.2082,0.15,3.2121007,1163.836
+3C,268,2018,3,0.39123288,3.114234,816.7314,2.9283903,399.77612,0.15,2.8711839,1027.167
+3C,268,2019,3,0.37906983,3.6344664,872.65906,3.5609722,446.16086,0.15,3.7191815,1139.8423
+3C,269,2015,3,0.5718218,1.2186036,1966.7441,1.2507426,583.1836,0.15,1.3037746,1503.865
+3C,269,2016,3,0.21887696,3.6651447,748.98114,3.4213936,584.7113,0.15,4.120053,1508.0099
+3C,269,2017,3,0.12710534,3.939371,431.73676,3.519769,575.621,0.15,4.225361,1488.4811
+3C,269,2018,3,0.26197475,3.6755316,882.7855,3.504907,577.8295,0.15,4.2267504,1493.3364
+3C,269,2019,3,0.3375636,3.4537005,1157.6704,3.4387565,588.75037,0.15,4.098819,1520.1505
+3C,270,2015,3,0.493756,2.212065,1307.6677,1.9879007,505.99158,0.15,1.9579561,1259.0834
+3C,270,2016,3,0.51567394,1.968131,1403.7645,1.8499546,514.6942,0.15,1.9411485,1278.6232
+3C,270,2017,3,0.48948315,1.7511032,1386.8514,1.6202037,527.09454,0.15,1.6753323,1307.1111
+3C,270,2018,3,0.4142191,2.8171203,1110.3484,2.715349,505.95822,0.15,3.1144547,1259.8386
+3C,270,2019,3,0.37567747,2.6060076,1046.5464,2.528668,512.29114,0.15,2.779685,1270.211
+3C,271,2015,3,0.5794586,2.0211747,1265.9752,1.7208807,434.56445,0.15,1.7164193,1098.0142
+3C,271,2016,3,0.5710394,2.0875304,1236.0372,1.9377294,419.68362,0.15,1.9411179,1064.9348
+3C,271,2017,3,0.58918685,1.2394096,1310.0382,0.9954715,427.07803,0.15,0.99209654,1080.9523
+3C,271,2018,3,0.587009,1.0394651,1368.8269,0.8377838,452.19125,0.15,0.8454607,1141.5833
+3C,271,2019,3,0.5769613,1.3613842,1363.7186,1.0811621,459.84515,0.15,1.062723,1158.0283
+3C,272,2015,3,0.4370143,2.7004762,1000.7302,2.7496758,399.35492,0.15,2.7472816,1048.5491
+3C,272,2016,3,0.37943894,2.7767587,885.3689,2.8604074,400.47144,0.15,2.9952412,1051.8668
+3C,272,2017,3,0.14237419,3.3525534,298.8567,3.168088,356.58917,0.15,3.6400867,941.0283
+3C,272,2018,3,0.15874562,3.7061207,366.04684,3.5098863,398.49023,0.15,3.984631,1044.8782
+3C,272,2019,3,0.27656937,3.4860306,632.6645,3.5207357,390.1377,0.15,3.9472132,1024.3362
+3C,273,2015,3,0.40528652,3.7656753,983.4437,3.8985412,460.27084,0.15,4.7377677,1173.0974
+3C,273,2016,3,0.39642084,4.3411784,942.43256,4.23982,468.94318,0.15,4.547523,1195.0878
+3C,273,2017,3,0.50436157,3.9896734,1240.6575,3.9867694,494.98605,0.15,3.8707035,1258.6599
+3C,273,2018,3,0.48119217,4.023082,1134.4812,4.1137004,463.6474,0.15,4.5521145,1181.8993
+3C,273,2019,3,0.4338372,4.0594153,988.6979,4.1172023,450.77844,0.15,4.6316957,1151.5989
+3C,274,2015,3,0.39704987,2.5290911,943.4355,2.556962,449.76016,0.15,3.1451676,1140.4453
+3C,274,2016,3,0.41511327,2.692612,882.30005,2.6958468,415.33395,0.15,3.261056,1057.5251
+3C,274,2017,3,0.4035188,2.549496,897.175,2.5610251,428.1107,0.15,3.1567729,1088.7732
+3C,274,2018,3,0.41811827,2.745502,911.7629,2.7649806,419.24933,0.15,3.2602384,1068.7711
+3C,274,2019,3,0.37877837,2.847851,882.4956,2.7987037,445.10944,0.15,3.2559018,1131.8412
+3C,275,2015,3,0.44990394,2.21802,1373.3932,1.8371038,514.73566,0.15,1.4375211,1336.1072
+3C,275,2016,3,0.46362516,0.48884407,1466.4363,0.307785,519.1511,0.15,0.2566637,1343.6229
+3C,275,2017,3,0.26190823,3.382807,779.95044,3.3405356,497.77338,0.15,3.6871815,1293.2942
+3C,275,2018,3,0.22717738,3.4378762,683.91974,3.2794366,506.90952,0.15,3.7122068,1311.7528
+3C,275,2019,3,0.43370932,1.5875646,1370.1702,0.8452164,525.12335,0.15,0.46279603,1357.9912
+3C,276,2015,3,0.4324542,3.3100715,1013.5631,3.3742087,455.0226,0.15,4.1427646,1158.4558
+3C,276,2016,3,0.31794012,3.7249887,769.494,3.5078855,472.26703,0.15,4.3335032,1196.8374
+3C,276,2017,3,0.40338773,3.504806,998.81537,3.4561262,490.09195,0.15,3.8978112,1241.8813
+3C,276,2018,3,0.30358702,3.4330087,718.148,3.292203,444.24374,0.15,4.027901,1130.2288
+3C,276,2019,3,0.31940472,3.3414676,755.18646,3.2406464,447.01184,0.15,3.9755585,1139.5533
+3C,277,2015,3,0.4593165,3.852154,1174.8444,3.9204853,494.68735,0.15,4.6655283,1253.5852
+3C,277,2016,3,0.45551455,3.9741714,1200.2345,3.9947376,508.23584,0.15,4.717527,1287.285
+3C,277,2017,3,0.54305404,3.1363766,1428.6292,3.1875253,513.6097,0.15,3.2811549,1300.8175
+3C,277,2018,3,0.57862765,1.245107,1518.7802,0.994957,474.81473,0.15,0.9404127,1206.6322
+3C,277,2019,3,0.37561458,4.275897,941.33057,4.1554947,488.18665,0.15,4.3895597,1239.36
+3C,278,2015,3,0.23101577,3.43152,715.5621,3.28062,524.902,0.15,3.9290586,1348.1962
+3C,278,2016,3,0.5150493,2.9671087,1622.7479,2.8885252,563.6819,0.15,2.9695132,1447.0697
+3C,278,2017,3,0.39659074,3.135479,1224.5273,3.2146895,540.2597,0.15,3.4073262,1389.6523
+3C,278,2018,3,0.5635496,2.5586474,1756.5714,2.5270183,562.18536,0.15,2.3493176,1446.1351
+3C,278,2019,3,0.58466923,2.2997017,1913.9227,2.3503745,588.5455,0.15,2.3993783,1506.4565
+3C,279,2015,3,0.42149132,4.2715516,954.18115,4.3879433,447.78107,0.15,5.315671,1143.4163
+3C,279,2016,3,0.5193041,2.6097906,1233.0535,2.274596,461.57126,0.15,2.2284415,1176.9911
+3C,279,2017,3,0.40874857,4.553364,953.19867,4.579333,470.48495,0.15,5.260137,1200.3434
+3C,279,2018,3,0.46075422,4.245785,1006.9311,3.8023593,437.11334,0.15,3.4808958,1119.5808
+3C,279,2019,3,0.44878778,4.441177,976.35925,4.5338936,440.25876,0.15,4.696323,1127.5889
+3C,280,2015,3,0.56058925,2.913793,1779.817,3.2825196,561.8532,0.15,3.8938186,1444.6946
+3C,280,2016,3,0.23493327,2.9429457,799.9286,2.8463778,557.29706,0.15,3.3594663,1432.6096
+3C,280,2017,3,0.5167968,2.7232316,1623.7643,3.1580474,542.2509,0.15,3.7636502,1396.626
+3C,280,2018,3,0.4623717,1.8389186,1518.6742,2.080517,544.3566,0.15,2.3712907,1400.1244
+3C,280,2019,3,0.3563183,2.4153223,1076.8025,2.5267115,499.57123,0.15,2.8864152,1292.5757
+3C,281,2015,3,0.5586056,1.9243749,1672.8986,1.7721382,547.76154,0.15,1.7729701,1387.4409
+3C,281,2016,3,0.5367757,2.8371756,1598.2954,2.6216202,558.356,0.15,2.7227347,1412.6593
+3C,281,2017,3,0.5902221,1.6137427,1823.5597,1.3996164,563.3498,0.15,1.2434677,1425.547
+3C,281,2018,3,0.41211715,4.4684706,1164.9175,4.3429513,558.1985,0.15,5.1655593,1414.8597
+3C,281,2019,3,0.58189136,3.012789,1828.7256,2.863455,597.93933,0.15,2.864205,1508.1924
+3C,282,2015,3,0.5072208,2.2497106,1781.4805,2.2640111,604.9108,0.15,2.5135803,1556.0796
+3C,282,2016,3,0.3110009,3.375906,1113.3611,3.1964903,613.30023,0.15,3.7680097,1575.7614
+3C,282,2017,3,0.30607805,3.229368,1058.361,3.1696355,584.8641,0.15,3.744108,1508.2128
+3C,282,2018,3,0.32947052,3.9815104,1144.0294,3.8796906,606.2958,0.15,4.5527134,1561.3872
+3C,282,2019,3,0.58166635,2.2063365,2023.185,2.282907,605.1793,0.15,2.344786,1555.7988
+3C,283,2015,3,0.5014118,3.0219007,1478.1154,3.072805,555.76074,0.15,3.5513284,1407.0569
+3C,283,2016,3,0.5585635,2.767191,1707.054,2.7138624,579.2278,0.15,3.0042088,1462.258
+3C,283,2017,3,0.5941442,2.0066278,1856.0448,1.9791504,583.6787,0.15,1.9945371,1472.5339
+3C,283,2018,3,0.569515,2.281073,1781.5496,2.3406832,581.8109,0.15,2.6008108,1471.6129
+3C,283,2019,3,0.57740253,2.342506,1890.7877,2.3558793,609.70953,0.15,2.6881213,1534.9229
+3C,284,2015,3,0.588214,2.6937113,1688.577,2.8870823,537.80786,0.15,3.297886,1367.4556
+3C,284,2016,3,0.59264237,2.1019936,1769.8096,2.196409,547.663,0.15,2.1284337,1392.9393
+3C,284,2017,3,0.5225253,3.421736,1484.4209,3.698686,531.05316,0.15,4.281372,1351.1647
+3C,284,2018,3,0.5952847,1.8368462,1636.1843,1.9225435,493.26694,0.15,1.9185741,1262.1445
+3C,284,2019,3,0.595495,3.138397,1653.3477,3.345971,521.2242,0.15,3.3487954,1329.9554
+3C,285,2015,3,0.53088385,1.6370342,1632.2639,1.410404,548.3178,0.15,1.4418976,1390.791
+3C,285,2016,3,0.5070217,3.6775331,1491.4396,3.4336762,554.9973,0.15,3.5710409,1407.4393
+3C,285,2017,3,0.5945726,1.2698166,1873.1554,1.0852666,572.6997,0.15,1.0993898,1448.3374
+3C,285,2018,3,0.41051537,4.5497828,1173.9861,4.4195266,558.52686,0.15,5.1978397,1416.127
+3C,285,2019,3,0.57583827,3.1505334,1836.046,3.0056987,606.9877,0.15,3.1193187,1531.3054
+3C,286,2015,3,0.51708364,2.1756086,1217.6826,2.0029886,450.27182,0.15,2.022316,1141.5355
+3C,286,2016,3,0.45926318,2.8711867,1074.1713,2.7820673,452.48215,0.15,3.0162034,1145.3572
+3C,286,2017,3,0.49694023,1.65518,1263.4098,1.4511386,476.65103,0.15,1.492031,1207.8964
+3C,286,2018,3,0.4718978,2.9177098,1082.0929,2.9619224,436.08694,0.15,3.354796,1109.0671
+3C,286,2019,3,0.43680635,2.6242192,1072.0457,2.4042888,459.9789,0.15,2.4207475,1166.8868
+3C,287,2015,3,0.4438429,3.9510548,1143.9302,4.1936455,484.3334,0.15,5.053752,1233.4272
+3C,287,2016,3,0.41931275,4.291607,1023.9692,4.3076525,474.02997,0.15,4.6665754,1208.0236
+3C,287,2017,3,0.5213825,3.5492709,1278.6117,3.3271801,486.18793,0.15,3.2227747,1238.2799
+3C,287,2018,3,0.4593661,4.462545,1094.9915,4.473133,471.03192,0.15,4.559967,1201.9036
+3C,287,2019,3,0.4209995,4.537147,995.7655,4.5553203,466.95834,0.15,5.3723316,1192.2393
+3C,288,2015,3,0.47624713,3.3525155,1200.048,3.4320621,487.56564,0.15,3.6276891,1236.8732
+3C,288,2016,3,0.4465224,3.5567193,1092.8207,3.2852972,479.83762,0.15,3.2194514,1215.3467
+3C,288,2017,3,0.5559824,1.4037446,1481.175,1.2102159,501.08707,0.15,1.2522105,1267.581
+3C,288,2018,3,0.3995589,3.512364,973.6896,3.4930494,463.09335,0.15,3.8806183,1176.01
+3C,288,2019,3,0.41012356,3.6802895,989.5071,3.6941597,461.9004,0.15,3.9415534,1176.0641
+3C,289,2015,3,0.5025663,3.019,1250.2137,3.3020687,466.26807,0.15,3.543795,1184.2048
+3C,289,2016,3,0.4273773,2.882266,1048.7908,3.0792065,452.6244,0.15,3.7370439,1153.3392
+3C,289,2017,3,0.43174616,2.9508238,1135.6965,3.1031551,484.13593,0.15,3.7730227,1228.4226
+3C,289,2018,3,0.41127166,2.6002808,1031.4814,2.8047848,449.62497,0.15,3.363243,1140.3744
+3C,289,2019,3,0.38028517,2.9935455,976.4453,3.077238,466.4243,0.15,3.7429867,1183.6857
+3C,290,2015,3,0.5753526,2.0253618,1097.2656,2.0898368,326.5881,0.15,2.038285,858.32367
+3C,290,2016,3,0.5735966,2.5405793,1057.3136,2.9264255,327.74057,0.15,3.2011402,860.52966
+3C,290,2017,3,0.55847114,2.6267824,1142.0885,3.0330775,362.1499,0.15,3.4220266,945.24976
+3C,290,2018,3,0.4451805,2.8407884,824.81616,3.1904426,324.81308,0.15,3.709868,852.17896
+3C,290,2019,3,0.5025619,2.5343986,892.01215,2.9337573,313.70468,0.15,3.36234,824.1464
+3C,291,2015,3,0.48051137,3.6425214,1412.3099,3.6715493,564.98047,0.15,4.2850857,1428.8557
+3C,291,2016,3,0.56636685,2.5227823,1795.2505,2.4056187,599.1497,0.15,2.6308775,1508.4746
+3C,291,2017,3,0.5951178,1.997594,1877.3976,1.7935082,592.38824,0.15,1.5314076,1491.0085
+3C,291,2018,3,0.58129066,2.3884232,1830.3221,2.3857746,594.5115,0.15,2.7303393,1498.7787
+3C,291,2019,3,0.5824933,2.5344832,1914.0405,2.5045729,618.1095,0.15,2.5191324,1553.6632
+3C,292,2015,3,0.42784923,3.7674813,1087.6395,3.9658234,478.2058,0.15,4.829934,1216.1837
+3C,292,2016,3,0.43480194,4.137754,1046.1595,4.051864,474.60587,0.15,4.2125926,1208.8599
+3C,292,2017,3,0.5419608,2.7850165,1350.72,2.7854514,491.59753,0.15,2.817837,1249.8842
+3C,292,2018,3,0.45372424,4.4196754,1104.2528,4.3185105,481.1866,0.15,4.4257107,1225.1775
+3C,292,2019,3,0.42004582,4.135368,984.45636,4.2018576,458.31918,0.15,4.654084,1170.5935
+3C,293,2015,3,0.48834607,2.7749507,1602.1685,3.0205429,566.3116,0.15,3.549399,1454.9358
+3C,293,2016,3,0.28035116,2.9408715,965.0025,2.9370108,569.4422,0.15,3.518029,1460.5708
+3C,293,2017,3,0.5766301,2.2878368,1823.9052,2.731479,545.66644,0.15,3.2111,1404.1829
+3C,293,2018,3,0.37562287,2.0603185,1261.7343,2.24111,550.3641,0.15,2.5943332,1413.4441
+3C,293,2019,3,0.27777645,2.4088714,872.8331,2.4389906,510.69977,0.15,2.8102386,1319.737
+3C,294,2015,3,0.07539971,3.9229841,218.50067,3.501611,478.60507,0.15,4.1264753,1244.6129
+3C,294,2016,3,0.07468086,4.5036488,237.61398,3.973281,533.0388,0.15,4.7399387,1378.0223
+3C,294,2017,3,0.053562876,4.4185667,161.39767,3.8435593,503.7373,0.15,4.590543,1305.3798
+3C,294,2018,3,0.061972123,4.4859786,196.50029,3.9326735,530.55206,0.15,4.6783476,1370.8615
+3C,294,2019,3,0.0561568,4.4806356,172.80798,3.905604,519.25543,0.15,4.6497874,1343.1543
+3C,295,2015,3,0.46166566,3.8444974,1601.0103,3.8658648,597.53094,0.15,4.740724,1506.8915
+3C,295,2016,3,0.48084822,3.513426,1611.181,3.5434685,592.4662,0.15,4.2822137,1492.255
+3C,295,2017,3,0.5356572,3.2513967,1848.5275,3.3592951,610.0529,0.15,3.966297,1534.6469
+3C,295,2018,3,0.4530818,3.6188633,1610.9437,3.6891508,613.8487,0.15,4.454838,1541.9203
+3C,295,2019,3,0.48712456,3.6155007,1709.2472,3.7562957,604.5077,0.15,4.536307,1521.3923
+3C,296,2015,3,0.5028576,1.9627004,1290.0156,1.6423047,480.2518,0.15,1.4837182,1203.271
+3C,296,2016,3,0.39778,2.6041324,989.39923,2.718917,463.24844,0.15,3.330477,1156.4829
+3C,296,2017,3,0.44907662,2.5090313,1172.6102,2.2987952,495.55252,0.15,2.1521833,1233.5854
+3C,296,2018,3,0.42083523,2.6392062,1092.9188,2.5962198,491.25565,0.15,2.9988127,1224.8186
+3C,296,2019,3,0.36304277,2.5121279,934.5087,2.6144729,469.86597,0.15,3.184581,1171.1278
+3C,297,2015,3,0.23164123,2.9947572,817.8745,2.831314,590.15356,0.15,3.423227,1518.0933
+3C,297,2016,3,0.24240421,3.281653,870.5216,3.0837252,607.00226,0.15,3.7415829,1559.8191
+3C,297,2017,3,0.25386024,3.1364393,863.56573,2.9927576,575.6934,0.15,3.6227207,1485.9296
+3C,297,2018,3,0.27551997,3.6059592,959.193,3.3716955,605.0188,0.15,4.1135106,1557.8551
+3C,297,2019,3,0.29080245,3.232187,1047.1234,3.104034,611.98254,0.15,3.7704146,1572.5684
+3C,298,2015,3,0.29693717,3.7236476,855.14185,3.574079,515.3568,0.15,4.1194386,1316.3728
+3C,298,2016,3,0.3135326,3.6232154,933.23987,3.525156,531.09674,0.15,4.2425838,1354.4447
+3C,298,2017,3,0.45518568,3.8747041,1282.1359,3.7142386,535.5273,0.15,3.656561,1367.0419
+3C,298,2018,3,0.38061753,3.3238804,1109.5636,3.3212996,524.6782,0.15,3.900336,1338.4894
+3C,298,2019,3,0.57890016,3.1334167,1786.0413,2.8615837,587.45746,0.15,2.7734613,1491.7056
+3C,299,2015,3,0.30877653,2.6402185,1140.5242,2.5886896,619.7703,0.15,2.9880238,1590.4932
+3C,299,2016,3,0.49204245,2.306848,1800.8336,2.4682298,634.03186,0.15,2.850977,1625.1771
+3C,299,2017,3,0.4097168,2.60348,1423.8087,2.7072012,590.4392,0.15,3.2447426,1519.7653
+3C,299,2018,3,0.4503874,3.1856658,1629.4597,3.257278,632.89606,0.15,3.7699826,1625.5199
+3C,299,2019,3,0.37577948,2.0971358,1382.3594,2.1193538,614.5712,0.15,2.2829666,1578.4042
+3C,300,2015,3,0.42862478,1.8537232,1522.0708,1.8712134,598.1121,0.15,2.0790286,1540.5873
+3C,300,2016,3,0.35173285,2.8541842,1246.6785,2.7640352,600.94275,0.15,3.1854205,1548.1847
+3C,300,2017,3,0.17612189,3.8809392,586.0235,3.5574312,567.79376,0.15,4.291267,1468.3054
+3C,300,2018,3,0.20563738,4.0678306,701.4497,3.7539902,589.14954,0.15,4.5404034,1520.4548
+3C,300,2019,3,0.59232825,1.1588063,2066.124,1.1394781,587.2664,0.15,1.1758373,1516.3462
+3C,301,2015,3,0.17163,3.7355857,363.12064,3.4775438,366.79086,0.15,4.15394,955.5676
+3C,301,2016,3,0.17777483,3.3863034,390.04364,3.1703799,382.15518,0.15,3.7082195,989.5084
+3C,301,2017,3,0.23360944,3.0426538,534.74884,2.9292905,393.5888,0.15,3.4776106,1016.94556
+3C,301,2018,3,0.33942074,3.2232893,729.7388,3.2478914,384.56738,0.15,3.7430215,995.9239
+3C,301,2019,3,0.52147806,2.7983353,1199.8341,3.1289947,411.70374,0.15,3.6659012,1065.4415
+3C,302,2015,3,0.5111035,1.980248,1562.9542,1.9814148,554.3808,0.15,2.1698902,1404.1765
+3C,302,2016,3,0.5034032,2.7633624,1526.3087,2.6097252,560.48175,0.15,2.762521,1418.2273
+3C,302,2017,3,0.5920324,1.5000066,1839.8307,1.2322388,564.50616,0.15,1.1807986,1430.4957
+3C,302,2018,3,0.3222265,4.818121,903.4618,4.531271,544.647,0.15,5.36579,1382.4226
+3C,302,2019,3,0.5648685,3.61094,1746.9076,3.6137094,603.0238,0.15,3.779405,1522.5651
+3C,303,2015,3,0.5487792,3.2669966,1278.1746,3.493466,445.42862,0.15,3.8765538,1137.6901
+3C,303,2016,3,0.57640153,2.8733108,1410.0299,2.8943133,460.89404,0.15,2.7409933,1175.7158
+3C,303,2017,3,0.52069193,3.4948907,1248.6014,3.7709417,461.36487,0.15,4.4322014,1179.4703
+3C,303,2018,3,0.5001732,3.542673,1106.0302,3.7804048,422.75314,0.15,4.0682917,1085.8826
+3C,303,2019,3,0.54929733,3.5521917,1262.4309,3.621705,447.93127,0.15,3.5993733,1145.5321
+3C,304,2015,3,0.17684264,3.302154,539.9743,3.0533857,520.27783,0.15,3.6842415,1334.4785
+3C,304,2016,3,0.2711612,4.08874,851.0579,3.8815904,563.4665,0.15,4.6984367,1444.4474
+3C,304,2017,3,0.22266473,3.8453548,678.8248,3.5424674,538.3474,0.15,4.313048,1383.1375
+3C,304,2018,3,0.38795277,3.859126,1179.9791,3.8096645,554.4812,0.15,3.9229374,1424.0459
+3C,304,2019,3,0.5221009,3.3539636,1663.0405,3.5208988,586.412,0.15,4.1699886,1498.7584
+3C,305,2015,3,0.24018288,3.68792,714.14264,3.471134,525.0329,0.15,4.0263386,1342.7852
+3C,305,2016,3,0.3125411,3.6170888,952.5742,3.4903932,545.97064,0.15,4.2630076,1391.9495
+3C,305,2017,3,0.37511635,3.7198372,1081.4591,3.6687276,532.7027,0.15,4.0291204,1363.8596
+3C,305,2018,3,0.35251138,3.5196881,1029.8229,3.4857395,524.46924,0.15,4.244601,1341.5837
+3C,305,2019,3,0.5662865,3.027627,1767.0511,2.7007804,585.58014,0.15,2.5104947,1490.7756
+3C,306,2015,3,0.44946495,3.6856976,1063.598,3.7536023,463.4697,0.15,4.4360046,1178.7811
+3C,306,2016,3,0.3452639,4.0479465,824.07715,3.8350813,474.55746,0.15,4.6879025,1203.3268
+3C,306,2017,3,0.44167635,3.5010846,1119.5018,3.420326,503.34958,0.15,3.302151,1274.5996
+3C,306,2018,3,0.33546308,3.601227,801.2031,3.5109212,452.70282,0.15,4.2876635,1151.8153
+3C,306,2019,3,0.34345895,3.5886598,826.37067,3.5002084,458.8741,0.15,4.3038297,1168.6168
+3C,307,2015,3,0.5765548,2.1515477,1918.5834,2.3242943,576.60834,0.15,2.6234157,1479.3435
+3C,307,2016,3,0.301986,2.9130144,1054.9491,2.930181,579.8106,0.15,3.4776325,1484.8549
+3C,307,2017,3,0.59733504,1.9999365,1914.7805,2.3538356,550.2485,0.15,2.6266236,1415.7626
+3C,307,2018,3,0.5831247,1.5453888,1918.7391,1.8962101,558.21106,0.15,2.176837,1431.7605
+3C,307,2019,3,0.32753694,1.9665594,1050.365,2.0461385,518.7204,0.15,2.2953835,1339.4382
+3C,308,2015,3,0.5977361,1.3779074,2023.4423,1.2587025,572.9818,0.15,1.235326,1479.7705
+3C,308,2016,3,0.4524648,2.6163142,1544.1714,2.845718,575.5743,0.15,3.1363463,1484.4845
+3C,308,2017,3,0.529339,2.1331866,1704.5807,2.0335057,542.53937,0.15,1.970876,1406.7651
+3C,308,2018,3,0.59799504,2.0610352,1983.897,2.343336,567.14856,0.15,2.5002265,1464.2074
+3C,308,2019,3,0.4738133,2.3148122,1491.6991,2.6726608,526.98804,0.15,2.9674568,1367.1821
+3C,309,2015,3,0.4658832,2.8691595,1197.3076,3.0854294,479.14752,0.15,3.5873299,1213.4719
+3C,309,2016,3,0.45201823,2.4832935,1112.1824,2.7507782,443.9209,0.15,3.317733,1132.6267
+3C,309,2017,3,0.46882755,2.6027367,1243.4092,2.834139,488.70923,0.15,3.4215817,1237.878
+3C,309,2018,3,0.46469936,2.168895,1229.0438,2.4407332,473.18414,0.15,2.7042854,1195.0692
+3C,309,2019,3,0.44946614,2.706637,1180.6936,2.907039,482.82028,0.15,3.5255263,1222.9655
+3C,310,2015,3,0.49302563,4.3581753,1290.2325,4.4569983,518.96436,0.15,5.0663257,1312.6893
+3C,310,2016,3,0.4942582,2.944091,1345.7548,2.7552981,513.5312,0.15,2.7347918,1300.7233
+3C,310,2017,3,0.56814486,2.1848605,1592.4279,2.0329688,528.12195,0.15,2.1357408,1336.8801
+3C,310,2018,3,0.573863,1.9583142,1553.6471,1.8054886,500.2131,0.15,1.7999207,1268.7081
+3C,310,2019,3,0.32760528,5.0038347,864.54626,4.731709,518.6613,0.15,5.569252,1313.1572
+3C,311,2015,3,0.5967028,1.1288314,1837.4175,0.85850745,526.5009,0.15,0.7672583,1360.4651
+3C,311,2016,3,0.57763743,0.47419515,1838.0514,0.42522636,532.8721,0.15,0.43615177,1377.5562
+3C,311,2017,3,0.59331495,3.5184357,1696.3018,3.879089,516.26843,0.15,4.186278,1337.8813
+3C,311,2018,3,0.5713236,3.283834,1679.4006,3.3421798,531.9977,0.15,3.4639316,1376.5627
+3C,311,2019,3,0.59065336,2.973506,1802.5742,2.9680424,551.62115,0.15,3.0047834,1424.1383
+3C,312,2015,3,0.5781686,2.300985,1727.6101,2.2527597,546.10645,0.15,2.3141556,1394.501
+3C,312,2016,3,0.58975697,1.3402836,1832.2236,1.2115129,549.405,0.15,1.1557719,1399.799
+3C,312,2017,3,0.59945416,0.5854068,1937.9594,0.50231665,558.6253,0.15,0.49155337,1422.6938
+3C,312,2018,3,0.54929465,2.3732564,1658.9353,2.1895895,543.37305,0.15,2.2400343,1386.0657
+3C,312,2019,3,0.59776574,1.0246235,1980.7723,0.79963315,582.03973,0.15,0.77950066,1480.461
+3C,313,2015,3,0.40838796,5.41414,983.454,5.4586897,484.09018,0.15,6.502744,1230.2139
+3C,313,2016,3,0.45614466,5.4886985,1129.0079,5.5154223,516.4457,0.15,5.779098,1309.0997
+3C,313,2017,3,0.45788956,5.299977,1119.189,5.220826,518.1778,0.15,4.9813957,1312.6562
+3C,313,2018,3,0.55567044,3.5096095,1348.5386,2.7986097,489.3961,0.15,2.5997317,1242.3416
+3C,313,2019,3,0.36445552,6.144766,859.64307,5.9273906,490.96823,0.15,7.088209,1246.6775
+3C,314,2015,3,0.2006068,3.0312877,740.77344,2.7949696,615.0611,0.15,3.3867888,1579.9637
+3C,314,2016,3,0.2885311,3.1824577,1064.0518,3.0425622,627.39526,0.15,3.6976743,1609.5905
+3C,314,2017,3,0.23157223,2.9955513,816.0162,2.8138804,594.9312,0.15,3.405676,1533.0885
+3C,314,2018,3,0.29273728,3.4230983,1057.5696,3.235722,625.029,0.15,3.9460359,1607.2054
+3C,314,2019,3,0.20104505,3.295893,727.6459,3.0113082,611.085,0.15,3.6597583,1570.7194
+3C,315,2015,3,0.27090475,3.063797,984.7167,2.949132,611.5568,0.15,3.5699825,1569.6777
+3C,315,2016,3,0.34627876,3.2581143,1254.4254,3.2138247,621.78,0.15,3.7712255,1594.9542
+3C,315,2017,3,0.25171888,3.3473623,883.0898,3.1817467,595.3318,0.15,3.8537252,1531.6522
+3C,315,2018,3,0.2728662,3.7373238,994.3243,3.5017827,632.26215,0.15,4.045705,1622.1643
+3C,315,2019,3,0.20181264,3.4300902,739.9744,3.1412778,616.6593,0.15,3.8051047,1581.2709
+3C,316,2015,3,0.5675337,1.9738951,1393.2239,1.7821066,478.66702,0.15,1.796535,1203.7838
+3C,316,2016,3,0.5409802,2.0024018,1406.3215,1.9009064,500.9016,0.15,1.9324999,1257.8601
+3C,316,2017,3,0.5681468,1.0226443,1555.6456,0.9404227,515.6119,0.15,1.0117931,1296.5988
+3C,316,2018,3,0.55337,2.4196446,1402.5214,2.2918801,489.38632,0.15,2.3224466,1236.7985
+3C,316,2019,3,0.45913053,2.7323823,1113.9839,2.534357,464.94656,0.15,2.6257832,1176.8219
+3C,317,2015,3,0.25321332,4.086949,727.14374,3.8602045,514.49396,0.15,4.5054603,1318.5222
+3C,317,2016,3,0.32558367,4.2891617,962.7345,4.145028,545.9588,0.15,5.0657663,1393.9238
+3C,317,2017,3,0.3801813,4.173916,1071.6826,4.0987225,528.2572,0.15,4.418938,1355.1522
+3C,317,2018,3,0.3292169,4.217092,937.9939,4.1224093,523.58246,0.15,4.96319,1343.4757
+3C,317,2019,3,0.56509966,3.1850786,1763.1538,2.9125497,586.31866,0.15,2.5623071,1494.5034
+3C,318,2015,3,0.58238214,2.4161463,1913.8495,2.8703468,569.24097,0.15,3.254182,1464.8995
+3C,318,2016,3,0.43461543,2.3905585,1495.928,2.7001772,575.61426,0.15,3.1988914,1477.6351
+3C,318,2017,3,0.54150665,2.272411,1723.4705,2.7717917,543.40045,0.15,3.298208,1401.5771
+3C,318,2018,3,0.58904463,2.1002977,1938.596,2.6604981,567.45605,0.15,3.152638,1458.4364
+3C,318,2019,3,0.20097372,2.4347293,656.2054,2.383907,523.6294,0.15,2.8141584,1353.4436
+3C,319,2015,3,0.4726192,3.6631408,1364.3857,3.6675198,556.30176,0.15,4.299879,1406.7107
+3C,319,2016,3,0.57746506,2.077142,1842.5308,1.6031526,596.8605,0.15,1.47078,1500.5585
+3C,319,2017,3,0.5967569,1.7548919,1876.6317,1.3790276,585.5923,0.15,1.152887,1473.4314
+3C,319,2018,3,0.5834143,2.6550756,1842.1055,2.645463,604.4907,0.15,3.02467,1520.6644
+3C,319,2019,3,0.57336986,2.722843,1837.1086,2.6234863,609.30194,0.15,2.4639442,1531.5798
+3C,320,2015,4,0.53861,7.520484,1392.417,9.22779,147.6849,0.05,9.710141,1157.4241
+3C,320,2016,4,0.27103868,11.407738,699.1444,12.041287,153.09818,0.05,12.720291,1192.6552
+3C,320,2017,4,0.2860675,11.741138,725.26807,12.763565,149.65562,0.05,13.454409,1169.4366
+3C,320,2018,4,0.50023586,10.8536,1292.212,12.465914,156.7316,0.05,13.176739,1221.1229
+3C,320,2019,4,0.357002,12.007536,883.75214,13.222993,148.55739,0.05,13.840845,1160.7924
+3C,321,2015,4,0.28362718,11.557623,496.34564,11.550343,117.79775,0.05,11.888492,892.6468
+3C,321,2016,4,0.29972368,14.142889,531.0827,15.027146,118.38832,0.05,15.376846,895.4756
+3C,321,2017,4,0.27376762,13.74912,466.13507,14.248047,112.992485,0.05,14.701355,859.8105
+3C,321,2018,4,0.3360149,12.76277,622.2269,13.1620865,129.43663,0.05,13.711262,971.0991
+3C,321,2019,4,0.31826523,10.137864,597.7901,10.629707,120.539154,0.05,11.0851555,912.45435
+3C,322,2015,4,0.4405415,13.037014,927.48444,13.861708,145.99312,0.05,14.471122,1094.2614
+3C,322,2016,4,0.37503254,15.440153,720.728,16.991472,132.89409,0.05,17.514902,1006.62976
+3C,322,2017,4,0.46891764,10.362976,965.8645,11.052186,139.83928,0.05,11.527448,1052.0142
+3C,322,2018,4,0.46378893,10.509739,1033.2616,10.96106,151.9922,0.05,11.495365,1138.3035
+3C,322,2019,4,0.46799737,11.764814,971.04297,11.941728,143.64252,0.05,12.365809,1075.903
+3C,323,2015,4,0.5066461,7.0280857,1510.6372,8.425416,179.53923,0.05,8.87022,1360.674
+3C,323,2016,4,0.52144456,7.63599,1556.4685,8.640088,183.9822,0.05,9.053063,1389.3394
+3C,323,2017,4,0.5055475,7.475332,1551.8833,8.706899,186.54756,0.05,9.136554,1405.4149
+3C,323,2018,4,0.47468346,9.596473,1418.4142,10.721154,183.24318,0.05,11.140161,1382.8641
+3C,323,2019,4,0.48406592,8.19443,1480.2854,9.356724,184.42715,0.05,9.77655,1393.2592
+3C,324,2015,4,0.29687324,11.30006,618.65216,12.884958,119.96646,0.05,13.490941,938.2566
+3C,324,2016,4,0.24553712,12.972428,525.7319,14.357479,124.543045,0.05,15.072645,973.35693
+3C,324,2017,4,0.46032086,12.022428,1124.7244,15.0700865,146.02824,0.05,15.845149,1132.025
+3C,324,2018,4,0.43098426,11.306549,941.8235,13.666248,129.49707,0.05,14.277166,1009.95355
+3C,324,2019,4,0.39597595,10.139181,953.89685,12.518926,137.7146,0.05,13.12145,1068.7806
+3C,325,2015,4,0.09533553,27.263765,302.28793,26.975649,205.42671,0.05,28.594511,1580.9739
+3C,325,2016,4,0.11569685,29.17543,366.58337,29.015215,210.54103,0.05,30.875269,1617.5101
+3C,325,2017,4,0.08129668,26.547539,263.98798,26.020576,208.62968,0.05,27.683506,1599.8188
+3C,325,2018,4,0.09812569,27.753078,322.3924,27.42654,211.03473,0.05,29.148087,1618.6663
+3C,325,2019,4,0.07618789,27.699846,245.9753,27.0584,207.90938,0.05,28.679712,1596.207
+3C,326,2015,4,0.47190386,12.366678,1039.9634,13.384166,150.7069,0.05,13.994925,1132.2975
+3C,326,2016,4,0.49108908,11.513837,1026.7543,12.487298,141.43227,0.05,13.004746,1069.671
+3C,326,2017,4,0.52152056,10.759643,1108.1633,11.4495735,147.39308,0.05,11.956609,1109.989
+3C,326,2018,4,0.5231621,8.831145,1194.094,9.6199045,154.34526,0.05,10.137495,1158.3197
+3C,326,2019,4,0.49425077,11.177865,1102.7032,11.35522,152.69693,0.05,11.807841,1144.2092
+3C,327,2015,4,0.394087,12.218698,1039.4967,12.912702,167.70044,0.05,13.378258,1243.3232
+3C,327,2016,4,0.4531375,9.207287,1224.8112,10.3265915,169.33034,0.05,10.744786,1253.522
+3C,327,2017,4,0.47001117,6.4361544,1318.3748,7.191234,174.21815,0.05,7.519716,1287.2874
+3C,327,2018,4,0.34013674,11.650161,929.29565,12.538365,168.30904,0.05,13.146848,1247.4025
+3C,327,2019,4,0.30559185,12.0039425,844.83655,12.988529,168.53928,0.05,13.640603,1246.9557
+3C,328,2015,4,0.22315647,5.1591873,660.44684,5.4076476,163.49261,0.05,5.753506,1247.7595
+3C,328,2016,4,0.20359284,5.2805457,561.0902,5.4428368,160.6947,0.05,5.799162,1226.732
+3C,328,2017,4,0.22960109,5.5737944,682.2512,5.7689714,168.11092,0.05,6.150016,1284.8928
+3C,328,2018,4,0.21712664,5.612472,660.12665,5.7781944,171.57355,0.05,6.1601896,1308.6334
+3C,328,2019,4,0.2144806,5.43474,651.63947,5.6129417,170.68353,0.05,5.9784074,1298.8911
+3C,329,2015,4,0.21100791,7.5417314,590.03656,7.740306,161.48979,0.05,8.195283,1225.0404
+3C,329,2016,4,0.24908108,8.40617,654.2096,8.710804,156.94188,0.05,9.184299,1193.1952
+3C,329,2017,4,0.29557076,6.7205124,830.3658,7.1374555,163.76726,0.05,7.5282555,1240.8701
+3C,329,2018,4,0.2478084,7.637505,680.0694,8.159155,161.3054,0.05,8.668379,1222.3622
+3C,329,2019,4,0.2911076,6.836337,808.1835,7.224992,160.66507,0.05,7.6430626,1217.5796
+3C,330,2015,4,0.33572766,15.138057,1025.593,17.327272,184.47963,0.05,18.21989,1421.9033
+3C,330,2016,4,0.32349667,14.91798,1029.8011,16.079927,191.16888,0.05,16.59797,1471.6976
+3C,330,2017,4,0.39445922,14.035399,1206.0236,16.744818,182.33421,0.05,17.613237,1408.1443
+3C,330,2018,4,0.22712907,15.198352,713.6355,16.454243,186.7122,0.05,17.474058,1437.0765
+3C,330,2019,4,0.3242818,15.292616,934.9618,17.262497,175.40921,0.05,18.223946,1356.0431
+3C,331,2015,4,0.25543377,11.089098,664.24524,12.025948,146.42867,0.05,12.48914,1138.376
+3C,331,2016,4,0.12620653,13.298422,340.98923,13.598305,152.15326,0.05,14.17234,1178.6356
+3C,331,2017,4,0.14646049,12.864751,376.56396,13.301495,144.96935,0.05,13.850354,1127.3898
+3C,331,2018,4,0.19620472,12.737833,521.36725,13.492711,149.03232,0.05,13.991651,1157.2042
+3C,331,2019,4,0.12452982,12.102443,312.1827,12.28689,142.13731,0.05,12.704437,1106.249
+3C,332,2015,4,0.5162976,8.4725275,1575.146,9.984637,184.54953,0.05,10.45965,1393.5739
+3C,332,2016,4,0.4282141,10.826853,1279.5665,12.111399,182.3317,0.05,12.6641445,1372.6653
+3C,332,2017,4,0.4801191,8.573705,1474.5343,9.8083,186.49963,0.05,10.257938,1401.9373
+3C,332,2018,4,0.4661702,9.6132145,1416.879,10.693741,186.1872,0.05,11.133759,1399.5839
+3C,332,2019,4,0.47724086,9.073498,1491.9622,10.251505,188.94249,0.05,10.700399,1420.5621
+3C,333,2015,4,0.3229171,11.11344,1267.6406,11.460998,230.26387,0.05,12.31115,1722.4501
+3C,333,2016,4,0.28499386,10.461862,1084.1133,10.769179,224.82611,0.05,11.516642,1684.6803
+3C,333,2017,4,0.35910168,9.411923,1447.0438,9.703048,231.5122,0.05,10.308767,1730.3225
+3C,333,2018,4,0.33012626,11.328788,1321.527,11.623832,238.62119,0.05,12.462132,1777.151
+3C,333,2019,4,0.39250493,9.5429535,1567.1614,9.999965,233.33243,0.05,10.677013,1745.9355
+3C,334,2015,4,0.28043717,10.71225,455.01392,11.929147,106.52228,0.05,12.695185,807.42
+3C,334,2016,4,0.35706565,9.644132,713.6666,9.501716,127.76737,0.05,9.659575,955.5133
+3C,334,2017,4,0.31399044,11.321911,567.4706,12.767407,119.32521,0.05,13.380419,900.1355
+3C,334,2018,4,0.31471956,11.619764,560.87244,12.377789,119.00518,0.05,12.650802,894.9877
+3C,334,2019,4,0.31662372,10.401407,510.3093,11.067295,108.20252,0.05,11.365181,825.36
+3C,335,2015,4,0.25245422,13.758309,412.5029,13.762688,113.748085,0.05,14.026649,865.1278
+3C,335,2016,4,0.2833949,14.33481,475.76816,15.279653,115.1012,0.05,15.672594,874.1636
+3C,335,2017,4,0.24195477,15.155383,388.8679,15.831039,111.50789,0.05,16.42913,849.9111
+3C,335,2018,4,0.310452,10.773555,553.38196,11.297855,122.90717,0.05,11.75928,926.6031
+3C,335,2019,4,0.2719414,11.319365,481.76535,11.491904,115.11758,0.05,11.817871,873.66284
+3C,336,2015,4,0.53106076,7.476748,1438.9203,8.747746,151.40932,0.05,8.9377575,1181.7847
+3C,336,2016,4,0.45810288,7.571699,1345.7976,8.638974,163.84239,0.05,8.82114,1273.2538
+3C,336,2017,4,0.29686972,9.04819,836.8967,9.832932,153.95557,0.05,10.055007,1201.506
+3C,336,2018,4,0.52473974,7.002378,1500.6603,8.199763,159.22739,0.05,8.342868,1239.2146
+3C,336,2019,4,0.5358364,3.6397004,1464.7799,3.774459,149.81831,0.05,3.7900689,1170.588
+3C,337,2015,4,0.36857232,9.1453905,1036.6079,10.121391,165.02548,0.05,10.55996,1249.911
+3C,337,2016,4,0.3349594,10.226987,949.70233,11.002446,167.33272,0.05,11.466097,1267.0613
+3C,337,2017,4,0.41595837,9.235896,1187.5801,10.256063,170.85896,0.05,10.672816,1289.9398
+3C,337,2018,4,0.3792001,9.290328,1073.4575,10.149874,169.54141,0.05,10.583682,1281.5322
+3C,337,2019,4,0.41010773,9.4712105,1201.6299,10.486374,175.22429,0.05,10.908599,1323.5645
+3C,338,2015,4,0.41849434,16.194054,951.7961,17.500786,158.38515,0.05,18.523968,1188.8436
+3C,338,2016,4,0.4056544,15.520371,885.20123,16.779667,149.79106,0.05,17.63171,1132.0011
+3C,338,2017,4,0.44418097,16.000166,993.55743,17.269907,158.43443,0.05,18.284908,1193.5417
+3C,338,2018,4,0.47694784,14.252029,1118.9282,15.753805,159.52618,0.05,16.67053,1199.6438
+3C,338,2019,4,0.4313395,16.4888,1032.2842,17.775024,162.64606,0.05,18.678627,1220.1525
+3C,339,2015,4,0.47405025,9.214034,1265.0011,10.913638,149.0319,0.05,11.220268,1167.7994
+3C,339,2016,4,0.414262,8.768561,1212.6807,9.917036,164.09007,0.05,10.153945,1276.0984
+3C,339,2017,4,0.28715307,9.655946,832.0781,10.580035,157.94249,0.05,10.863065,1231.3972
+3C,339,2018,4,0.49463338,7.79354,1417.8221,9.100543,158.99261,0.05,9.287267,1238.713
+3C,339,2019,4,0.4789773,4.8036003,1340.7195,5.132763,153.51163,0.05,5.1570024,1198.8463
+3C,340,2015,4,0.23635568,13.13696,644.153,13.902355,157.15564,0.05,14.436349,1211.6881
+3C,340,2016,4,0.21198794,14.415557,605.0811,15.633655,164.57684,0.05,16.51098,1263.491
+3C,340,2017,4,0.21125783,13.803493,602.2548,14.886855,161.73787,0.05,15.595608,1248.0587
+3C,340,2018,4,0.19414021,13.416956,607.4762,14.467278,174.09647,0.05,15.219091,1335.2529
+3C,340,2019,4,0.27021268,10.36655,800.473,11.208304,167.30785,0.05,11.641785,1285.7223
+3C,341,2015,4,0.37773108,13.332841,990.99414,14.538275,167.32489,0.05,15.096101,1243.9038
+3C,341,2016,4,0.46940678,9.765816,1300.4268,10.785809,174.57523,0.05,11.198776,1293.523
+3C,341,2017,4,0.5094733,6.074027,1431.862,6.7424307,174.13377,0.05,7.0041814,1294.356
+3C,341,2018,4,0.37500906,10.709919,1061.9933,11.377761,175.22955,0.05,11.8085575,1294.1587
+3C,341,2019,4,0.31683874,12.581811,874.9929,13.40324,171.46394,0.05,14.066305,1271.3256
+3C,342,2015,4,0.43037033,9.498111,788.8845,10.175068,123.07848,0.05,10.589594,931.0168
+3C,342,2016,4,0.32349306,11.569852,590.5412,11.913536,120.685074,0.05,12.268397,914.991
+3C,342,2017,4,0.3204802,12.580922,572.3419,12.950799,119.315315,0.05,13.35456,907.05054
+3C,342,2018,4,0.343718,11.971867,684.3302,12.461305,133.20668,0.05,12.906409,997.1966
+3C,342,2019,4,0.33551034,12.997884,637.6973,13.834003,128.02583,0.05,14.312315,963.747
+3C,343,2015,4,0.2505872,11.589931,425.63876,13.148123,98.04549,0.05,13.860047,774.60474
+3C,343,2016,4,0.2759094,12.038791,466.8797,13.677591,101.405624,0.05,14.431853,796.1672
+3C,343,2017,4,0.24889326,13.693856,438.1702,15.0506735,107.35852,0.05,15.873191,842.1569
+3C,343,2018,4,0.2899814,12.540689,497.41953,14.386286,102.59995,0.05,15.145957,806.73535
+3C,343,2019,4,0.27926663,11.741269,495.93005,13.444989,104.809586,0.05,14.230957,819.9015
+3C,344,2015,4,0.572657,4.3973002,1641.8811,4.741243,161.74101,0.05,4.797066,1252.2135
+3C,344,2016,4,0.5550058,5.4187884,1586.6729,5.7385774,162.83673,0.05,5.765206,1260.6774
+3C,344,2017,4,0.5829111,5.011264,1614.7922,5.7853928,156.53073,0.05,5.897802,1212.474
+3C,344,2018,4,0.59438425,1.8680384,1767.029,2.0436757,164.77654,0.05,2.0703747,1275.0813
+3C,344,2019,4,0.5557765,1.5438209,1568.5725,1.4441662,154.12587,0.05,1.42595,1195.9215
+3C,345,2015,4,0.42600662,11.434865,882.6857,12.061266,142.21107,0.05,12.679612,1065.3618
+3C,345,2016,4,0.35832438,14.85001,677.0904,15.679182,130.60686,0.05,16.213562,986.06757
+3C,345,2017,4,0.39713398,10.610738,789.1887,11.330249,134.84612,0.05,11.898239,1015.80035
+3C,345,2018,4,0.3526239,14.165952,733.9572,14.549814,145.12994,0.05,15.166694,1084.3372
+3C,345,2019,4,0.39033824,13.903274,769.8777,14.771342,135.22844,0.05,15.321961,1015.6439
+3C,346,2015,4,0.52617097,7.1642737,1571.6447,8.525167,179.69757,0.05,8.916424,1360.9254
+3C,346,2016,4,0.45998526,9.545069,1371.4291,10.778497,182.29237,0.05,11.247212,1373.7515
+3C,346,2017,4,0.5225502,7.58925,1592.2045,8.734368,186.50945,0.05,9.11225,1403.5414
+3C,346,2018,4,0.50378615,8.15636,1534.7839,9.213914,187.19193,0.05,9.57712,1407.2109
+3C,346,2019,4,0.5049368,8.41883,1554.3464,9.523529,187.96747,0.05,9.905613,1415.1356
+3C,347,2015,4,0.36128253,14.0062475,824.73303,15.703239,139.80472,0.05,16.106169,1071.8971
+3C,347,2016,4,0.39764416,14.139369,890.43555,16.683395,138.89125,0.05,17.494652,1066.2532
+3C,347,2017,4,0.37106368,11.799661,878.1086,12.932803,143.7361,0.05,13.311782,1098.0151
+3C,347,2018,4,0.37662807,13.465435,833.92426,15.749703,135.21727,0.05,16.396303,1042.7019
+3C,347,2019,4,0.36410543,12.246964,805.0463,13.733451,133.64265,0.05,14.149684,1028.5328
+3C,348,2015,4,0.40144634,10.302326,1029.687,11.752652,148.56148,0.05,12.132885,1151.8549
+3C,348,2016,4,0.5135451,10.116401,1384.4792,12.256187,158.76051,0.05,12.653114,1225.8673
+3C,348,2017,4,0.43912634,10.221466,1132.9839,12.017002,148.65466,0.05,12.40852,1152.3752
+3C,348,2018,4,0.47307444,9.582954,1257.4094,11.344237,153.39806,0.05,11.6932535,1186.6783
+3C,348,2019,4,0.4476496,9.20489,1155.9935,10.556097,149.97227,0.05,10.887901,1162.3262
+3C,349,2015,4,0.26498806,12.526747,888.4077,13.146776,200.49803,0.05,13.719908,1535.8931
+3C,349,2016,4,0.23425092,12.207357,761.2201,12.700223,193.76956,0.05,13.225491,1490.6162
+3C,349,2017,4,0.2317789,12.024499,710.3159,12.840304,184.74548,0.05,13.469822,1420.3608
+3C,349,2018,4,0.2350726,12.343414,735.8686,13.200874,189.03171,0.05,13.87846,1453.7896
+3C,349,2019,4,0.1422953,13.286495,463.62708,13.500604,195.31917,0.05,14.138627,1501.4626
+3C,350,2015,4,0.5590767,12.304598,1617.6697,13.47751,189.27827,0.05,14.010775,1424.5258
+3C,350,2016,4,0.5739271,9.107876,1723.66,10.021862,191.3591,0.05,10.47892,1440.9678
+3C,350,2017,4,0.5880588,8.745423,1733.7821,9.582645,187.99591,0.05,10.015627,1419.0464
+3C,350,2018,4,0.57396656,11.050342,1661.6548,12.3504505,187.44038,0.05,12.864317,1412.1599
+3C,350,2019,4,0.52379215,10.219721,1548.7461,11.208965,187.0283,0.05,11.725271,1406.725
+3C,351,2015,4,0.5986012,2.0477858,1868.9132,2.145932,174.6695,0.05,2.156524,1343.9746
+3C,351,2016,4,0.52374196,2.9314141,1613.4916,3.2678273,170.39975,0.05,3.3096144,1314.8495
+3C,351,2017,4,0.5908624,3.0312734,1772.9922,3.289791,167.29129,0.05,3.3268065,1291.7214
+3C,351,2018,4,0.5842381,1.0787153,1797.212,1.1559228,169.36646,0.05,1.166591,1305.1677
+3C,351,2019,4,0.5209261,1.1962644,1502.2428,1.3120179,156.66896,0.05,1.3255088,1214.3726
+3C,352,2015,4,0.3589243,10.138461,654.24817,10.141952,122.393394,0.05,10.363077,920.62854
+3C,352,2016,4,0.34871948,10.95206,630.0451,10.874079,123.014694,0.05,11.178951,927.26715
+3C,352,2017,4,0.2813285,14.029851,499.1029,15.1326065,124.56772,0.05,16.116722,934.3588
+3C,352,2018,4,0.3755769,9.558798,754.6438,9.495949,134.96596,0.05,9.793612,1007.1402
+3C,352,2019,4,0.3343507,12.223752,559.9036,12.415262,118.52242,0.05,12.770011,895.86346
+3C,353,2015,4,0.16276269,27.685566,467.14395,28.714333,183.37827,0.05,30.2702,1416.0566
+3C,353,2016,4,0.12900613,28.618662,374.23486,29.334074,185.12073,0.05,31.100685,1429.3789
+3C,353,2017,4,0.1346942,28.31046,377.28052,29.040712,181.21552,0.05,30.806883,1400.325
+3C,353,2018,4,0.15857336,28.37107,447.1248,29.56067,182.49812,0.05,31.355486,1408.8235
+3C,353,2019,4,0.1793086,27.236015,515.72925,28.694874,183.5012,0.05,30.030323,1414.2955
+3C,354,2015,4,0.24366246,14.724926,469.04614,16.156315,117.64186,0.05,17.003553,915.78644
+3C,354,2016,4,0.23372734,16.290941,439.09137,17.581089,119.92457,0.05,18.657665,930.99506
+3C,354,2017,4,0.15900216,16.153368,316.58255,16.71607,124.08826,0.05,17.771088,959.11554
+3C,354,2018,4,0.23903257,14.3520565,432.7693,15.746044,111.73872,0.05,16.671078,872.1858
+3C,354,2019,4,0.22982815,13.734179,412.41644,15.018383,110.28354,0.05,15.932905,860.17664
+3C,355,2015,4,0.59898823,1.6620803,1891.6053,1.7320703,176.22096,0.05,1.7313381,1355.4009
+3C,355,2016,4,0.58287686,3.3983624,1762.7146,3.7519493,169.7964,0.05,3.7990448,1310.7604
+3C,355,2017,4,0.584648,3.5750866,1727.5693,3.9547582,165.07559,0.05,3.9987574,1273.9316
+3C,355,2018,4,0.5165153,0.9854476,1597.0089,1.033984,168.14708,0.05,1.0385563,1294.9426
+3C,355,2019,4,0.51371485,1.6486293,1466.9415,1.7768161,155.72823,0.05,1.7856371,1207.4403
+3C,356,2015,4,0.45873603,12.767448,989.2776,13.934418,148.5553,0.05,14.60646,1113.0948
+3C,356,2016,4,0.4542803,12.842451,909.984,13.911381,136.0877,0.05,14.507679,1031.0219
+3C,356,2017,4,0.47257367,12.204403,971.6168,13.058123,142.20673,0.05,13.62432,1070.317
+3C,356,2018,4,0.48131368,10.526077,1083.3428,10.961159,154.57051,0.05,11.489732,1158.3058
+3C,356,2019,4,0.43425375,13.486708,907.507,14.59662,146.94116,0.05,15.211899,1099.2444
+3C,357,2015,4,0.5148333,7.617711,1323.4589,7.984385,161.97812,0.05,8.180838,1223.1168
+3C,357,2016,4,0.40938038,9.058042,1025.8209,10.566711,158.05836,0.05,11.110535,1200.2858
+3C,357,2017,4,0.53647345,8.590137,1343.4124,10.035833,164.03271,0.05,10.222229,1237.85
+3C,357,2018,4,0.35309905,9.381783,898.65875,9.796492,158.37096,0.05,9.9996195,1199.7474
+3C,357,2019,4,0.5080243,8.024622,1340.2977,9.918993,167.03026,0.05,10.312454,1256.86
+3C,358,2015,4,0.44440827,12.808429,829.18805,13.056771,129.24162,0.05,13.494771,976.7897
+3C,358,2016,4,0.3431587,16.587172,653.07153,16.588196,133.2205,0.05,16.932602,1007.76996
+3C,358,2017,4,0.35419226,17.573723,647.3239,18.314522,132.79039,0.05,18.79023,1006.5133
+3C,358,2018,4,0.35857219,16.766212,707.2162,17.470392,135.66605,0.05,17.924665,1023.0803
+3C,358,2019,4,0.38169214,15.626302,739.2331,17.189278,132.94177,0.05,17.898996,1002.9535
+3C,359,2015,4,0.5438359,12.9131775,1901.9949,14.396448,214.57922,0.05,14.863156,1637.7463
+3C,359,2016,4,0.51004916,11.490833,1836.5558,12.9595375,216.54855,0.05,13.358943,1652.886
+3C,359,2017,4,0.54966444,9.563188,1951.5785,10.624733,213.73274,0.05,11.048711,1632.509
+3C,359,2018,4,0.44028932,13.908436,1543.2373,16.092518,211.22823,0.05,16.862703,1614.8776
+3C,359,2019,4,0.5432992,9.989054,1883.0433,10.585503,206.52286,0.05,10.875713,1582.9127
+3C,360,2015,4,0.23116212,11.667782,559.592,12.975097,137.96152,0.05,13.7203865,1069.1608
+3C,360,2016,4,0.2187203,12.138759,576.3958,13.373247,150.11392,0.05,14.123506,1155.944
+3C,360,2017,4,0.22614585,11.6897545,574.71136,12.9764805,143.45547,0.05,13.743575,1111.3474
+3C,360,2018,4,0.19640411,11.110831,553.80206,12.1017275,156.1637,0.05,12.753834,1199.5078
+3C,360,2019,4,0.23852684,9.931708,614.7077,10.6757555,144.66135,0.05,11.070647,1117.2808
+3C,361,2015,4,0.3421537,10.159756,856.5638,11.4959135,143.44154,0.05,11.947197,1101.3627
+3C,361,2016,4,0.30901256,12.273833,773.72144,13.648032,145.87064,0.05,14.222159,1118.2817
+3C,361,2017,4,0.3753046,9.895873,990.2146,11.262647,153.48296,0.05,11.715748,1167.1289
+3C,361,2018,4,0.36082023,8.111889,943.9048,9.053959,151.95227,0.05,9.4190645,1159.2802
+3C,361,2019,4,0.42572102,6.7435102,1141.683,7.786295,152.28407,0.05,8.066699,1164.9451
+3C,362,2015,4,0.23039004,12.635171,438.67783,13.893795,114.27785,0.05,14.740294,891.92377
+3C,362,2016,4,0.1825199,14.532619,339.22598,15.25406,116.71065,0.05,16.214941,906.1324
+3C,362,2017,4,0.13797311,15.157526,258.61533,15.504033,118.05927,0.05,16.480585,913.6162
+3C,362,2018,4,0.22352415,12.91135,416.40784,14.128802,112.62517,0.05,14.985544,877.2436
+3C,362,2019,4,0.32327357,12.068376,616.54333,14.082672,115.22897,0.05,14.944235,895.80194
+3C,363,2015,4,0.42492738,17.152838,1519.2699,19.016953,220.59122,0.05,19.87258,1683.0399
+3C,363,2016,4,0.31426823,17.194458,1114.0536,18.641047,213.2323,0.05,19.49621,1626.3502
+3C,363,2017,4,0.32378376,18.240171,1155.3108,19.700573,217.97168,0.05,20.565248,1661.7292
+3C,363,2018,4,0.22738601,19.310266,805.5947,20.47997,213.01892,0.05,21.720234,1624.6748
+3C,363,2019,4,0.23167838,18.408676,848.4874,19.539919,217.02142,0.05,20.675665,1653.2323
+3C,364,2015,4,0.5956079,2.7531679,1772.2853,2.852117,166.66272,0.05,2.859953,1287.1621
+3C,364,2016,4,0.53735155,2.3800907,1603.4316,2.497425,164.95776,0.05,2.5100389,1275.5079
+3C,364,2017,4,0.59019387,2.8159444,1721.9203,2.9881759,161.99713,0.05,3.0197706,1254.8477
+3C,364,2018,4,0.5918959,1.0649995,1764.8829,1.1881,162.42194,0.05,1.2011564,1257.5859
+3C,364,2019,4,0.5515834,0.997717,1577.3994,1.0529838,154.81839,0.05,1.0545578,1202.4722
+3C,365,2015,4,0.37095,12.160976,690.39636,12.562778,128.04895,0.05,12.979498,957.56555
+3C,365,2016,4,0.31001854,14.06374,543.4576,14.637817,124.94658,0.05,15.078375,943.29047
+3C,365,2017,4,0.31553254,13.434142,606.7751,13.4544325,132.7384,0.05,13.795034,992.6658
+3C,365,2018,4,0.37319487,10.757141,784.90393,10.804449,146.7487,0.05,11.150224,1089.7347
+3C,365,2019,4,0.35340476,12.389166,653.4875,12.5926075,130.1819,0.05,12.985464,974.3853
+3C,366,2015,4,0.5759871,7.616769,1538.3468,9.63159,153.05539,0.05,10.148572,1195.8164
+3C,366,2016,4,0.51886773,10.01309,1355.577,11.713434,155.64099,0.05,12.3788185,1213.2966
+3C,366,2017,4,0.4557615,10.410793,1183.3125,12.32916,153.21152,0.05,13.0150175,1197.0719
+3C,366,2018,4,0.561972,10.47329,1493.6147,12.580996,159.67102,0.05,13.339884,1243.6675
+3C,366,2019,4,0.38651922,12.107789,969.29114,13.601189,150.93219,0.05,14.301031,1178.3235
+3C,367,2015,4,0.42811435,11.343099,772.97894,11.773186,122.78373,0.05,12.202817,928.8242
+3C,367,2016,4,0.36187652,11.79354,645.97546,11.990289,120.98317,0.05,12.32088,916.0006
+3C,367,2017,4,0.33437088,11.440245,565.1366,12.250486,113.69282,0.05,12.747453,867.1492
+3C,367,2018,4,0.40478304,11.017142,791.7959,11.4572115,134.59389,0.05,11.917686,1007.94867
+3C,367,2019,4,0.41913575,11.084681,804.07385,11.478644,127.63459,0.05,11.902669,961.76917
+3C,368,2015,4,0.22281434,12.245145,402.05835,13.478488,106.306404,0.05,14.247043,834.3108
+3C,368,2016,4,0.19098966,13.114627,333.48257,13.95122,106.775215,0.05,14.769426,833.1158
+3C,368,2017,4,0.21457727,14.745098,389.77545,15.855263,113.36661,0.05,16.772558,881.6563
+3C,368,2018,4,0.22982147,12.771479,412.3026,14.084603,107.4723,0.05,14.889159,839.22345
+3C,368,2019,4,0.28807873,13.034616,529.54706,14.785544,112.093475,0.05,15.669685,872.7012
+3C,369,2015,4,0.45481423,11.768167,919.55023,13.862302,124.25657,0.05,14.391557,960.5023
+3C,369,2016,4,0.53765184,10.255848,1077.8173,12.211392,125.68189,0.05,12.669219,970.65027
+3C,369,2017,4,0.4438559,10.440271,937.0275,12.215959,130.0013,0.05,12.696768,999.57117
+3C,369,2018,4,0.49253026,9.853451,955.50305,11.998595,117.8921,0.05,12.438476,916.0016
+3C,369,2019,4,0.44504952,9.747439,850.0683,11.678353,115.51528,0.05,12.145116,895.8112
+3C,370,2015,4,0.43880752,12.545408,890.4234,13.269245,142.23648,0.05,13.864106,1065.5199
+3C,370,2016,4,0.3816627,14.807459,716.08276,15.981799,130.61061,0.05,16.46408,986.06323
+3C,370,2017,4,0.4203261,9.907143,831.00543,10.480339,134.79492,0.05,10.964758,1015.3744
+3C,370,2018,4,0.37981966,13.399335,785.76855,13.655688,145.12366,0.05,14.172324,1084.238
+3C,370,2019,4,0.41555882,13.003154,817.7111,13.838151,135.15492,0.05,14.304348,1015.05896
+3C,371,2015,4,0.5604157,7.7495446,1449.3505,8.092415,171.9222,0.05,8.534225,1289.624
+3C,371,2016,4,0.50959396,9.442419,1187.9856,9.567842,161.0666,0.05,9.956804,1212.484
+3C,371,2017,4,0.53716457,9.943838,1214.5001,10.262454,159.91115,0.05,10.7149515,1207.3074
+3C,371,2018,4,0.5253311,10.330404,1265.352,10.547521,166.9276,0.05,11.003012,1254.501
+3C,371,2019,4,0.49953836,8.885287,1246.08,9.119987,166.7117,0.05,9.569106,1253.0999
+3C,372,2015,4,0.3885468,9.658106,1007.6452,9.8906355,161.87941,0.05,10.163403,1199.4832
+3C,372,2016,4,0.28610027,13.339675,715.68066,14.860361,156.47694,0.05,15.7185755,1155.0547
+3C,372,2017,4,0.33233896,11.077374,887.3015,11.156207,167.57353,0.05,11.413291,1232.0068
+3C,372,2018,4,0.30000535,12.937728,791.1408,13.787494,165.92107,0.05,14.516799,1222.9263
+3C,372,2019,4,0.2586291,13.066564,674.3558,14.447515,159.58876,0.05,15.279367,1174.1368
+3C,373,2015,4,0.25253892,14.296804,507.05698,15.123222,129.41745,0.05,15.963135,981.32306
+3C,373,2016,4,0.23026966,15.298137,442.3846,16.411865,122.84649,0.05,17.327335,929.7804
+3C,373,2017,4,0.24469349,15.413515,476.8426,16.21544,125.56477,0.05,17.083017,955.6424
+3C,373,2018,4,0.25682542,16.468437,540.9737,17.369184,139.3718,0.05,18.292171,1047.2266
+3C,373,2019,4,0.252597,14.8714485,512.30225,15.679337,131.20517,0.05,16.53498,993.2192
+3C,374,2015,4,0.46857646,13.970118,937.9785,14.350222,138.97566,0.05,14.863923,1056.6306
+3C,374,2016,4,0.36054507,18.334965,737.2386,20.01498,142.86943,0.05,20.847462,1085.3076
+3C,374,2017,4,0.44045293,15.414052,881.7747,16.069048,139.74217,0.05,16.59613,1067.7611
+3C,374,2018,4,0.38986698,16.399035,850.85956,17.611954,148.06633,0.05,18.327826,1120.2762
+3C,374,2019,4,0.43760243,15.854594,928.10815,17.835535,144.86925,0.05,18.617558,1096.0553
+3C,375,2015,4,0.39451897,10.70977,770.25287,11.15468,129.13568,0.05,11.540569,972.4768
+3C,375,2016,4,0.29133457,14.735172,539.24866,15.425549,128.06496,0.05,15.7797365,971.74744
+3C,375,2017,4,0.31254855,14.309944,614.8369,14.307306,133.44359,0.05,14.632271,1007.476
+3C,375,2018,4,0.35366973,12.036804,757.69525,12.169334,146.76494,0.05,12.501952,1097.6276
+3C,375,2019,4,0.3557878,11.862704,706.11914,12.382708,133.24141,0.05,12.78105,1001.7471
+3C,376,2015,4,0.5549943,8.864592,1461.7233,11.27706,151.85599,0.05,11.920051,1185.35
+3C,376,2016,4,0.4185467,12.052898,1076.6333,13.740677,151.96968,0.05,14.568461,1184.7654
+3C,376,2017,4,0.31145993,12.588305,802.65106,13.93797,151.06882,0.05,14.748198,1180.6217
+3C,376,2018,4,0.51834255,12.139338,1350.7925,14.593379,156.33658,0.05,15.511521,1216.8484
+3C,376,2019,4,0.27994627,13.028435,700.3361,14.300756,147.52513,0.05,15.160375,1150.6863
+3C,377,2015,4,0.44931367,13.042037,969.52356,14.136013,148.90123,0.05,14.798986,1115.727
+3C,377,2016,4,0.44133845,13.174522,883.5027,14.11506,136.35103,0.05,14.656507,1033.0425
+3C,377,2017,4,0.4725031,11.691378,975.58563,12.557188,142.44664,0.05,13.073132,1072.1512
+3C,377,2018,4,0.4800868,10.206877,1080.6791,10.604234,154.79257,0.05,11.126297,1159.9949
+3C,377,2019,4,0.4289047,13.197676,899.60504,13.834152,147.144,0.05,14.451706,1100.7916
+3C,378,2015,4,0.27113035,12.936245,966.28424,13.924857,215.98807,0.05,14.733404,1652.5823
+3C,378,2016,4,0.23802647,13.740362,884.0714,14.495642,224.10434,0.05,15.245666,1711.7185
+3C,378,2017,4,0.24539512,13.2159195,883.4132,13.80174,217.09218,0.05,14.461503,1661.2968
+3C,378,2018,4,0.15173323,13.318023,559.64856,13.596262,218.261,0.05,14.469159,1670.2544
+3C,378,2019,4,0.23465018,12.814761,813.5856,13.509823,208.58884,0.05,14.271789,1601.4803
+3C,379,2015,4,0.59652054,6.2549043,1748.6667,7.8740973,171.01231,0.05,8.290414,1310.8611
+3C,379,2016,4,0.5989353,6.1987915,1770.5631,7.558853,171.98323,0.05,7.9646716,1323.8391
+3C,379,2017,4,0.5988118,5.50143,1790.769,6.874754,172.19138,0.05,7.290346,1326.031
+3C,379,2018,4,0.5991493,5.279903,1775.907,6.4442887,168.96196,0.05,6.7916102,1304.5864
+3C,379,2019,4,0.5959844,5.337223,1701.9705,6.601321,165.73566,0.05,7.0154862,1277.5737
+3C,380,2015,4,0.5827453,7.799142,1564.1709,9.881116,155.50125,0.05,10.43544,1207.6953
+3C,380,2016,4,0.52919215,10.251702,1363.4072,12.048067,154.45743,0.05,12.738222,1200.1906
+3C,380,2017,4,0.49547306,9.350574,1312.7017,11.247189,154.43335,0.05,11.8694,1201.9614
+3C,380,2018,4,0.5676079,10.208963,1496.2662,12.465572,157.86015,0.05,13.231438,1223.8665
+3C,380,2019,4,0.37402996,10.839217,929.5686,12.295649,146.31874,0.05,13.001057,1136.2338
+3C,381,2015,4,0.43113267,8.570543,802.5733,9.192126,124.7138,0.05,9.581169,938.75494
+3C,381,2016,4,0.33157507,11.975939,590.76056,12.184545,119.85831,0.05,12.506993,906.63245
+3C,381,2017,4,0.29482925,12.450525,531.67377,12.531797,120.43571,0.05,12.833282,912.52045
+3C,381,2018,4,0.30918202,12.856087,615.0653,13.455403,134.46327,0.05,13.958332,1004.09106
+3C,381,2019,4,0.34388155,11.13919,632.3789,11.720373,121.88023,0.05,12.103329,918.30225
+3C,382,2015,4,0.59268636,11.8273535,2175.512,13.297049,230.31534,0.05,13.738756,1751.3855
+3C,382,2016,4,0.5792047,12.821904,2157.9238,14.323849,232.15065,0.05,14.8486185,1764.6787
+3C,382,2017,4,0.582477,12.162106,2136.16,13.580641,229.04018,0.05,14.145979,1743.339
+3C,382,2018,4,0.43256605,17.69577,1564.961,19.90731,226.49303,0.05,20.919565,1725.8989
+3C,382,2019,4,0.5940635,8.976603,2162.3923,9.545387,220.4916,0.05,9.848208,1682.7782
+3C,383,2015,4,0.1766264,20.078394,443.46808,21.06072,153.54266,0.05,22.3082,1185.062
+3C,383,2016,4,0.19425422,20.835056,495.8528,22.0093,157.73514,0.05,23.348328,1218.0632
+3C,383,2017,4,0.20090204,20.26903,504.8808,21.57532,155.27655,0.05,22.770752,1198.8608
+3C,383,2018,4,0.22745307,20.611906,581.2594,21.652689,162.9959,0.05,22.62928,1256.0223
+3C,383,2019,4,0.35092464,18.216957,963.1987,20.692898,172.09784,0.05,21.599482,1319.1161
+3C,384,2015,4,0.24927917,12.712673,464.53073,14.249519,109.65114,0.05,15.015364,860.51025
+3C,384,2016,4,0.23073538,15.085994,414.95645,16.400099,112.26502,0.05,17.396042,877.6857
+3C,384,2017,4,0.26157817,13.158429,519.88666,13.907921,120.58164,0.05,14.38093,940.5042
+3C,384,2018,4,0.25729764,13.791256,466.64227,15.238429,110.4922,0.05,15.942521,865.2116
+3C,384,2019,4,0.26333097,11.498349,507.14734,12.822262,112.15351,0.05,13.413848,877.3693
+3C,385,2015,4,0.28073224,11.015453,462.45984,11.12869,111.35189,0.05,11.370666,840.32983
+3C,385,2016,4,0.33178937,10.195268,642.91815,9.928724,132.50143,0.05,10.173522,989.5164
+3C,385,2017,4,0.28036678,12.170309,500.1942,13.247525,120.52574,0.05,14.074446,904.815
+3C,385,2018,4,0.30649558,12.391195,555.8255,12.766694,123.46115,0.05,13.006832,926.96674
+3C,385,2019,4,0.269492,12.0661745,405.82065,13.067229,104.93608,0.05,13.760136,799.7092
+3C,386,2015,4,0.22989851,12.924875,528.7793,13.76286,132.97935,0.05,14.300842,1032.957
+3C,386,2016,4,0.231927,14.280798,531.53076,15.390353,134.77322,0.05,16.13438,1047.9563
+3C,386,2017,4,0.2231304,11.211892,530.1722,11.78623,136.8529,0.05,12.211267,1063.2573
+3C,386,2018,4,0.2442951,12.245519,616.1266,13.033578,144.84575,0.05,13.572134,1123.3525
+3C,386,2019,4,0.26780394,8.700564,668.46814,9.227124,141.43237,0.05,9.546857,1097.362
+3C,387,2015,4,0.4409618,12.669806,876.7491,13.164327,138.95302,0.05,13.65674,1043.6292
+3C,387,2016,4,0.32645717,14.563907,644.1476,15.419702,135.093,0.05,15.961081,1021.645
+3C,387,2017,4,0.44163144,10.028092,928.5718,10.467274,137.75279,0.05,10.877346,1038.7196
+3C,387,2018,4,0.43503043,12.016771,932.55206,12.521295,148.6169,0.05,12.991408,1110.3563
+3C,387,2019,4,0.44281375,10.612814,950.6648,11.538089,143.15536,0.05,12.043712,1071.0837
+3C,388,2015,4,0.34244412,12.347289,590.17377,12.630851,122.85723,0.05,12.956005,920.61127
+3C,388,2016,4,0.2896898,13.911308,474.958,14.723773,117.84283,0.05,15.125454,888.36896
+3C,388,2017,4,0.29392728,13.066947,510.15756,13.961433,120.633865,0.05,14.514924,905.34546
+3C,388,2018,4,0.33625102,10.666821,644.9721,10.531674,134.82196,0.05,10.762679,1002.01056
+3C,388,2019,4,0.32805607,11.93262,561.2478,12.35638,119.86391,0.05,12.6951065,899.7436
+3C,389,2015,4,0.4337474,11.709945,1134.142,12.833761,166.8052,0.05,13.296827,1239.9292
+3C,389,2016,4,0.4990066,8.642306,1383.5056,9.869363,174.24226,0.05,10.280956,1290.9794
+3C,389,2017,4,0.5184075,5.958309,1451.2031,6.871637,173.71306,0.05,7.180136,1291.1997
+3C,389,2018,4,0.3982596,10.561603,1118.6727,11.445544,174.7848,0.05,11.906914,1290.8365
+3C,389,2019,4,0.36042866,11.898225,988.3064,12.8881445,171.19405,0.05,13.504012,1269.2147
+3C,390,2015,4,0.31228194,10.732251,554.54333,10.6995325,120.477135,0.05,10.927751,906.68787
+3C,390,2016,4,0.34679443,10.280457,673.3505,10.358316,133.00291,0.05,10.678227,997.126
+3C,390,2017,4,0.2970538,13.236752,544.3999,14.345098,125.66504,0.05,15.109868,943.9157
+3C,390,2018,4,0.32347852,11.82206,636.82947,11.4730625,134.14674,0.05,11.711128,1002.0058
+3C,390,2019,4,0.29515612,12.719625,476.02002,13.476884,113.331184,0.05,13.924246,864.0939
+3C,391,2015,4,0.31874076,10.455231,631.8132,10.316764,134.03825,0.05,10.54253,997.26404
+3C,391,2016,4,0.31461427,10.382007,656.9415,10.560415,133.17102,0.05,10.801104,993.92584
+3C,391,2017,4,0.29330388,9.382793,554.6441,9.593506,124.09986,0.05,9.865246,932.80176
+3C,391,2018,4,0.29534218,9.839902,574.8364,9.965255,129.96327,0.05,10.215272,972.0799
+3C,391,2019,4,0.32654616,8.724226,662.171,8.545972,129.19405,0.05,8.7483,966.15283
+3C,392,2015,4,0.34563568,9.548367,639.08563,9.420605,118.65062,0.05,9.590165,904.0877
+3C,392,2016,4,0.3247738,12.827241,592.7676,12.941619,118.29097,0.05,13.1428175,896.50006
+3C,392,2017,4,0.24832289,14.228778,405.75455,15.530799,110.9409,0.05,16.19124,847.61224
+3C,392,2018,4,0.39650828,10.863798,753.1307,11.230394,130.50778,0.05,11.536686,980.7682
+3C,392,2019,4,0.33609352,12.194086,633.0605,13.077405,124.44738,0.05,13.534151,939.82574
+3C,393,2015,4,0.45030308,11.992263,956.7725,12.80771,145.94719,0.05,13.379834,1093.9092
+3C,393,2016,4,0.38121375,14.327514,741.5682,15.274626,132.88869,0.05,15.776022,1006.5789
+3C,393,2017,4,0.44958153,11.276869,927.12354,12.252348,140.05008,0.05,12.798837,1053.6061
+3C,393,2018,4,0.44108403,11.480303,980.1934,11.65775,152.24126,0.05,12.140877,1140.1848
+3C,393,2019,4,0.43477687,12.340473,902.8918,12.683768,143.88498,0.05,13.155722,1077.7438
+3C,394,2015,4,0.43233743,8.565813,795.874,9.031234,120.35271,0.05,9.404874,910.7017
+3C,394,2016,4,0.35289702,11.106463,632.725,11.388205,119.47765,0.05,11.7543955,904.1512
+3C,394,2017,4,0.2971471,14.384857,474.4585,15.03337,111.881584,0.05,15.494137,851.5417
+3C,394,2018,4,0.39989018,10.995729,760.37305,11.349636,133.06123,0.05,11.820362,996.23755
+3C,394,2019,4,0.41676298,9.887088,787.6871,10.30815,125.51483,0.05,10.741636,945.1282
+3C,395,2015,4,0.5516099,7.8476954,1529.0621,8.55324,180.3801,0.05,8.91247,1355.5768
+3C,395,2016,4,0.5740778,7.79277,1626.6433,8.119181,188.6273,0.05,8.541085,1413.6704
+3C,395,2017,4,0.5677664,7.062035,1597.6366,7.168572,183.03848,0.05,7.49823,1376.9442
+3C,395,2018,4,0.57361954,8.480078,1612.2322,8.812713,187.4835,0.05,9.243828,1405.0554
+3C,395,2019,4,0.56224656,7.8527846,1622.0531,8.571368,189.36186,0.05,9.014174,1418.0531
+3C,396,2015,4,0.20581666,12.126167,354.57117,13.226506,101.56831,0.05,14.005127,798.2269
+3C,396,2016,4,0.16264938,13.04865,279.39072,13.657947,104.468864,0.05,14.486525,815.7738
+3C,396,2017,4,0.16760479,14.857492,292.07538,15.544709,109.31274,0.05,16.484514,850.8981
+3C,396,2018,4,0.2006148,12.497397,346.08545,13.554283,102.83433,0.05,14.354332,804.8329
+3C,396,2019,4,0.2430122,12.5429945,431.43066,13.861459,106.99331,0.05,14.708141,833.5749
+3C,397,2015,4,0.5534787,6.893011,1674.7778,8.494296,184.03816,0.05,8.935743,1393.4326
+3C,397,2016,4,0.56768423,6.695314,1741.4812,7.7911882,189.01324,0.05,8.172714,1425.9215
+3C,397,2017,4,0.5623925,6.9763966,1755.7825,8.44858,191.26123,0.05,8.889889,1440.6136
+3C,397,2018,4,0.54360896,6.9109693,1659.4307,8.259054,184.52364,0.05,8.624933,1392.969
+3C,397,2019,4,0.5437012,7.950523,1683.0419,9.508862,188.35703,0.05,9.956051,1421.12
+3C,398,2015,4,0.33168966,10.266536,834.9958,11.415132,143.27705,0.05,11.808569,1113.3927
+3C,398,2016,4,0.3435301,10.339877,925.5036,11.690705,152.8595,0.05,12.086584,1181.9174
+3C,398,2017,4,0.28354415,11.734025,717.8813,12.898844,144.62515,0.05,13.353218,1122.476
+3C,398,2018,4,0.38863683,10.650438,1031.8674,12.105206,152.11855,0.05,12.473777,1177.7374
+3C,398,2019,4,0.27482662,10.5732975,713.27423,11.363742,147.74417,0.05,11.723607,1147.1814
+3C,399,2015,4,0.59761876,2.382595,1968.7418,2.408752,186.19186,0.05,2.4149055,1426.5923
+3C,399,2016,4,0.57928365,2.7858987,1850.6914,3.078156,179.68161,0.05,3.1148703,1380.6423
+3C,399,2017,4,0.5977258,2.3089721,1871.2125,2.4343374,174.02965,0.05,2.4374402,1339.6533
+3C,399,2018,4,0.5663842,1.2505409,1824.951,1.3839607,177.91121,0.05,1.4019238,1365.9545
+3C,399,2019,4,0.5501398,1.9555986,1632.6085,2.2479842,163.97913,0.05,2.2812874,1267.7737
